op_id,well_family,pdf_path,report_date,start_time,end_depth_md,main_activity,sub_activity,state,severity_score,severity_contributors,remark
1373,15_9_19,C:\Users\user\Downloads\eilink_ra_ds\eilink_ra_ds\data\raw_pdfs\15_9_19_BT2_1998_01_29.pdf,1998-01-29,11:00,108.0,plug abando,,fail,22,STUCK_PIPE(+8)|FISHING(+6)|text:overpull(+3)|state:fail(+5),"MU 13 3/8"" SPEAR/PACK-OFF ASSEMBLY. ENGAGED 13 3/8"" CASING BELOW WELL- HEAD. UNABLE TO PULL 13 3/8"" CASING FREE WITH 154 MT OVERPULL. ESTABLISHED n -- cut INJECTION - 680 LPM AT 16 BAR. RELEASED SPEAR AND POOH."
8927,15_9_F_14,C:\Users\user\Downloads\eilink_ra_ds\eilink_ra_ds\data\raw_pdfs\15_9_F_14_2008_06_17.pdf,2008-06-17,23:15,2222.0,interruption,other,ok,21,WELL_CONTROL(+10)|EQUIPMENT_FAILURE(+4)|FISHING(+6)|REPAIR(+1),Found error in software. Cycled the Iron roughneck and re-booted the software. Equipment Failure Information Start time Depth mMD Depth mTVD Sub Equip -- Syst Class Operation Downtime ((min)) Equipment Repaired Remark 00:00 600 well control equ syst -- other 0 00:00 Found Overshot Packer leaking fluid and Koomy unit level dropped a little.
6944,15_9_F_12,C:\Users\user\Downloads\eilink_ra_ds\eilink_ra_ds\data\raw_pdfs\15_9_F_12_2007_09_11.pdf,2007-09-11,14:30,0.0,interruption,waiting,ok,21,WELL_CONTROL(+10)|EQUIPMENT_FAILURE(+4)|FISHING(+6)|REPAIR(+1),Watied on weather. Meanwhile worked on PRS. on weather Equipment Failure Information Start time Depth mMD Depth mTVD Sub Equip -- Syst Class Operation Downtime ((min)) Equipment Repaired Remark 00:00 0 well control equ syst -- other 0 00:00 Not able to release overshot joint from BOP body 00:00 0 well control equ syst -- other 0 00:00 Problems with hydraulic pressure on BOP trolley
6345,15_9_F_12,C:\Users\user\Downloads\eilink_ra_ds\eilink_ra_ds\data\raw_pdfs\15_9_F_12_2007_07_20.pdf,2007-07-20,23:30,70.0,drilling,trip,ok,20,WELL_CONTROL(+10)|EQUIPMENT_FAILURE(+4)|FISHING(+6),"Continued to make up 17 1/2"" drilling BHA. Made up NM drillcollar. Equipment Failure Information Start time Depth mMD Depth mTVD Sub Equip -- Syst Class Operation Downtime ((min)) Equipment Repaired Remark 00:00 1262 pipe handling equ syst -- other 0 00:00 - 00:00 0 well control equ syst -- other 0 00:00 Had to tighten slickjoint/overshot connection on BOP 00:00 30 pipe handling equ syst -- vertical pipe handling equ syst 0 00:00 Burst hose on AFT PRS."
830,15_9_19,C:\Users\user\Downloads\eilink_ra_ds\eilink_ra_ds\data\raw_pdfs\15_9_19_B_1997_12_01.pdf,1997-12-01,20:00,2967.0,interrupti,,fail,18,TIGHT_HOLE(+3)|EQUIPMENT_FAILURE(+4)|FISHING(+6)|state:fail(+5),"FLOWCHECKED - SLIGHT GAIN, RATE OF GAIN FALLING. BEGAN POOH. NORMAL DRAG TO 3087M. TIGHT HOLE 3087M TO 3025M REQUIRED AS MUCH AS 50 TONS OVERPU on -- fish LL. TIGHT AT 3006M AND 2996M TO 2986M WHERE DRAG RETURNED TO NORMAL. HOLE DID NOT TAKE CORRECT FILL. CONT. POOH TO 2967M. BROKE CIRCULATION WITH 900 LPM, FULL RETURNS. PUMPED SLUG."
11026,15_9_F_15,C:\Users\user\Downloads\eilink_ra_ds\eilink_ra_ds\data\raw_pdfs\15_9_F_15_2008_12_09.pdf,2008-12-09,07:15,0.0,drilling,casing,ok,18,STUCK_PIPE(+8)|EQUIPMENT_FAILURE(+4)|FISHING(+6),"Broke and laid out 5 1/2"" HWDP and 8 1/4"" DC. Broke and laid down 10 3/4"" Bowen spear and pack off assy. Changed dies in PRS."
10419,15_9_F_15,C:\Users\user\Downloads\eilink_ra_ds\eilink_ra_ds\data\raw_pdfs\15_9_F_15_2008_09_21.pdf,2008-09-21,05:15,1381.0,interruptio,,ok,17,STUCK_PIPE(+8)|FISHING(+6)|text:overpull(+3),"Attempted to work string free. Not able to come down - string at TD. Attempted to come up - functioned jar twice. Attempted to work string free by applying torque up to 40 kNm and overpull n -- fish of 40 MT. Made way from 1381 m to 1376 m MD. Attempted to pump - hole still packed off. Bled off 27 bar pressure trapped on standpipe and heard loud roarring sound. Lost string weight - went to just above block weight. POOH with 5 1/2"" DP and found string screwed out underneath 6 m drilling pup joint. Laid out pup joint - found no damage on threads."
4869,15_9_F_11,C:\Users\user\Downloads\eilink_ra_ds\eilink_ra_ds\data\raw_pdfs\15_9_F_11_B_2015_10_27.pdf,2015-10-27,22:15,0.0,workover,wire line,ok,17,WELL_CONTROL(+10)|EQUIPMENT_FAILURE(+4)|REPAIR(+1)|text:swabbing(+2),"Inflow tested / leak tested swab to 20/345 bar for 5/10 min according to program. Leak tested kill wing manifold and hoses to 20/345 bar for 5/10 min. Equipment Failure Information Start Depth Sub Equip -- Syst Operation Equipment Remark time mMD mTVD Class Downtime ((min)) Repaired 00:00 0 well control equ syst - 0 00:00 xx - riser syst 00:00 3919 service equ -- other 0 00:00 Short circuit, loss of communication 00:00 3900 service equ -- other 0 00:00 Crossed wire on drum 00:00 0 service equ -- other 0 00:00 When pulling out of hole with wire line perforating assembly the wire line cable pulled out of the cablehead as the tool string was pulled into the toolcatcher. - No injuries or damage to equipment. When pulling out of hole the limit switch on the wirelin 00:00 4450 service equ -- other 0 00:00 Prelimenary: RIH to 4470 m and initiated CCL logging run. Pulled back to 4450 m, recorded 7000lbs surface tension. Lost communication. Attempted to switch to tractor and recorded high amps. Payed out wire ¿ NO Response. Wireline reel estimated to be fro"
2985,15_9_F_10,C:\Users\user\Downloads\eilink_ra_ds\eilink_ra_ds\data\raw_pdfs\15_9_F_10_2009_04_18.pdf,2009-04-18,07:30,1238.0,interruptio,,ok,17,STUCK_PIPE(+8)|FISHING(+6)|text:overpull(+3),"Attempted to RIH with 20"" casing / 18 3/4"" WH - negative. Worked to free pipe with alternating up/down weights, 50 MT set down / 60 MT overpull - negative - 20"" casing differential stuck. n -- fish String movement < 50 cm. Set down 50 MT weight. Installed split bowl and set casing in slips. Discussed situation, decided to attempt making up TDS and displace well from 1,40 sg KCl mud to seawater."
810,15_9_19,C:\Users\user\Downloads\eilink_ra_ds\eilink_ra_ds\data\raw_pdfs\15_9_19_B_1997_11_29.pdf,1997-11-29,06:00,3241.0,interruption --,,fail,16,FISHING(+6)|text:back-off(+5)|state:fail(+5),FINISHED RIGGING UP ATLAS WIRELINE TO RUN BACKOFF TOOL STRING THROUGH TOP DRIVE. HAD TO RE-RIG SHEAVES BECAUSE OF HIGH DRAG ON THE LO fish GGING CABLE. ATLAS RIH CHECKING UP WEIGHTS EVERY 500M.
809,15_9_19,C:\Users\user\Downloads\eilink_ra_ds\eilink_ra_ds\data\raw_pdfs\15_9_19_B_1997_11_29.pdf,1997-11-29,02:00,3241.0,interruption --,,fail,16,FISHING(+6)|text:back-off(+5)|state:fail(+5),RIGGED UP ATLAS TO RUN STRINGSHOT TO BACKOFF DRILL STRING. fish
814,15_9_19,C:\Users\user\Downloads\eilink_ra_ds\eilink_ra_ds\data\raw_pdfs\15_9_19_B_1997_11_29.pdf,1997-11-29,22:00,3241.0,interruption --,,fail,16,FISHING(+6)|text:back-off(+5)|state:fail(+5),ATLAS CONTINUED POOH WITH BACKOFF TOOL STRING AND R/D SAME. fish
4435,15_9_F_11,C:\Users\user\Downloads\eilink_ra_ds\eilink_ra_ds\data\raw_pdfs\15_9_F_11_B_2013_06_17.pdf,2013-06-17,15:15,167.0,interruption,other,ok,15,WELL_CONTROL(+10)|EQUIPMENT_FAILURE(+4)|REPAIR(+1),"Troubleshot brake release failure on top drive. Closed out fault seeking on electrical control system. Meanwhlie: Performed kick drill, rigged down drifting equipment from derrick. Serviced top drive / travelling block and dolly. Inspected and serviced PS21 slips. Prep ared handling equipment for next BHA. Performed general maintenance. Equipment Failure Information Start Depth Sub Equip -- Syst Class Operation Downtime Equipment Remark time mMD mTVD ((min)) Repaired 00:00 2808 pipe handling equ syst -- other 0 00:00 Trolley belt failure 00:00 4696 service equ -- special service e 0 00:00 To be updated when - Preliminary description qu After 3 sudden SPP increase of 5 bar and drop (volume in active pits increased and dropped at the same time) lost signal from all tools (no pulsing) at 20:45 10.06.2013 (depth-4519m MD). After recycling pumps"
1747,15_9_19,C:\Users\user\Downloads\eilink_ra_ds\eilink_ra_ds\data\raw_pdfs\15_9_19_S_1992_12_12.pdf,1992-12-12,20:00,2510.0,interruption,,fail,15,EQUIPMENT_FAILURE(+4)|FISHING(+6)|state:fail(+5),"RIGGED UP WIRELINE. RAN FREE-POINT INDICATOR. CHECKED AND CALIBRATED TOOL AT 1400M, OK. RAN IN TO 2512M, TOOL FAILURE. POOH. -- fish"
10012,15_9_F_14,C:\Users\user\Downloads\eilink_ra_ds\eilink_ra_ds\data\raw_pdfs\15_9_F_14_2016_08_15.pdf,2016-08-15,17:00,0.0,plug abandon -,,ok,15,WELL_CONTROL(+10)|EQUIPMENT_FAILURE(+4)|REPAIR(+1),Installed cover on top deck in moon pool and lower deck. Meanwhile removed lifting equipment from TDS. - other CONTINUED REPORTING ON 15/9-F-12 Equipment Failure Information Start time Depth mMD Depth mTVD Sub Equip -- Syst Class Operation Downtime ((min)) Equipment Repaired Remark 00:00 0 drillstring downhole -- other 0 00:00 Not able to fit rig tongs to BHA 00:00 0 well control equ syst -- other 0 00:00 Not able to pull diverter
19,15_9_19,C:\Users\user\Downloads\eilink_ra_ds\eilink_ra_ds\data\raw_pdfs\15_9_19_A_1997_07_27.pdf,1997-07-27,17:30,2213.0,interruption,,fail,15,EQUIPMENT_FAILURE(+4)|FISHING(+6)|state:fail(+5),"ORIENTED BIT/MOTOR & SLACKED-OFF THROUGH WINDOW.REAMED F/2208-2212M. STARTED DRILLING-SPP INCREASED 35BAR&TDS STALLED Ø16300NM.FREED STUCK -- fish STRING USING 32 MT O/PULL-TORQUE STILL TRAPPED IN STRING.WHILE PULLING PAST 2207M W/BIT,SPP INCREASED AGAIN.FREED BIT PAST 2207M USING 55 MT O/PUL L.THEN ABLE TO RELEASE TORQUE IN STRING ONCE ABOVE 2202M."
825,15_9_19,C:\Users\user\Downloads\eilink_ra_ds\eilink_ra_ds\data\raw_pdfs\15_9_19_B_1997_12_01.pdf,1997-12-01,06:00,2835.0,interrupti,,fail,15,EQUIPMENT_FAILURE(+4)|FISHING(+6)|state:fail(+5),CONTINUED RIH TO 2100M. CONDITIONED MUD AT 1800 LPM - FULL RETURNS. RIH TO 2600M. FILLED PIPE AND BROKE CIRCULATION. RIH TO 2835M. TOOK WEIGHT. on -- fish
868,15_9_19,C:\Users\user\Downloads\eilink_ra_ds\eilink_ra_ds\data\raw_pdfs\15_9_19_B_1997_12_05.pdf,1997-12-05,11:30,2716.0,interrupti,,fail,15,EQUIPMENT_FAILURE(+4)|FISHING(+6)|state:fail(+5),CONTINUED TO RIH TO 2716 M; BROKE CIRCULATION Ø 1200 & 2105 M ON TIH. on -- fish
6246,15_9_F_12,C:\Users\user\Downloads\eilink_ra_ds\eilink_ra_ds\data\raw_pdfs\15_9_F_12_2007_07_14.pdf,2007-07-14,23:15,1203.0,drilling,casing,ok,15,WELL_CONTROL(+10)|EQUIPMENT_FAILURE(+4)|REPAIR(+1),"Picked up 18 3/4"" Subsea well head, attempted to make up same, had problems getting 18 3/4"" Subsea well head vertical without the possibility of damaging the thr eads. Equipment Failure Information Start time Depth mMD Depth mTVD Sub Equip -- Syst Class Operation Downtime ((min)) Equipment Repaired Remark 00:00 0 well control equ syst -- diverter 0 00:00 Lifting bolt for diverter broke. 00:00 12 pipe handling equ syst -- elevator 0 00:00 - 00:00 214 pipe handling equ syst -- other 0 00:00 - 00:00 36 pipe handling equ syst -- elevator 0 00:00 - 00:00 52 pipe handling equ syst -- other 0 00:00 - 00:00 0 pipe handling equ syst -- drill floor tube handl syst 0 00:00 -"
854,15_9_19,C:\Users\user\Downloads\eilink_ra_ds\eilink_ra_ds\data\raw_pdfs\15_9_19_B_1997_12_04.pdf,1997-12-04,08:00,2100.0,interruptio,,fail,15,EQUIPMENT_FAILURE(+4)|FISHING(+6)|state:fail(+5),"MU 3 1/2"" CMT. STINGER X 5"" DP.RIH TO 1011 M & BROKE CIRCULATION. CONTINUED TO RIH TO 2100 M. BROKE CIRCULATION - EXCESSIVE AMOUNT OF CUTTINGS Ø SHAK n -- fish ERS - 20% CMT. IN RETURNS."
848,15_9_19,C:\Users\user\Downloads\eilink_ra_ds\eilink_ra_ds\data\raw_pdfs\15_9_19_B_1997_12_03.pdf,1997-12-03,17:00,2500.0,interrupti,,fail,15,EQUIPMENT_FAILURE(+4)|FISHING(+6)|state:fail(+5),"RIH FROM 2100M TO 2500M. BROKE CIRCUALTION AT 2350M, 500 LPM, NO LOSSES. on -- fish"
834,15_9_19,C:\Users\user\Downloads\eilink_ra_ds\eilink_ra_ds\data\raw_pdfs\15_9_19_B_1997_12_02.pdf,1997-12-02,06:00,2826.0,interrupti,,fail,15,EQUIPMENT_FAILURE(+4)|FISHING(+6)|state:fail(+5),"CONTINUED RIH WITH 3 1/2"" CEMENT STINGER FROM 315M TO 2826M. BROKE CIRCULATION AND CONDITIONED MUD AT 1000M, 2100M, AND 2600M. FULL RETURNS AT 500 L on -- fish PM. TOOK WEIGHT AT 2826M."
1867,15_9_19,C:\Users\user\Downloads\eilink_ra_ds\eilink_ra_ds\data\raw_pdfs\15_9_19_ST2_1992_12_26.pdf,1992-12-26,06:00,2941.0,interruption,,ok,15,STUCK_PIPE(+8)|EQUIPMENT_FAILURE(+4)|text:overpull(+3),"CONTINUED BACKREAMING FROM 2941M TO 2936M. HOLE PACKED OFF AND STRING STALLED OUT. ATTEMPTED WORKING PIPE DOWN WITH 40 TONS, NO-GO. ATTE -- sidetrack MPTED TO JAR DOWN, NO-GO. ATTEMPTED WORKING PIPE DOWN WITH TORQUE, NO-GO. PULLED 60 TONS OVERPULL ON PIPE. WORKED PIPE DOWN TO 2941M. REE STABLISHED ROTATION AND CIRCULATION."
6114,15_9_F_12,C:\Users\user\Downloads\eilink_ra_ds\eilink_ra_ds\data\raw_pdfs\15_9_F_12_2007_06_30.pdf,2007-06-30,22:00,1178.0,interruption,,ok,15,WELL_CONTROL(+10)|EQUIPMENT_FAILURE(+4)|REPAIR(+1),"Waiting on Geoservices to have their sensors reading data. Meanwhile reamed and circulated 2250 lpm/101 bar. -- repair Equipment Failure Information Start Depth Sub Equip -- Operation Equipment Remark time mMD mTVD Syst Class Downtime Repaired ((min)) 00:00 225 miscellaneous eq 0 00:00 Raw water pumpe failed and left rig with only 1 out of 3 pumpes available. Due to the criticality of the pumpe delivering firewater, cooling water etc the u syst -- other drilling operation is postphoned until the pump is replaced. A new pumpe will arrive by boat schedule 00:00 578 well control equ s 0 00:00 Flowline isolation valve was locked in closed position. yst -- diverter 00:00 1178 service equ -- mu 0 00:00 Geoservices were not able to read teir sensors. d logging equ 00:00 1178 miscellaneous eq 0 00:00 Noen hadde glemt å sette ESD systemet i ""override"" under en nedlasting av software for prosessanleggets fire/gas-node. Dette førte til en ESD 2.0 n u syst -- other edstengning for hele riggen."
9183,15_9_F_14,C:\Users\user\Downloads\eilink_ra_ds\eilink_ra_ds\data\raw_pdfs\15_9_F_14_2008_06_30.pdf,2008-06-30,22:00,0.0,completion,bop,ok,15,WELL_CONTROL(+10)|EQUIPMENT_FAILURE(+4)|REPAIR(+1),"Pulled/jacked coflex flowline hose using chain hoists, slings and tugger from drillfloor. Brought modified support bracket to XMT deck. Installled support bracket on XMT. /wellhead equipm ent Meanwhile serviced fwd PRS. Equipment Failure Information Start time Depth mMD Depth mTVD Sub Equip -- Syst Class Operation Downtime ((min)) Equipment Repaired Remark 00:00 0 well control equ syst -- other 0 00:00 Not able to release lock dogs in diverter with dedicated pulling/handling tool."
859,15_9_19,C:\Users\user\Downloads\eilink_ra_ds\eilink_ra_ds\data\raw_pdfs\15_9_19_B_1997_12_04.pdf,1997-12-04,21:30,2983.0,interruptio,,fail,15,EQUIPMENT_FAILURE(+4)|FISHING(+6)|state:fail(+5),"PULLED BACK TO 3002 M; STILL LOSING MUD Ø 500 LPM. PULLED BACK TO 2983 M. BROKE CIRC. - NO MUD LOSSES Ø 200,300,400,&500 LPM. BROKE OUT CONNECTION; n -- fish MUD U TBG. UP STRING."
6059,15_9_F_12,C:\Users\user\Downloads\eilink_ra_ds\eilink_ra_ds\data\raw_pdfs\15_9_F_12_2007_06_22.pdf,2007-06-22,22:30,260.0,drilling,drill,ok,15,WELL_CONTROL(+10)|EQUIPMENT_FAILURE(+4)|REPAIR(+1),"Drilled 2 m new formation with 26"" hole opner BHA; 3000 lpm, 55 rpm and 1 ton wob. Reamed rate hole and shoe track. Equipment Failure Information Start time Depth mMD Depth mTVD Sub Equip -- Syst Class Operation Downtime ((min)) Equipment Repaired Remark 00:00 180 well control equ syst -- riser syst 0 00:00 Not able to operate flowline isolation valve 00:00 141 pipe handling equ syst -- other 0 00:00 FWD PRS failed on proximity switch for old service platform."
6968,15_9_F_12,C:\Users\user\Downloads\eilink_ra_ds\eilink_ra_ds\data\raw_pdfs\15_9_F_12_2007_09_13.pdf,2007-09-13,21:00,20.0,drilling,bop/w,ok,15,WELL_CONTROL(+10)|EQUIPMENT_FAILURE(+4)|REPAIR(+1),Removed handling tool on production riser flange in riser spider. Lifted 1st double with dual lift on block and deckcrane. Made up flanged connection according to Vetco/Bandak proc ellhead equipm edure. Installed fairring on coupling. Ran in and placed TBC connector in level with Centralizer deck. Prepared guidewires in slot F-11 and F-13. Built scaffolding/barriers around deck ent openings. Equipment Failure Information Start time Depth mMD Depth mTVD Sub Equip -- Syst Class Operation Downtime ((min)) Equipment Repaired Remark 00:00 121 well control equ syst -- riser syst 0 00:00 Damage on soft slings. Rejected slings for use.
844,15_9_19,C:\Users\user\Downloads\eilink_ra_ds\eilink_ra_ds\data\raw_pdfs\15_9_19_B_1997_12_03.pdf,1997-12-03,12:00,1000.0,interrupti,,fail,15,EQUIPMENT_FAILURE(+4)|FISHING(+6)|state:fail(+5),FILLED PIPE AND BROKE CIRCULATION WHILE STAGING PUMPS UP TO 500 LPM - FULL RETURNS. on -- fish
6567,15_9_F_12,C:\Users\user\Downloads\eilink_ra_ds\eilink_ra_ds\data\raw_pdfs\15_9_F_12_2007_08_07.pdf,2007-08-07,23:30,0.0,drilling,bop ac,ok,15,WELL_CONTROL(+10)|EQUIPMENT_FAILURE(+4)|REPAIR(+1),Picked up BOP test tool and space out assembly. tivities Equipment Failure Information Start time Depth mMD Depth mTVD Sub Equip -- Syst Class Operation Downtime ((min)) Equipment Repaired Remark 00:00 0 well control equ syst -- diverter 0 00:00 Leaking seals in slick joint had to be changed .
857,15_9_19,C:\Users\user\Downloads\eilink_ra_ds\eilink_ra_ds\data\raw_pdfs\15_9_19_B_1997_12_04.pdf,1997-12-04,19:30,2776.0,interruptio,,fail,15,EQUIPMENT_FAILURE(+4)|FISHING(+6)|state:fail(+5),"WHILE TIH, TOOK 5 MT OF WEIGHT DOWN Ø 2776 M. W/R FROM 2776 - 2800 M - USING 500 LPM & 70 RPM. CONTINUED RIH TO 2980 M; BROKE CIRC. Ø 2900 M. n -- fish"
856,15_9_19,C:\Users\user\Downloads\eilink_ra_ds\eilink_ra_ds\data\raw_pdfs\15_9_19_B_1997_12_04.pdf,1997-12-04,15:30,2776.0,interruptio,,fail,15,EQUIPMENT_FAILURE(+4)|FISHING(+6)|state:fail(+5),"MU CMT. STAND & RACKED SAME IN DERRICK. CONTINUED RIH WITH CMT.STINGER FROM 2100 - 2776 M. BROKE CIRCULATION Ø 2300, 2500 & 2700 M - FULL RETURNS Ø n -- fish 500 LPM."
2925,15_9_F_10,C:\Users\user\Downloads\eilink_ra_ds\eilink_ra_ds\data\raw_pdfs\15_9_F_10_2009_04_12.pdf,2009-04-12,22:15,328.0,drilling --,,ok,15,WELL_CONTROL(+10)|EQUIPMENT_FAILURE(+4)|REPAIR(+1),Initiated kick off according to DDs instructions. Drilled/slided from 298 m to 328 m MD. Drilling parameters : Flow 3000 lpm / SPP ~75 bar / 87-121 RPM / WOB 2-10 MT / Torque 1-4 drill kNm. Performed gMWD survey at 316 m MD. Equipment Failure Information Start time Depth mMD Depth mTVD Sub Equip -- Syst Class Operation Downtime ((min)) Equipment Repaired Remark 00:00 36 pipe handling equ syst -- drill floor tube handl syst 0 00:00 Hydraulic leakage on AFT Iron roughneck.
826,15_9_19,C:\Users\user\Downloads\eilink_ra_ds\eilink_ra_ds\data\raw_pdfs\15_9_19_B_1997_12_01.pdf,1997-12-01,10:30,2935.0,interrupti,,fail,15,EQUIPMENT_FAILURE(+4)|FISHING(+6)|state:fail(+5),"COULD NOT WORK PIPE DOWN PAST 2835M. BROKE CIRCULATION AND WASHED AND REAMED FROM 2835M TO 2935M. 1800 LPM, FULL RETURNS. EXCESSIVE CUTTINGS on -- fish AT SHAKERS."
840,15_9_19,C:\Users\user\Downloads\eilink_ra_ds\eilink_ra_ds\data\raw_pdfs\15_9_19_B_1997_12_03.pdf,1997-12-03,00:00,2106.0,interrupti,,fail,15,EQUIPMENT_FAILURE(+4)|FISHING(+6)|state:fail(+5),CONTINUED POOH. HOLE FILL CORRECT BUT PIPE STARTED RUNNING OVER. BROKE CIRCULATION WITH 800 LPM AND FULL RETURNS. PUMPED SLUG. on -- fish
845,15_9_19,C:\Users\user\Downloads\eilink_ra_ds\eilink_ra_ds\data\raw_pdfs\15_9_19_B_1997_12_03.pdf,1997-12-03,12:30,2100.0,interrupti,,fail,15,EQUIPMENT_FAILURE(+4)|FISHING(+6)|state:fail(+5),CONTINUED RIH WITH STEERABLE ASSEMBLY. FILLED PIPE AND BROKE CIRCULATION WHILE STAGING PUMPS UP TO 500 LPM - FULL RETURNS. on -- fish
1346,15_9_19,C:\Users\user\Downloads\eilink_ra_ds\eilink_ra_ds\data\raw_pdfs\15_9_19_BT2_1998_01_27.pdf,1998-01-27,01:00,1378.0,plug abandon,cut,ok,14,STUCK_PIPE(+8)|FISHING(+6),RU FALSE ROTARY. COMPLETED POOH WITH SPEAR & PACK-OFF ASSEMBLY. NOTE: CASING CUT Ø 1378 M.
7507,15_9_F_12,C:\Users\user\Downloads\eilink_ra_ds\eilink_ra_ds\data\raw_pdfs\15_9_F_12_2010_09_21.pdf,2010-09-21,14:30,0.0,workover,wait,ok,14,WELL_CONTROL(+10)|EQUIPMENT_FAILURE(+4),Waited for Production Department to bean up F-14 and shut in F-12 for leak testing and handover. Meanwhile built new cable head (4/3-2005 lbs) and leak test ed cable rams in BOP.
7596,15_9_F_12,C:\Users\user\Downloads\eilink_ra_ds\eilink_ra_ds\data\raw_pdfs\15_9_F_12_2014_11_27.pdf,2014-11-27,04:00,1400.0,interruption,other,ok,14,WELL_CONTROL(+10)|EQUIPMENT_FAILURE(+4),"RIH w/BHA #2 7"" EVO plug from surface to 1400 m. WHP 51 bar. Performed well control drill: Leakage in grease injection head. Stopped each 300 meters to perform P/U weight."
10435,15_9_F_15,C:\Users\user\Downloads\eilink_ra_ds\eilink_ra_ds\data\raw_pdfs\15_9_F_15_2008_09_21.pdf,2008-09-21,19:00,1337.0,drilling --,,ok,14,EQUIPMENT_FAILURE(+4)|FISHING(+6)|text:fishing(+4),"Broke, inspected and racked back stand used for fishing drillstring. drill"
6363,15_9_F_12,C:\Users\user\Downloads\eilink_ra_ds\eilink_ra_ds\data\raw_pdfs\15_9_F_12_2007_07_21.pdf,2007-07-21,21:15,1355.0,drilling,drill,ok,14,WELL_CONTROL(+10)|EQUIPMENT_FAILURE(+4),Drilled cement in shoetrack from 1330 m to 1355 m MD. Drilling parameters 4000 lpm / SPP 130 bar / 90 rpm / 3-5 MT WOB / Torque 16 kNm. Equipment Failure Information Start Depth Sub Equip -- Syst Operation Equipment Remark time mMD mTVD Class Downtime Repaired ((min)) 00:00 50 service equ -- specia 0 00:00 The installation of the RA source into the ADN sub is normally done with an installation carrier and adapter sitting on top of the pipe stick up. Several l service equ attempts to install the RA source were made using this equipment. Was not able to screw the RA sourced 00:00 1319 well control equ syst 0 00:00 Fault on choke sensors -- choke/kill syst 00:00 1100 mud and bulk syst -- 0 00:00 Leakage on mudpump#1. Liner spray on mudpump#3 not working. mud supply
7770,15_9_F_12,C:\Users\user\Downloads\eilink_ra_ds\eilink_ra_ds\data\raw_pdfs\15_9_F_12_2016_08_20.pdf,2016-08-20,19:30,1877.0,plug abandon,,ok,14,STUCK_PIPE(+8)|FISHING(+6),"P/U spear assembly (run#11), greased pack off, grapple and set in catch -- other"
4927,15_9_F_11,C:\Users\user\Downloads\eilink_ra_ds\eilink_ra_ds\data\raw_pdfs\15_9_F_11_B_2015_11_01.pdf,2015-11-01,10:30,0.0,workover,perfor,ok,14,WELL_CONTROL(+10)|EQUIPMENT_FAILURE(+4),"Filled lubricator with MEG using production permanent line into XMT cross. Equalized and opened HMV. Equalized and opened SV. WHP 118 bar. ate Meanwhile performed well control drill, leak in connection above BOP."
820,15_9_19,C:\Users\user\Downloads\eilink_ra_ds\eilink_ra_ds\data\raw_pdfs\15_9_19_B_1997_11_30.pdf,1997-11-30,15:30,2950.0,interrupti,,fail,14,FISHING(+6)|text:overpull(+3)|state:fail(+5),PIPE STARTED MOVING UP WITH 170 TONS OVERPULL. CONTINUED PULLING TO 2950M WHERE OVERPULL RETURNED TO NORMAL. on -- fish
5646,15_9_F_11,C:\Users\user\Downloads\eilink_ra_ds\eilink_ra_ds\data\raw_pdfs\15_9_F_11_T2_2013_04_12.pdf,2013-04-12,22:00,1159.0,drilling,trip,ok,14,WELL_CONTROL(+10)|EQUIPMENT_FAILURE(+4),"RIH with 17 1/2"" BHA on 5 1/2"" DP from 473 m to 1159 m. Average tripping speed 343 m/hr. Equipment Failure Information Start Depth Sub Equip -- Syst Class Operation Downtime Equipment Remark time mMD mTVD ((min)) Repaired 00:00 201 pipe handling equ syst -- drill floor tube handl s 0 00:00 Unable to lay out damaged 20"" casing joint due to problems with HTS kick down r yst oller. 00:00 1317 material handling syst -- utility winchs 0 00:00 Not able to spin in TDS to cement stand."
1334,15_9_19,C:\Users\user\Downloads\eilink_ra_ds\eilink_ra_ds\data\raw_pdfs\15_9_19_BT2_1998_01_26.pdf,1998-01-26,10:00,182.0,plug aban,,ok,14,STUCK_PIPE(+8)|FISHING(+6),"MU 9 5/8"" CASING SPEAR WITH PACK-OFF. RIH - PU 14 JTS. 5"" 25,6# U170 DRILLPIPE. ENGAGED 9 5/8"" CASING WITH SPEAR Ø 182 M - 1 M BELOW 10 3/4"" X 9 5/8"" X/OVER. N don -- cut OTE: 9 5/8"" CASING CUT Ø DEPTH OF 1485 M."
648,15_9_19,C:\Users\user\Downloads\eilink_ra_ds\eilink_ra_ds\data\raw_pdfs\15_9_19_A_1997_11_08.pdf,1997-11-08,04:00,106.0,plug,,ok,14,STUCK_PIPE(+8)|FISHING(+6),"MADE UP 7"" CSG SPEAR/PACKOFF ASSY AND RIH TO WELLHEAD. abandon -- cut"
10651,15_9_F_15,C:\Users\user\Downloads\eilink_ra_ds\eilink_ra_ds\data\raw_pdfs\15_9_F_15_2008_11_15.pdf,2008-11-15,01:30,2539.0,drilling,drill,ok,14,WELL_CONTROL(+10)|EQUIPMENT_FAILURE(+4),"RIH with 8 1/2"" BHA from 2440 m to 2514 m on 5 1/2 "" DP. Performed kick drill / 55 sec. MU TDS and broke circulation. Staged up pumps and washed down to 2539 m, Flow 220 0 lpm / SPP 235 bar / String RPM 40 / TQ 8-10 kNm. Up weight 142 MT / Down weight 121 MT / Free rotation weight 130 MT."
1745,15_9_19,C:\Users\user\Downloads\eilink_ra_ds\eilink_ra_ds\data\raw_pdfs\15_9_19_S_1992_12_12.pdf,1992-12-12,11:30,2652.0,interruption,,fail,14,FISHING(+6)|text:overpull(+3)|state:fail(+5),"CHANGED TO 500 TON LINKS AND RIGGED UP ATLAS WIRELINE. RAN IN WITH JRC CUTTER AND CCL AT 14:30 HRS. WITH 50 TONS OVERPULL ON STRING, DETONATED -- fish CHARGE AT 2658,2M. PIPE NOT FREE. POOH WITH WIRELINE. FOUND JRC TOOL, X-OVER TO SAME AND 1 SINKER BAR TO BE LEFT IN HOLE."
1746,15_9_19,C:\Users\user\Downloads\eilink_ra_ds\eilink_ra_ds\data\raw_pdfs\15_9_19_S_1992_12_12.pdf,1992-12-12,17:30,2658.0,interruption,,fail,14,FISHING(+6)|text:overpull(+3)|state:fail(+5),"CIRCULATED 2000 STROKES: SURFACE PUMPING PRESSURE 100 BAR LESS THAN BEFORE CUTTING AND NO COMMUNICATION WITH MWD. ATTEMPTED TO WORK ST -- fish RING FREE FROM THE BHA BY APPLYING UP TO 34000 FTLBS TORQUE AND 180 TONS OVERPULL, NO SUCCESS."
1739,15_9_19,C:\Users\user\Downloads\eilink_ra_ds\eilink_ra_ds\data\raw_pdfs\15_9_19_S_1992_12_11.pdf,1992-12-11,06:00,2741.0,interruption,,fail,14,FISHING(+6)|text:overpull(+3)|state:fail(+5),"ATTEMPTED TO WORK PIPE FREE AT 2741 M,MAX OVERPULL/DOWNWEIGHT 175/40 TON. MAX TORQUE 33000 FT-LBS. CIRCULATED WITH MAX 2900 LTR/MIN. PUMPED 9 -- fish M3 1,11 SG KCL PILL,FOLLOWED BY 1,6 SG HI VIS PILL,PUMPED SAME OUT.PUMPED 9 M3 1,03 SG LO VIS PILL,FOLLOWED BY 1,6 SG HI VIS PILL."
1741,15_9_19,C:\Users\user\Downloads\eilink_ra_ds\eilink_ra_ds\data\raw_pdfs\15_9_19_S_1992_12_12.pdf,1992-12-12,00:00,2741.0,interruption,,fail,14,FISHING(+6)|text:overpull(+3)|state:fail(+5),"CONTINUED TO WORK PIPE FREE AT 2741 M,MAX OVERPULL/DOWNWEIGHT 170/40 TON,MAX TORQUE 33000 FT-LBS. CIRCULATED WITH MAX 2900 LTR/MIN. -- fish"
816,15_9_19,C:\Users\user\Downloads\eilink_ra_ds\eilink_ra_ds\data\raw_pdfs\15_9_19_B_1997_11_30.pdf,1997-11-30,06:00,3241.0,interrupti,,fail,14,FISHING(+6)|text:overpull(+3)|state:fail(+5),"APPLIED 50 TONS OVERPULL AND 32,000 FT X LBS RIGHT TORQUE IN DP. POSITIONED 2 5/8"" SEVERENCE CHARGE AT CONNECTION OF FIRST JT. OF HWDP ABOVE JAR (CH on -- fish ARGE WOULD NOT PASS THROUGH JAR). FIRED CHARGE - NO INDICATION AT SURFACE THAT IT FIRED, EITHER FROM ATLAS AMPMETER OR TENSION/TORQUE ON DRILL S TRING. ATLAS POOH - CHARGE FOUND TO BE FIRED."
6655,15_9_F_12,C:\Users\user\Downloads\eilink_ra_ds\eilink_ra_ds\data\raw_pdfs\15_9_F_12_2007_08_19.pdf,2007-08-19,16:00,2.0,drilling,casing,ok,14,WELL_CONTROL(+10)|EQUIPMENT_FAILURE(+4),"Continued RIH with 9 5/8"" liner filling every 5th joint F/122m T/ 651m. Equipment Failure Information Start time Depth mMD Depth mTVD Sub Equip -- Syst Class Operation Downtime ((min)) Equipment Repaired Remark 00:00 0 well control equ syst -- bop stack 0 00:00 Leak in BOP slick joint. Was repaired"
11002,15_9_F_15,C:\Users\user\Downloads\eilink_ra_ds\eilink_ra_ds\data\raw_pdfs\15_9_F_15_2008_12_08.pdf,2008-12-08,05:00,15.0,plug aba,,ok,14,STUCK_PIPE(+8)|FISHING(+6),"Picked up and hung off packoff tool. Picked up and made up 10 3/4"" Bowen spear and bumper sub. Set grapple to catch and secured same with duct tape. ndon -- c ut"
819,15_9_19,C:\Users\user\Downloads\eilink_ra_ds\eilink_ra_ds\data\raw_pdfs\15_9_19_B_1997_11_30.pdf,1997-11-30,13:00,2996.0,interrupti,,fail,14,FISHING(+6)|text:overpull(+3)|state:fail(+5),WORKED PIPE FROM 3000M TO 2996M. CONDITIONS DETERIORATED - NO PROGRESS FROM 2996M WITH 25K FT X LBS TORQUE AND 120 TONS OVERPULL. on -- fish
4649,15_9_F_11,C:\Users\user\Downloads\eilink_ra_ds\eilink_ra_ds\data\raw_pdfs\15_9_F_11_B_2013_07_03.pdf,2013-07-03,17:45,2035.0,completion,completion string,ok,14,WELL_CONTROL(+10)|EQUIPMENT_FAILURE(+4),"RIH with 7"" tubing from 1500 m to 2035 m Average running speed 7 joints/hr. Total rejected joints 0. Equipment Failure Information Start time Depth mMD Depth mTVD Sub Equip -- Syst Class Operation Downtime ((min)) Equipment Repaired Remark 00:00 0 well control equ syst -- bop stack 0 00:00 Annular preventer failed to hold pressure during pressure test . 00:00 715 pipe handling equ syst -- drill floor tube handl syst 0 00:00 HTS belt sensor defect. 00:00 971 pipe handling equ syst -- elevator 0 00:00 Observed hydraulic leak from elevator fitting, replaced same"
817,15_9_19,C:\Users\user\Downloads\eilink_ra_ds\eilink_ra_ds\data\raw_pdfs\15_9_19_B_1997_11_30.pdf,1997-11-30,09:00,3164.0,interrupti,,fail,14,FISHING(+6)|text:overpull(+3)|state:fail(+5),WORKED PIPE FREE WITH 20-25K FT X LBS TORQUE AND 100 TONS OVERPULL. on -- fish
3281,15_9_F_10,C:\Users\user\Downloads\eilink_ra_ds\eilink_ra_ds\data\raw_pdfs\15_9_F_10_2009_05_06.pdf,2009-05-06,22:00,1550.0,drilling,drill,ok,14,WELL_CONTROL(+10)|EQUIPMENT_FAILURE(+4),"RIH with BHA on 5 1/2"" DP from 600 - 1550 m; filled pipe every 300 m, performed kick drill with crew. Equipment Failure Information Start Depth Sub Equip -- Syst Class Operation Downtime Equipment Remark time mMD mTVD ((min)) Repaired 00:00 0 service equ -- cementing u 0 00:00 Forsøkte å lekkasjeteste 13 3/8"" foringsrør til 300 bar; trykket lakk av på 90 bar og stabiliserte seg på nit 67 bar."
1760,15_9_19,C:\Users\user\Downloads\eilink_ra_ds\eilink_ra_ds\data\raw_pdfs\15_9_19_S_1992_12_14.pdf,1992-12-14,06:00,2220.0,drilling,ream,fail,13,STUCK_PIPE(+8)|state:fail(+5),CONTINUED REAMING FROM 1390 TO 2220M. HOLE PACKED OFF. LOST RETURNS AND UNABLE TO ROTATE STRING.
1185,15_9_19,C:\Users\user\Downloads\eilink_ra_ds\eilink_ra_ds\data\raw_pdfs\15_9_19_BT2_1998_01_11.pdf,1998-01-11,04:00,4094.0,interruption,fish,fail,13,STUCK_PIPE(+8)|state:fail(+5),WORKED AND JARRED ON STUCK PIPE. NO PROGRESS. GOOD CIRCULATION.
2761,15_9_19,C:\Users\user\Downloads\eilink_ra_ds\eilink_ra_ds\data\raw_pdfs\15_9_19_ST2_1993_04_30.pdf,1993-04-30,01:00,0.0,drilling,bop/wellhead,fail,13,STUCK_PIPE(+8)|state:fail(+5),POOH AND LAID DOWN PACKOFF RUNNING TOOL. equipment
2756,15_9_19,C:\Users\user\Downloads\eilink_ra_ds\eilink_ra_ds\data\raw_pdfs\15_9_19_ST2_1993_04_29.pdf,1993-04-29,22:00,158.0,interruption,rep,fail,13,STUCK_PIPE(+8)|state:fail(+5),"CIRCULATED DOWN CHOKE LINE AND UP RISER AT 1050 LPM. MAX GAS WAS 0,38% FROM BOTTOMS UP (C1=3861 AND C2=2 PPM) MADE UP PACKOFF RUNNING TO air OL AND RIH WHILE CIRCULATING."
11150,15_9_F_15,C:\Users\user\Downloads\eilink_ra_ds\eilink_ra_ds\data\raw_pdfs\15_9_F_15_A_2008_12_19.pdf,2008-12-19,18:00,1500.0,drilling --,,ok,13,WELL_CONTROL(+10)|TIGHT_HOLE(+3),Ran 13 3/8¿ P110 72# casing from 1476 m to 1500 m MD. Encountered tight spot at 1481 m MD. Stepped up pumps to 900 lpm. Appled 3 rpm within 15 kNm limit. Worked restriction every casing 12 m indicating centralizers hanging up in shoe or kick off area. Max set down weight 25 MT. Set casing joint in foxhole prior to making 2nd grip with PRS pick up tool - this method seemed to make the stabbing more accurate.
2758,15_9_19,C:\Users\user\Downloads\eilink_ra_ds\eilink_ra_ds\data\raw_pdfs\15_9_19_ST2_1993_04_29.pdf,1993-04-29,23:30,158.0,interruption,rep,fail,13,STUCK_PIPE(+8)|state:fail(+5),"LANDED IN AND RETORQUED PACKOFF. RECIEVED ALL ROTATION BACK THAT IT TOOK TO TORQUE UP TO 15,000 FTLBS. CLOSED MPR, CHOKE LINE AND PRESSUR air E TESTED PACKOFF TO 345BAR/10MIN. OPENED MPR, TORQUED PACKOFF BACK UP TO 15,000 FTLBS. 1 INCH OF ROTATION DID NOT COME BACK WHEN TORQUE WAS RELEASED."
1698,15_9_19,C:\Users\user\Downloads\eilink_ra_ds\eilink_ra_ds\data\raw_pdfs\15_9_19_S_1992_12_04.pdf,1992-12-04,06:00,1483.0,interruption,m,fail,13,STUCK_PIPE(+8)|state:fail(+5),"PUMPED OUT OF HOLE FROM 2100 M TO 1435 M. PACKED OFF AND CHARGED FORMATION AT 2094 M, 1830 M AND 1535 M. MAX GAS 2,2 %. RIH TO 1483 M. aintain"
1186,15_9_19,C:\Users\user\Downloads\eilink_ra_ds\eilink_ra_ds\data\raw_pdfs\15_9_19_BT2_1998_01_11.pdf,1998-01-11,06:00,4094.0,interruption,fish,fail,13,STUCK_PIPE(+8)|state:fail(+5),WORKED STUCK PIPE FREE.
1862,15_9_19,C:\Users\user\Downloads\eilink_ra_ds\eilink_ra_ds\data\raw_pdfs\15_9_19_ST2_1992_12_25.pdf,1992-12-25,21:30,3017.0,interruption,lost c,fail,13,STUCK_PIPE(+8)|state:fail(+5),"RAN IN TO 3017M. PUMPED AND SET 7,1 M3 LIQUID CASING LCM-PILL FROM 3017M TO 2927M WHILE PULLING BACK TO 2957M, FULL RETURNS. AT 2957M, irculation HOLE PACKED OFF. UNABLE TO ROTATE. RAN BACK IN TO 2963M."
1860,15_9_19,C:\Users\user\Downloads\eilink_ra_ds\eilink_ra_ds\data\raw_pdfs\15_9_19_ST2_1992_12_25.pdf,1992-12-25,17:00,3018.0,interruption,sidet,fail,13,STUCK_PIPE(+8)|state:fail(+5),BACKREAMED FROM 3018M TO 2952M. HOLE PACKED OFF. LOST RETURNS. UNABLE TO ROTATE. rack
10980,15_9_F_15,C:\Users\user\Downloads\eilink_ra_ds\eilink_ra_ds\data\raw_pdfs\15_9_F_15_2008_12_07.pdf,2008-12-07,11:30,139.0,drilling,casing,ok,13,WELL_CONTROL(+10)|text:overpull(+3),"RIH with MS seal retrieval tool on 5 1/2"" DP from surface to 139 m MD. Set down 6 MT on MS seal. Rotated and observed torque increase as prescribed. Shut in annular and pull ed MS sea above wellhead. No significant overpull observed."
843,15_9_19,C:\Users\user\Downloads\eilink_ra_ds\eilink_ra_ds\data\raw_pdfs\15_9_19_B_1997_12_03.pdf,1997-12-03,06:00,1000.0,interrupti,,fail,12,FISHING(+6)|REPAIR(+1)|state:fail(+5),"M/U AND RIH WITH 8 1/2"" STEERABLE BHA. TESTED MWD. NO COMMUNICATION WITH ANNULAR PRESSURE SUB. REPLACED SUB WITH NEW ONE - STILL NO SIGNAL RIH T on -- fish O 1000M."
5212,15_9_F_11,C:\Users\user\Downloads\eilink_ra_ds\eilink_ra_ds\data\raw_pdfs\15_9_F_11_B_2016_09_22.pdf,2016-09-22,23:30,0.0,plug abandon,o,ok,12,EQUIPMENT_FAILURE(+4)|text:overpull(+3)|text:back-off(+5),"Continued to P/U and M/U tubingTHRT. POOH, installed control lines and inspected THRT ther Equipment Failure Information Start Depth Sub Equip -- Syst Operation Equipment Remark time mMD mTVD Class Downtime Repaired ((min)) 00:00 0 service equ -- other 0 00:00 Attempted to pressure test lower riser and WL BOP. Observed leak in the connection between lower riser and XT. Drained riser and lifted lower ri ser and WL BOP from XT. Secured work place. Inspected connection. Observed scratches on the internal sealing fa 00:00 0 service equ -- other 0 00:00 Winch operator instructed driller to pull up TDSto have 2 tons tension on slings on lubricator. As top sheeve wheel was also fastened to TDS and tool string was in top of lubricator, this lead to overpull of cable head to over 10% of safe pull. After dis 00:00 0 pipe handling equ syst -- d 0 00:00 Not able to back off connection rill floor tube handl syst 00:00 0 material handling syst -- b 0 00:00 Troubleshoot Bop lifter, sensor fault on test stump op transport syst"
2406,15_9_19,C:\Users\user\Downloads\eilink_ra_ds\eilink_ra_ds\data\raw_pdfs\15_9_19_ST2_1993_03_17.pdf,1993-03-17,05:00,4408.0,interruption,main,fail,12,TIGHT_HOLE(+3)|EQUIPMENT_FAILURE(+4)|state:fail(+5),WORKED TIGHT SPOT AT 4408M WHEN SCR'S FOR TOP DRIVE FAILED. CIRCULATED AND WORKED STRING WHILE TROUBLESHOOTING SCR SYSTE tain MS. UNABLE TO PASS 4408M.
5875,15_9_F_11,C:\Users\user\Downloads\eilink_ra_ds\eilink_ra_ds\data\raw_pdfs\15_9_F_11_T2_2013_05_09.pdf,2013-05-09,23:00,4266.0,drilling,trip,ok,12,STUCK_PIPE(+8)|EQUIPMENT_FAILURE(+4),"Lubricated out of hole with 8 1/2"" bottom hole assembly from 4407m MD to 4323m MD with 221 lpm and 11 bar. Equipment Failure Information Start Depth Sub Equip -- Syst Class Operation Downtime Equipment Remark time mMD mTVD ((min)) Repaired 00:00 1247 pipe handling equ syst -- ot 0 00:00 RIH 14"" 169.65 kg/m csg from 1057 m to 1247 m filling every joint with 1.42 sg OBM. her Observed leaking hose power tong. 00:00 1348 pipe handling equ syst -- ot 0 00:00 Made up connection on pack-off. Checked and re-tightent allen screw lock keys securing pack-off on FAC her . 00:00 1527 pipe handling equ syst -- ot 0 00:00 Removed hydraulic hose on power tong stabbing guide and blanked off fitting on power tong. her 00:00 935 hoisting equ -- top drive 0 00:00 While running 14"" 169.65 kg/m casing a bolt on one out of four U-clamps sheared off. Potential 0.12kg*4 m*9.81=5J. Series of event. Came down with top drive to approximately 3 m to P/U 14"" csg. joint. Moved horizontal tubular feeding machine in and tilte 00:00 3350 service equ -- mud logging 0 00:00 Due to high winds mud logging unit shoot down. equ Started to build wind wall arround out let on unit. While attempting to purge unit the wind cause the purge sequence to start over Purged mud logging unit and re-booted computers"
5738,15_9_F_11,C:\Users\user\Downloads\eilink_ra_ds\eilink_ra_ds\data\raw_pdfs\15_9_F_11_T2_2013_04_24.pdf,2013-04-24,10:00,1348.0,drilling,casing,ok,12,STUCK_PIPE(+8)|EQUIPMENT_FAILURE(+4),"RIH 14"" 169.65 kg/m csg from 1247 m to 1348 m filling every joint with 1.42 sg OBM. Average running speed 6 jts./hr. Engaged fill up and circulation tool [FAC]. Broke circulation with 200 lpm, 10 bar. Staged up pumps in 100 lpm incriments to 1000 lpm, 14,7 bar. Dis-engaged FAC. Observed connection on pack-off backed out."
2404,15_9_19,C:\Users\user\Downloads\eilink_ra_ds\eilink_ra_ds\data\raw_pdfs\15_9_19_ST2_1993_03_17.pdf,1993-03-17,00:00,4515.0,drilling,casing,fail,11,TIGHT_HOLE(+3)|text:overpull(+3)|state:fail(+5),"CONTINUED POOH. REAMED TIGHT SPOT AT 4515M, 4454M AND 4415M. WITH MAX 30 TONN OVERPULL. HAD PROBLEMS WITH STALLING ROTARY. R IH TO TD AT 4641M."
851,15_9_19,C:\Users\user\Downloads\eilink_ra_ds\eilink_ra_ds\data\raw_pdfs\15_9_19_B_1997_12_04.pdf,1997-12-04,01:00,582.0,interruptio,,fail,11,FISHING(+6)|state:fail(+5),PUMPED SLUG AND POOH. HOLE FILL OK. n -- fish
824,15_9_19,C:\Users\user\Downloads\eilink_ra_ds\eilink_ra_ds\data\raw_pdfs\15_9_19_B_1997_12_01.pdf,1997-12-01,00:00,1171.0,interrupti,,fail,11,FISHING(+6)|state:fail(+5),M/U CLEANOUT ASSEMBLY AND RIH. HOLE FILLING OK. TOTAL MUD LOST FOR THE DAY - 1.75 M3 on -- fish
861,15_9_19,C:\Users\user\Downloads\eilink_ra_ds\eilink_ra_ds\data\raw_pdfs\15_9_19_B_1997_12_04.pdf,1997-12-04,23:00,2983.0,interruptio,,fail,11,FISHING(+6)|state:fail(+5),"RU CEMENT HOSE & PUMPED 5 M3 1,69 SG SPACER Ø 400 LPM USING RIG PUMP. TESTED LINES TO 125 BAR & STARTED MIXING CMT. FOR SIDETRACK PLUG. n -- fish"
860,15_9_19,C:\Users\user\Downloads\eilink_ra_ds\eilink_ra_ds\data\raw_pdfs\15_9_19_B_1997_12_04.pdf,1997-12-04,22:30,2983.0,interruptio,,fail,11,FISHING(+6)|state:fail(+5),MU CMT. STAND & CONTINUED TO CIRCULATE. NOW LOSING MUD Ø 450 LPM BUT NO LOSSES Ø 400 LPM. CIRCULATED APPROX. 1/2 DP VOLUME WHILE PREPARING TO n -- fish SPOT CMT. PLUG.
847,15_9_19,C:\Users\user\Downloads\eilink_ra_ds\eilink_ra_ds\data\raw_pdfs\15_9_19_B_1997_12_03.pdf,1997-12-03,15:30,2100.0,interrupti,,fail,11,FISHING(+6)|state:fail(+5),"CONTINUED CIRCULATING AND STAGED PUMPS UP TO 1300 LPM. MUD WEIGHT OUT 1.65 SG MAX FROM SLUGS, MW IN 1.52 SG. NO LOSSES. on -- fish"
841,15_9_19,C:\Users\user\Downloads\eilink_ra_ds\eilink_ra_ds\data\raw_pdfs\15_9_19_B_1997_12_03.pdf,1997-12-03,01:30,0.0,interrupti,,fail,11,FISHING(+6)|state:fail(+5),CONTINUED POOH. HOLE FILL CORRECT. on -- fish
832,15_9_19,C:\Users\user\Downloads\eilink_ra_ds\eilink_ra_ds\data\raw_pdfs\15_9_19_B_1997_12_02.pdf,1997-12-02,00:00,0.0,interrupti,,fail,11,FISHING(+6)|state:fail(+5),"CONTINUED POOH. NORMAL DRAG, HOLE FILL CORRECT. on -- fish"
831,15_9_19,C:\Users\user\Downloads\eilink_ra_ds\eilink_ra_ds\data\raw_pdfs\15_9_19_B_1997_12_01.pdf,1997-12-01,23:00,2316.0,interrupti,,fail,11,FISHING(+6)|state:fail(+5),"CONTINUED POOH. NORMAL DRAG, HOLE FILL CORRECT. on -- fish"
833,15_9_19,C:\Users\user\Downloads\eilink_ra_ds\eilink_ra_ds\data\raw_pdfs\15_9_19_B_1997_12_02.pdf,1997-12-02,04:30,315.0,interrupti,,fail,11,FISHING(+6)|state:fail(+5),BEGAN RIH WITH CEMENT STINGER TO SET SIDETRACK PLUG. TOTAL MUD LOST TODAY - 11 M3. on -- fish
835,15_9_19,C:\Users\user\Downloads\eilink_ra_ds\eilink_ra_ds\data\raw_pdfs\15_9_19_B_1997_12_02.pdf,1997-12-02,13:00,3161.0,interrupti,,fail,11,FISHING(+6)|state:fail(+5),WASHED DOWN FROM 2827M TO 2887M WITH 500 LPM AND FULL RETURNS. RIH FROM 2887M TO 3050M. WASHED DOWN FROM 3050M DUE TO BACKFLOW UP DRILL PIPE. on -- fish WASHED TO 3161M WITH 500M LPM AND FULL RETURNS.
837,15_9_19,C:\Users\user\Downloads\eilink_ra_ds\eilink_ra_ds\data\raw_pdfs\15_9_19_B_1997_12_02.pdf,1997-12-02,16:30,3035.0,interrupti,,fail,11,FISHING(+6)|state:fail(+5),"POOH WITH CEMENT STINGER FROM 3161M TO 3035M. STAGED PUMPS UP TO 400 LPM WITH 12 M3/HR LOSSES, 300 LPM WITH 10 M3/HR LOSSES, NO LOSSES AT 250 LPM. on -- fish RIG PUMPED 5 M3 1.69 SG SPACER AT 250 LPM. NORMAL HOLE DRAG."
827,15_9_19,C:\Users\user\Downloads\eilink_ra_ds\eilink_ra_ds\data\raw_pdfs\15_9_19_B_1997_12_01.pdf,1997-12-01,12:30,2935.0,interrupti,,fail,11,FISHING(+6)|state:fail(+5),CIRCULATED BOTTOMS UP WHILE MOVING PIPE. PUMPING 1800 LPM WITH FULL RETURNS. EXCESSIVE AMOUNTS OF CUTTINGS AT SHAKERS. MAX ECD 1.65 SG. CONTINU on -- fish ED CIRCULATING AT 1800 LPM UNTIL ECD REDUCED TO 1.61 SG. CIRCULATED TOTAL OF 2 X BOTTOMS UP - STILL EXCESSIVE FRESH CUTTINGS.
7932,15_9_F_12,C:\Users\user\Downloads\eilink_ra_ds\eilink_ra_ds\data\raw_pdfs\15_9_F_12_2016_08_25.pdf,2016-08-25,23:45,0.0,plug abandon,,ok,11,EQUIPMENT_FAILURE(+4)|FISHING(+6)|REPAIR(+1),Started POOH w/ csg fish on spear -- trip Equipment Failure Information Start time Depth mMD Depth mTVD Sub Equip -- Syst Class Operation Downtime ((min)) Equipment Repaired Remark 00:00 0 drillstring downhole -- subs and lift plugs 0 00:00 wrong x-over delivered to the rig
849,15_9_19,C:\Users\user\Downloads\eilink_ra_ds\eilink_ra_ds\data\raw_pdfs\15_9_19_B_1997_12_03.pdf,1997-12-03,19:00,2978.0,interrupti,,fail,11,FISHING(+6)|state:fail(+5),WASHED TO BOTTOM WITH 500 LPM AND NO LOSSES. RESISTANCE AT 2882M - 2884M REQUIRED 900 LPM TO GET THROUGH WITHOUT MOTOR STALLING. NO LOSSES. OT on -- fish HERWISE NO RESISTANCE MET. VERY FINE CEMENT PARTICLES STARTED RETURNING. MUD WEIGHT INCREASED FROM 1.53 SG TO RANGE OF 1.55-1.60 SG W/ MAX. OF 1.6 4 SG. SOLIDS IN RETURNS UP TO 90%CEMENT.
866,15_9_19,C:\Users\user\Downloads\eilink_ra_ds\eilink_ra_ds\data\raw_pdfs\15_9_19_B_1997_12_05.pdf,1997-12-05,08:00,576.0,interrupti,,fail,11,FISHING(+6)|state:fail(+5),"MU 8 1/2"" STEERABLE BHA & TIH TO 576 M; LD NON-OPERABLE BHI DOWNHOLE ECD SUB. TESTED MOTOR & MWD Ø 576 M. on -- fish"
865,15_9_19,C:\Users\user\Downloads\eilink_ra_ds\eilink_ra_ds\data\raw_pdfs\15_9_19_B_1997_12_05.pdf,1997-12-05,06:00,0.0,interrupti,,fail,11,FISHING(+6)|state:fail(+5),"COMPLETED POOH WITH 3 1/2"" CMT. STINGER. RACKED 3 1/2"" DP IN DERRICK. on -- fish"
863,15_9_19,C:\Users\user\Downloads\eilink_ra_ds\eilink_ra_ds\data\raw_pdfs\15_9_19_B_1997_12_05.pdf,1997-12-05,02:00,2694.0,interrupti,,fail,11,FISHING(+6)|state:fail(+5),POOH TO 2694 M - TOTAL OF 10 STDS. on -- fish
864,15_9_19,C:\Users\user\Downloads\eilink_ra_ds\eilink_ra_ds\data\raw_pdfs\15_9_19_B_1997_12_05.pdf,1997-12-05,03:00,1100.0,interrupti,,fail,11,FISHING(+6)|state:fail(+5),PUMPED SLUG & POOH WITH CMT. STINGER. on -- fish
850,15_9_19,C:\Users\user\Downloads\eilink_ra_ds\eilink_ra_ds\data\raw_pdfs\15_9_19_B_1997_12_04.pdf,1997-12-04,00:00,3010.0,interruptio,,fail,11,FISHING(+6)|state:fail(+5),CONTINUED WASHING DOWN. FROM 2977M INCREASED PUMP RATE FROM 500 LPM TO 700 LPM TO MAINTAIN PROGRESS (TOP OF BALDER?). STILL A LOT OF FINE CEMEN n -- fish T PARTICLES COMING UP BUT NO REAL RESISTANCE. MUD WEIGHT 1.54 SG TO 1.59 SG FROM CEMENT CONTAMINATION. NO LOSSES DOWNHOLE. MAXIMUM GAS 5% (FR OM WELLHEAD AREA).
852,15_9_19,C:\Users\user\Downloads\eilink_ra_ds\eilink_ra_ds\data\raw_pdfs\15_9_19_B_1997_12_04.pdf,1997-12-04,06:00,0.0,interruptio,,fail,11,FISHING(+6)|state:fail(+5),"COMPLETED POOH WITH 8 1/2"" SIDETRACK BHA; STOOD BACK BHA IN DERRICK. n -- fish"
829,15_9_19,C:\Users\user\Downloads\eilink_ra_ds\eilink_ra_ds\data\raw_pdfs\15_9_19_B_1997_12_01.pdf,1997-12-01,19:00,3161.0,interrupti,,fail,11,FISHING(+6)|state:fail(+5),CIRCULATED BOTTOMS UP. AT 1800 LPM SOME LOSS DETECTED - 3-6 M3/HR. ECD 1.62 - 1.64 SG. NO EXCESS CUTTINGS AT BOTTOMS UP. on -- fish
9199,15_9_F_14,C:\Users\user\Downloads\eilink_ra_ds\eilink_ra_ds\data\raw_pdfs\15_9_F_14_2008_07_02.pdf,2008-07-02,00:00,0.0,completion,bop/wellhead equipment,ok,11,WELL_CONTROL(+10)|REPAIR(+1),Comissioned XMT. Tested coflex hose 100 bar / 15 min - test approved by production. Meanwhile prepared for running WL : -Changed IBOP on TDS -Performed service on drawwork -Cleaned and tidied drillfloor -Removed support bracket from flowline for modifications -Checked and tested equipment -Made up lubricator sections on cantilever -Spotted grease injection skid and well control skid on drillfloor
821,15_9_19,C:\Users\user\Downloads\eilink_ra_ds\eilink_ra_ds\data\raw_pdfs\15_9_19_B_1997_11_30.pdf,1997-11-30,17:00,2164.0,interrupti,,fail,11,FISHING(+6)|state:fail(+5),PUMPED SLUG AND POOH TO ABOVE CASING WINDOW. NO LOSSES - HOLE FILL NORMAL. on -- fish
822,15_9_19,C:\Users\user\Downloads\eilink_ra_ds\eilink_ra_ds\data\raw_pdfs\15_9_19_B_1997_11_30.pdf,1997-11-30,19:00,2164.0,interrupti,,fail,11,FISHING(+6)|state:fail(+5),RIGGED DOWN ATLAS AND RIG SHEAVES FROM DERRICK AND TOP DRIVE. MEANWHILE CIRCULATED BOTTOMS UP AT MAXIMUM 2000 LPM - NO LOSSES. MAXIMUM GAS 40 on -- fish % FROM WELLHEAD AREA.
823,15_9_19,C:\Users\user\Downloads\eilink_ra_ds\eilink_ra_ds\data\raw_pdfs\15_9_19_B_1997_11_30.pdf,1997-11-30,20:00,0.0,interrupti,,fail,11,FISHING(+6)|state:fail(+5),"FINISHED POOH. FOUND HWDP JOINT TO HAVE BEEN SEVERED IN THE CONNECTION AT THE TOP OF THE PIN. TOOL JOINT BELLED OUT TO OVER 8.5"" (IRREGULAR OD MA on -- fish DE IT DIFFICULT TO GAUGE EXACTLY). LEFT IN HOLE(AS EXPECTED) -BIT STAB, NAVIDRILL, STAB, XO SUB, MWD INCLUDING MDP AND DPRSUBS, SAVER SUB, 3 X HWDP, J AR, 1 X HWDP. TOP OF FISH 3164M."
1740,15_9_19,C:\Users\user\Downloads\eilink_ra_ds\eilink_ra_ds\data\raw_pdfs\15_9_19_S_1992_12_11.pdf,1992-12-11,18:00,2741.0,interruption,,fail,11,FISHING(+6)|state:fail(+5),"CONTINUED TO WORK PIPE FREE AT 2741 M,MAX PULL/DOWNWEIGHT 175/40 TON,MAX TORQUE 33000 FT-LBS. CIRCULATED WITH MAX 2900 LTR/MIN. -- fish"
10080,15_9_F_14,C:\Users\user\Downloads\eilink_ra_ds\eilink_ra_ds\data\raw_pdfs\15_9_F_14_2016_09_14.pdf,2016-09-14,07:00,0.0,interruption,wait,ok,11,FISHING(+6)|WAIT(+1)|text:fishing(+4),WOC Meanwhile: - Serviced drilling equipment and prepared fishing tools - Removed masterbushing and inspected diverter and BOP for lost centralizer piece. No findings. - Performed periodic maintenace on drilling equipment
815,15_9_19,C:\Users\user\Downloads\eilink_ra_ds\eilink_ra_ds\data\raw_pdfs\15_9_19_B_1997_11_30.pdf,1997-11-30,00:00,3241.0,interrupti,,fail,11,FISHING(+6)|state:fail(+5),R/U JRC SEVERENCE CHARGE ON ATLAS WIRELINE. ATLAS RIH. on -- fish
3956,15_9_F_11,C:\Users\user\Downloads\eilink_ra_ds\eilink_ra_ds\data\raw_pdfs\15_9_F_11_2013_03_12.pdf,2013-03-12,03:00,0.0,interruption -,,ok,11,FISHING(+6)|REPAIR(+1)|text:fishing(+4),"Waited on additional fishing equipment to be delivered to rig on spud boat Olympic Taurus ETA 10:30 hrs. 11/03/13 - fish Meanwhile: Performed general rig maintenance, build reserve spud mud and Hi-vis pill and commisioned MI-Swaco Enviro unit."
842,15_9_19,C:\Users\user\Downloads\eilink_ra_ds\eilink_ra_ds\data\raw_pdfs\15_9_19_B_1997_12_03.pdf,1997-12-03,04:30,54.0,interrupti,,fail,11,FISHING(+6)|state:fail(+5),M/U STEERABLE BHA INCLUDING LO-FLO MWD W/ ANNULAR PRESSURE SUB. MAXIMUM GAS FOR THE DAY - 18% CIRCULATING AT 2100M WHILE RIH WITH CEMENT STING on -- fish ER. TOTAL MUD LOST FOR THE DAY - 28.5 M3.
813,15_9_19,C:\Users\user\Downloads\eilink_ra_ds\eilink_ra_ds\data\raw_pdfs\15_9_19_B_1997_11_29.pdf,1997-11-29,19:30,3241.0,interruption --,,fail,11,FISHING(+6)|state:fail(+5),ATLAS POOH TO 150 M JUST BELOW WELLHEAD. COLLAR LOCATOR INDICATED DRILL PIPE BACKED OFF AT 297M. SCREWED BACK INTO DRILL STRING. fish
7436,15_9_F_12,C:\Users\user\Downloads\eilink_ra_ds\eilink_ra_ds\data\raw_pdfs\15_9_F_12_2009_03_14.pdf,2009-03-14,18:30,0.0,workover,wait,ok,11,WELL_CONTROL(+10)|REPAIR(+1),Waited on Mærsk Production to shut in well and inflow test HMV to 120-5 bar/10 min and DHSV to 120-5 bar/30 min. Had 2.3 bar drop/10 min on HMV and 0.2 b ar drop/30 min on DHSV. Meanwhile performed 5-yearly maintenace on choke manifold and loosened bolts on kill ving valve on BOP in preparation for 5-yearly maintenance.
5265,15_9_F_11,C:\Users\user\Downloads\eilink_ra_ds\eilink_ra_ds\data\raw_pdfs\15_9_F_11_B_2016_09_24.pdf,2016-09-24,23:30,436.0,plug abandon,,ok,11,EQUIPMENT_FAILURE(+4)|FISHING(+6)|REPAIR(+1),"POOH w/ spear BHA (run#11) on 5,5in DP from 909 m to 436 m . Avgerage tripping speed 950 m/hour -- trip Equipment Failure Information Start time Depth mMD Depth mTVD Sub Equip -- Syst Class Operation Downtime ((min)) Equipment Repaired Remark 00:00 3002 miscellaneous equ syst -- hydr pneum power packs 0 00:00 Repair hydraulic hose for Flush mounted slips 00:00 1944 pipe handling equ syst -- vertical pipe handling equ syst 0 00:00 Leak in hydraulic hose on aft PRS"
9825,15_9_F_14,C:\Users\user\Downloads\eilink_ra_ds\eilink_ra_ds\data\raw_pdfs\15_9_F_14_2016_08_08.pdf,2016-08-08,23:30,0.0,plug abandon,othe,ok,11,EQUIPMENT_FAILURE(+4)|FISHING(+6)|REPAIR(+1),"Released spear from fish and R/B same, L/D fish r Equipment Failure Information Start time Depth mMD Depth mTVD Sub Equip -- Syst Class Operation Downtime ((min)) Equipment Repaired Remark 00:00 0 drillstring downhole -- other 0 00:00 M/U wrong XO. XO broken."
818,15_9_19,C:\Users\user\Downloads\eilink_ra_ds\eilink_ra_ds\data\raw_pdfs\15_9_19_B_1997_11_30.pdf,1997-11-30,09:30,3000.0,interrupti,,fail,11,FISHING(+6)|state:fail(+5),WORKED PIPE OUT OF HOLE FROM 3164M TO 3000M. ROTATING 60-100 RPM W/ 15-20K FT X LBS. OCCASIONALLY ATTEMPTED TO BREAK CIRCULATION - PARTIAL RETURN on -- fish S FOR A SHORT PERIOD ONLY. PRESSURE TRAPPED ON DP WHEN PUMP SHUT DOWN. PUMPED TO FILL HOLE WHILE PULLING PIPE. COULD NOT WORK PIPE BACK DOWN HOLE.
812,15_9_19,C:\Users\user\Downloads\eilink_ra_ds\eilink_ra_ds\data\raw_pdfs\15_9_19_B_1997_11_29.pdf,1997-11-29,18:00,3241.0,interruption --,,fail,11,FISHING(+6)|state:fail(+5),"WORKED 32,000 FT. X LBS. AND 20 TURNS RIGHT HAND TORQUE INTO STRING. RELEASED RIGHT HAND TORQUE AND WORKED IT OUT OF DRILL STRING. DRILL fish STRING INADVERTENTLY BACKED OFF WHILE WORKING LEFT TURNS IN AT 25,000 FT.X LBS."
1743,15_9_19,C:\Users\user\Downloads\eilink_ra_ds\eilink_ra_ds\data\raw_pdfs\15_9_19_S_1992_12_12.pdf,1992-12-12,03:00,2741.0,interruption,,fail,11,FISHING(+6)|state:fail(+5),"CONTINUED TO WORK PIPE FREE AT 2741 M,MAX PULL/DOWNWEIGHT 175/40 TON. MAX TORQUE 33000 FT-LBS. PUMPED 210 LTR EZ SPOT PILL EVERY 1/2 HRS. -- fish"
1744,15_9_19,C:\Users\user\Downloads\eilink_ra_ds\eilink_ra_ds\data\raw_pdfs\15_9_19_S_1992_12_12.pdf,1992-12-12,06:00,2741.0,interruption,,fail,11,FISHING(+6)|state:fail(+5),"CONT. ATTEMPTING TO WORK PIPE FREE, NEGATIVE. MOVED EZ-SPOT EVERY HALF HOUR BY PUMPING 210 LITERS. -- fish"
1742,15_9_19,C:\Users\user\Downloads\eilink_ra_ds\eilink_ra_ds\data\raw_pdfs\15_9_19_S_1992_12_12.pdf,1992-12-12,02:00,2741.0,interruption,,fail,11,FISHING(+6)|state:fail(+5),"PUMPED 18 M3 1,45 SG EZ SPOT PILL, DISPLACED SAME WITH 18 M3 1,4 SG MUD. SPOTTED 10,3 M3 AROUND BHA, LEFT 7,7 M3 INSIDE PIPE. -- fish"
807,15_9_19,C:\Users\user\Downloads\eilink_ra_ds\eilink_ra_ds\data\raw_pdfs\15_9_19_B_1997_11_28.pdf,1997-11-28,14:00,3241.0,interruption -,,fail,11,FISHING(+6)|state:fail(+5),"ATTEMPTED TO RIH - NO GO. JARRED DOWN WITH NO PROGRESS. JARRED AND WORKED DRILL STRING UP FROM 3248M TO 3241M. INITIALLY ATTAINED ROTATION AND - fish A WINDOW OF A FEW METERS PIPE RECIPROCATION BUT LOST IT AGAIN. CONTINUED JARRING AND WORKING STRING. HOLE STANDING FULL - NO GAINS, NO LOSSES. ATTEMPTED CIRCULATION WITH NO SUCCESS."
808,15_9_19,C:\Users\user\Downloads\eilink_ra_ds\eilink_ra_ds\data\raw_pdfs\15_9_19_B_1997_11_29.pdf,1997-11-29,00:00,3241.0,interruption --,,fail,11,FISHING(+6)|state:fail(+5),CONTINUED JARRING AND WORKING PIPE UP AND DOWN WITH NO SUCCESS. HOLE CONTINUED TO STAND FULL WITH NO GAINS OR LOSSES. MUD LOST FOR T fish HE DAY: 55.3 M3.
828,15_9_19,C:\Users\user\Downloads\eilink_ra_ds\eilink_ra_ds\data\raw_pdfs\15_9_19_B_1997_12_01.pdf,1997-12-01,14:30,3161.0,interrupti,,fail,11,FISHING(+6)|state:fail(+5),"WASHED DOWN FROM 2935M TO TOP OF FISH AT 3161M. HIGH TORQUE IN PLACES, OTHERWISE MET LITTLE RESISTENCE. MEANWHILE RAISED MUD WEIGHT FROM 1.49 S on -- fish G TO 1.52 SG. CUTTINGS/CAVINGS DECREASED. ECD INCREASED FROM 1.61 SG TO 1.64 SG. SLIGHT LOSSES - APPROX. 2 M3/HR WHILE CIRCULATING AT 1800 LPM."
3157,15_9_F_10,C:\Users\user\Downloads\eilink_ra_ds\eilink_ra_ds\data\raw_pdfs\15_9_F_10_2009_04_29.pdf,2009-04-29,08:15,2328.0,drilling,ream,ok,11,STUCK_PIPE(+8)|text:overpull(+3),"Pulled from 2351m to 2328m. Observed 30 ton overpull. Observed pack off repetedly. Worked string from 2360m to 2328m, 0-4500 l/min, 0-270 bar, 0-120 r pm, 0-25 kNm, 0-30 ton over pull."
11152,15_9_F_15,C:\Users\user\Downloads\eilink_ra_ds\eilink_ra_ds\data\raw_pdfs\15_9_F_15_A_2008_12_19.pdf,2008-12-19,20:30,1532.0,drilling --,,ok,11,STUCK_PIPE(+8)|TIGHT_HOLE(+3),Encountered tight spot at 1532 m MD. Not able to pass with 25 MT setdown weight. Worked string several times in attempt to pass restriction. Pumped at 1000 lpm / 10 bar and rotated 5 R casing PM within 15 kNm limit. Increased set down weight to 30 MT and passed restriction. Observed pack off / rapid pressure build up to 20 bar - shut down pumps.
862,15_9_19,C:\Users\user\Downloads\eilink_ra_ds\eilink_ra_ds\data\raw_pdfs\15_9_19_B_1997_12_05.pdf,1997-12-05,00:00,2983.0,interrupti,,fail,11,FISHING(+6)|state:fail(+5),"MIXED/PUMPED 5,4 M3 1,95 SG CMT. + 1,5 M3 1,69 SG SPACER - Ø MAXIMUM RATE OF 400 LPM. DISPLACED CMT. W/RIG PUMP-Ø 400 LPM. SLOWED RATE TO 280 LPM ONCE on -- fish CMT. CLEARED END OF DP/STINGER. RECORDED 0,5 M3 OF MUD LOSS DURING THE DISPLACEMENT; NO LOSS DURING PUMPING OF CMT. SIDETRACK PLUG FROM 2983 - 2 835 M. CIP Ø 0145 HRS."
858,15_9_19,C:\Users\user\Downloads\eilink_ra_ds\eilink_ra_ds\data\raw_pdfs\15_9_19_B_1997_12_04.pdf,1997-12-04,20:30,3004.0,interruptio,,fail,11,FISHING(+6)|state:fail(+5),WASHED DOWN LAST STAND FROM 2980 - 3004 M Ø 500 LPM; STARTED LOSING MUD Ø 4 M3/HR. n -- fish
855,15_9_19,C:\Users\user\Downloads\eilink_ra_ds\eilink_ra_ds\data\raw_pdfs\15_9_19_B_1997_12_04.pdf,1997-12-04,13:00,2100.0,interruptio,,fail,11,FISHING(+6)|state:fail(+5),"CIRCULATED Ø 2100 M TO ACHIEVE EVEN MUD WT. & TO CLEAN SHAKERS. INCREASED CIRC. RATE TO 1300 LPM MAXIMUM - VIA STEP INCREASES. AFTER BTMS UP, SHAK n -- fish ERS WERE CLEAN BUT MUD WT. OUT = 1,55 SG. CONTINUED TO CIRC. UNTIL 1,52 SG MUD WT. COMING OUT. NOTE: BOOSTED RISER DURING CIRCULATING; NO MUD LOS SES DURING CIRCULATION."
7722,15_9_F_12,C:\Users\user\Downloads\eilink_ra_ds\eilink_ra_ds\data\raw_pdfs\15_9_F_12_2016_08_19.pdf,2016-08-19,01:45,0.0,interruption,repair,ok,11,WELL_CONTROL(+10)|REPAIR(+1),"Continued discussing way forward. Discussed risks, barrier status, well control contingencies. Agreed to attempt to pull tubing hanger with 152bar trapped press ure below DHSV. Updated change log. Meanwhile applied 20 bar to tubing and inflow tested DHSV, Good. Continued with rig maintenance and pressure tested valves S1 and C26, good"
10939,15_9_F_15,C:\Users\user\Downloads\eilink_ra_ds\eilink_ra_ds\data\raw_pdfs\15_9_F_15_2008_12_05.pdf,2008-12-05,23:45,0.0,plug aband,,ok,11,EQUIPMENT_FAILURE(+4)|FISHING(+6)|REPAIR(+1),Changed primary seal in diverter overshot. on -- other Equipment Failure Information Start Depth Sub Equip -- Syst Class Operation Downtime Equipment Remark time mMD mTVD ((min)) Repaired 00:00 2631 mud and bulk syst -- mud mixing storage 0 00:00 Problem with mixing found hopper blocked and cell feeder did shut off. 00:00 2127 pipe handling equ syst -- vertical pipe handling equ 0 00:00 Investigated fault with PRS. Found VFD Variable frequency drive fault. Fault syst reset.
3352,15_9_F_10,C:\Users\user\Downloads\eilink_ra_ds\eilink_ra_ds\data\raw_pdfs\15_9_F_10_2009_05_12.pdf,2009-05-12,08:15,2850.0,drilling,rea,ok,11,STUCK_PIPE(+8)|TIGHT_HOLE(+3),"Washed/ reamed down from 2854 m to 2882 with 1000 lpm/ 25 bar - 50 RPM/ 14-23 kNm. Worked tight spots. Increased pumprate to 2900 lpm/ 166 bar. Backreamed stand to 2857 m and observed a pressure peak to 195 bar and packed off the hole. Resiprocated string and attempted to stage up flowrate slowly with 10 SPM, no return seen. Dry reamed out from 285 7 m to 2850 m. Lost 2,5 m3 to formation."
1820,15_9_19,C:\Users\user\Downloads\eilink_ra_ds\eilink_ra_ds\data\raw_pdfs\15_9_19_S_1992_12_18.pdf,1992-12-18,23:30,1470.0,interruption,sidetrack,ok,11,STUCK_PIPE(+8)|text:overpull(+3),HOLE PACKED OFF. UNABLE TO CIRCULATE/ROTATE. WORKED PIPE FREE WITH 40 TONS OVERPULL.
3173,15_9_F_10,C:\Users\user\Downloads\eilink_ra_ds\eilink_ra_ds\data\raw_pdfs\15_9_F_10_2009_04_30.pdf,2009-04-30,08:45,2013.0,drilling,circulating,ok,11,STUCK_PIPE(+8)|text:overpull(+3),"Packed off stright afher connection. Took 10-15 ton over pull at 2013m. RIH to 2021m. Established circulation, staged pumps to 4500 l/min, 265 bar, 150 rp conditioning m, 10-15 kNm."
684,15_9_19,C:\Users\user\Downloads\eilink_ra_ds\eilink_ra_ds\data\raw_pdfs\15_9_19_B_1997_11_11.pdf,1997-11-11,16:30,2231.0,drilling,drill,ok,11,STUCK_PIPE(+8)|text:overpull(+3),"WASHED DOWN WITH 400 L/MIN TO OUTSIDE WINDOW AND OBSERVED SLIGHT PACK OFF. PULLED INTO WINDOW, NO OVERPULL. CONTINUED WASHING W/400 L/MI N TO 2223M. INCREASED PUMP RATE TO 1800 L/MIN AND CLEAN HOLE UP TO WINDOW. DRESSED INCONSISTENT CMT FROM 2223 TO FIRM CMT AT 2231M"
836,15_9_19,C:\Users\user\Downloads\eilink_ra_ds\eilink_ra_ds\data\raw_pdfs\15_9_19_B_1997_12_02.pdf,1997-12-02,15:00,3161.0,interrupti,,fail,11,FISHING(+6)|state:fail(+5),"STARTED TO CIRCULATE BOTTOMS UP FROM 3161M. EXPERIENCED LOSSES OF 6 M3/HR CIRCULATING AT 500 LPM, 2.5 M3/HR AT 350 LPM, NO LOSSES AT 250 LPM. SHUT D on -- fish OWN PUMPS. SLOWLY GAINED BACK 3.8 M3. HAD LOST 16.3 M3 - NET LOSS = 12.5 M3. NO UNUSUAL HOLE DRAG EXPERIENCED."
838,15_9_19,C:\Users\user\Downloads\eilink_ra_ds\eilink_ra_ds\data\raw_pdfs\15_9_19_B_1997_12_02.pdf,1997-12-02,18:30,3035.0,interrupti,,fail,11,FISHING(+6)|state:fail(+5),LINED UP HALLIBURTON AND TESTED LINES TO 100 BAR. MIXED AND PUMPED 7.3 M3 1.95 SG CEMENT AND .9 M3 1.69 SG SPACER. LOST 1.5 M3 MUD. LINED UP RIG PUMP A on -- fish ND DISPLACED CEMENT TO BALANCE WITH 23.7 M3 MUD - NO RETURNS ALL PUMPING DONE AT 250 LPM UNTIL CEMENT PASSED STINGER THEN 200 LPM. GAINED 18 BAR PUMP PRESSURE AFTER CEMENT PASSED STINGER.
839,15_9_19,C:\Users\user\Downloads\eilink_ra_ds\eilink_ra_ds\data\raw_pdfs\15_9_19_B_1997_12_02.pdf,1997-12-02,22:00,2560.0,interrupti,,fail,11,FISHING(+6)|state:fail(+5),STARTED POOH. GAINED MUD FROM DP AND ANNULUS - 11 M3 TOTAL - WHILE POOH TO 2560M. GAIN VERY SMALL AT 2560M. PUMPED SLUG. NORMAL HOLE DRAG on -- fish
2386,15_9_19,C:\Users\user\Downloads\eilink_ra_ds\eilink_ra_ds\data\raw_pdfs\15_9_19_ST2_1993_03_15.pdf,1993-03-15,00:00,2100.0,interruption,fish,ok,10,EQUIPMENT_FAILURE(+4)|FISHING(+6),CONTINUED RIH WITH OVERSHOT ASSEMBLY TO 2100M. BROKE CIRCULATION AND RETERMINATED CATCHER AT 1200M.
2574,15_9_19,C:\Users\user\Downloads\eilink_ra_ds\eilink_ra_ds\data\raw_pdfs\15_9_19_ST2_1993_04_08.pdf,1993-04-08,06:00,0.0,interruption,fis,ok,10,FISHING(+6)|text:fishing(+4),"CONT POOH WITH 6,75"" ELECTRO-MAGNET FISHING TOOL ON ATLAS WIRELINE RUN Æ2, RECOVERED 1 EA BOLT AND HALF CUP IRON JUNK. h"
2573,15_9_19,C:\Users\user\Downloads\eilink_ra_ds\eilink_ra_ds\data\raw_pdfs\15_9_19_ST2_1993_04_08.pdf,1993-04-08,03:30,300.0,interruption,fis,ok,10,FISHING(+6)|text:fishing(+4),"RIH WITH 6,75"" ELECTRO-MAGNET FISHING TOOL WITH ATLAS WIRELINE RUN Æ2 TO 3191, SLACKED OFF 3M CABLE AND POOH TO 300 M. h"
2572,15_9_19,C:\Users\user\Downloads\eilink_ra_ds\eilink_ra_ds\data\raw_pdfs\15_9_19_ST2_1993_04_08.pdf,1993-04-08,00:00,0.0,interruption,fis,ok,10,FISHING(+6)|text:fishing(+4),"RIH WITH 6,75"" ELECTRO-MAGNET FISHING TOOL ON ATLAS WIRELINE RUN Æ1 TO TOP LINER PBR AT 3191 M, SLACKED OFF 3 M CABLE. ACTIVATED MAGNET 30 M h ABOVE LINER PBR POOH WITH MAGNET, RECOVERED 1 EA SEGMENT, 1 EA SLIPS FROM RTTS PACKER, AND 1 EA CUP IRON JUNK."
1307,15_9_19,C:\Users\user\Downloads\eilink_ra_ds\eilink_ra_ds\data\raw_pdfs\15_9_19_BT2_1998_01_24.pdf,1998-01-24,07:30,640.0,interruption,mai,fail,10,EQUIPMENT_FAILURE(+4)|REPAIR(+1)|state:fail(+5),"REPAIRED BURST HYDRAULIC HOSE ON UPPER RACKING ARM. NOTE: MOVED RIG 3 M Ø APPROXIMATELY 0830 HRS. & SLOWED LEAK FROM RISER TO 0,3 M3 / HO ntain UR."
9727,15_9_F_14,C:\Users\user\Downloads\eilink_ra_ds\eilink_ra_ds\data\raw_pdfs\15_9_F_14_2016_08_05.pdf,2016-08-05,16:30,338.0,plug abandon,cut,ok,10,WELL_CONTROL(+10),Performed kick drill
2391,15_9_19,C:\Users\user\Downloads\eilink_ra_ds\eilink_ra_ds\data\raw_pdfs\15_9_19_ST2_1993_03_15.pdf,1993-03-15,17:00,3675.0,interruption,fish,ok,10,EQUIPMENT_FAILURE(+4)|FISHING(+6),"BROKE CIRCULATION WITH 7 SPM AND 23 BAR. RIH AND ENGAGED FISH AT 3675M. PULLED BACK 3M TO ENSURE ENGAGEMENT OF FISH. POOH TO 35 12M. BOTTOM OF FISH AT 3545,5M."
2387,15_9_19,C:\Users\user\Downloads\eilink_ra_ds\eilink_ra_ds\data\raw_pdfs\15_9_19_ST2_1993_03_15.pdf,1993-03-15,06:00,3530.0,interruption,fish,ok,10,EQUIPMENT_FAILURE(+4)|FISHING(+6),CONTINUED RIH WITH OVERSHOT TO 3530M. BROKE CIRCULATION AND CHECKED CABLE HEAD AT 2400M AND 3530M.
948,15_9_19,C:\Users\user\Downloads\eilink_ra_ds\eilink_ra_ds\data\raw_pdfs\15_9_19_BT2_1997_12_15.pdf,1997-12-15,00:00,2164.0,interruption,,fail,10,EQUIPMENT_FAILURE(+4)|REPAIR(+1)|state:fail(+5),REPAIRED HYDRAULIC LEAK ON UPPER RACKING ARM - BURST SEAL FOR MAIN SHUTTLE VALVE = SOURCE OF LEAK. -- maintain
4904,15_9_F_11,C:\Users\user\Downloads\eilink_ra_ds\eilink_ra_ds\data\raw_pdfs\15_9_F_11_B_2015_10_31.pdf,2015-10-31,05:00,4530.0,workover,wire,ok,10,WELL_CONTROL(+10),Switched over to tractor mode and RIH to perform 1. PLT flowing pass. Observed higher pullforce on tractor headtension 600 lbs compared to 300 lbs during shut in line passes. Stopped at 4530 m.
4634,15_9_F_11,C:\Users\user\Downloads\eilink_ra_ds\eilink_ra_ds\data\raw_pdfs\15_9_F_11_B_2013_07_01.pdf,2013-07-01,19:00,0.0,completion,completion string,ok,10,WELL_CONTROL(+10),"Performed pre-job meeting prior to rig up tubing equipment. Changed to 7"" handling gear, BX elevators, installed rotator, adjusted link tilt function. Made up kick stand and racked back in derrick. Installed 7"" casing tong and tested same."
2467,15_9_19,C:\Users\user\Downloads\eilink_ra_ds\eilink_ra_ds\data\raw_pdfs\15_9_19_ST2_1993_03_24.pdf,1993-03-24,19:30,1000.0,interruption,repair,fail,10,EQUIPMENT_FAILURE(+4)|REPAIR(+1)|state:fail(+5),REPAIRED HYDRAULIC LEAK ON ATLAS UNIT.
7307,15_9_F_12,C:\Users\user\Downloads\eilink_ra_ds\eilink_ra_ds\data\raw_pdfs\15_9_F_12_2008_01_25.pdf,2008-01-25,17:00,0.0,completion,c,ok,10,WELL_CONTROL(+10),"MU kick assembly. RU csg tong and prepared to run 7"" tubing. Lifted in place BOT and WellDynamics' cable drums. Installed FMS. ompletion strin g"
2677,15_9_19,C:\Users\user\Downloads\eilink_ra_ds\eilink_ra_ds\data\raw_pdfs\15_9_19_ST2_1993_04_20.pdf,1993-04-20,06:00,3900.0,formation evalua,,ok,10,WELL_CONTROL(+10),"CONTINUED RIH WITH BHS TO 3900M WHILE FLOWING WELL ON 12/64"" CHOKE. HAD PICK-UP WEIGHT 430 KG AT 3900M WHILE FLOWING. SHUT IN WELL AT 10:15 HR tion -- drill stem S. test"
7450,15_9_F_12,C:\Users\user\Downloads\eilink_ra_ds\eilink_ra_ds\data\raw_pdfs\15_9_F_12_2009_03_15.pdf,2009-03-15,16:15,0.0,workover,,ok,10,WELL_CONTROL(+10),"Performed well control exercise with Seawell, Schlumberger and Mærsk crew. -- rig up/ down"
4912,15_9_F_11,C:\Users\user\Downloads\eilink_ra_ds\eilink_ra_ds\data\raw_pdfs\15_9_F_11_B_2015_10_31.pdf,2015-10-31,16:45,3986.0,workover,wire,ok,10,WELL_CONTROL(+10),Decision made to not run the additional pass. PLT data was good enough for further decision. Shut in well and POOH. WHP 35 bar. line
2679,15_9_19,C:\Users\user\Downloads\eilink_ra_ds\eilink_ra_ds\data\raw_pdfs\15_9_19_ST2_1993_04_20.pdf,1993-04-20,11:30,0.0,workover,wire,ok,10,WELL_CONTROL(+10),"FLOWED WELL ON 12/64"" CHOKE FROM 11:43 HRS WHILE POOH WITH BHS, SHUT IN WELL AT 12:11 HRS. TOOK GRADIENT STOPS AT 3870M, 3840M AND IN LUBRICAT line OR WHILE POOH."
2671,15_9_19,C:\Users\user\Downloads\eilink_ra_ds\eilink_ra_ds\data\raw_pdfs\15_9_19_ST2_1993_04_19.pdf,1993-04-19,18:30,0.0,formation evaluatio,,ok,10,WELL_CONTROL(+10),"OPENED WELL AT LPR-N VALVE (18:22 HOURS) AND CHOKE MANIFOLD FLOWED WELL ON 23/64"" ADJUSTABLE CHOKE PRIOR TO RUN WIRELINE. SHUT IN WELL n -- drill stem test ON CHOKE MANIFOLD AT 19:10 HOURS."
9942,15_9_F_14,C:\Users\user\Downloads\eilink_ra_ds\eilink_ra_ds\data\raw_pdfs\15_9_F_14_2016_08_13.pdf,2016-08-13,08:00,0.0,interruption,other,ok,10,EQUIPMENT_FAILURE(+4)|FISHING(+6),Broke spear assembly. Attempted to make tongs to fit spear assembly
1603,15_9_19,C:\Users\user\Downloads\eilink_ra_ds\eilink_ra_ds\data\raw_pdfs\15_9_19_S_1992_11_23.pdf,1992-11-23,05:00,506.0,drilling,drill,ok,10,WELL_CONTROL(+10),HELD KICK DRILL
4129,15_9_F_11,C:\Users\user\Downloads\eilink_ra_ds\eilink_ra_ds\data\raw_pdfs\15_9_F_11_2013_03_23.pdf,2013-03-23,11:15,155.0,interruption,othe,ok,10,WELL_CONTROL(+10),"Performed Pre-job, safety and DOP Meeting prior to washing down to find TOC and dress off same to firm cement for kick off. r"
9843,15_9_F_14,C:\Users\user\Downloads\eilink_ra_ds\eilink_ra_ds\data\raw_pdfs\15_9_F_14_2016_08_09.pdf,2016-08-09,14:30,0.0,plug abandon -,,ok,10,WELL_CONTROL(+10),POOH w/ cutter from 136m to surface. Meanwhile performed kick drill 31 sek. L/D cutter - cut
9906,15_9_F_14,C:\Users\user\Downloads\eilink_ra_ds\eilink_ra_ds\data\raw_pdfs\15_9_F_14_2016_08_12.pdf,2016-08-12,01:00,0.0,interruption,repair,ok,10,EQUIPMENT_FAILURE(+4)|FISHING(+6),Installed C-plate and additional BX-elevator as false rotary on top of casing stump. Set of weight of string in BX-elevator and broke connection above. L/D Spear assembly on HTS
4119,15_9_F_11,C:\Users\user\Downloads\eilink_ra_ds\eilink_ra_ds\data\raw_pdfs\15_9_F_11_2013_03_22.pdf,2013-03-22,17:00,0.0,interrupti,,ok,10,WELL_CONTROL(+10),"Confirmed with Production that wells adjacent to F-11 shut in. Performed Pre-job Meeting prior to M/U 26"" steering BHA. on -- oth er"
4896,15_9_F_11,C:\Users\user\Downloads\eilink_ra_ds\eilink_ra_ds\data\raw_pdfs\15_9_F_11_B_2015_10_30.pdf,2015-10-30,08:50,3994.0,workover,wire line,ok,10,WELL_CONTROL(+10),Petec evaluated data. RST data was good. Challenging to evaluate PLT shut in passes. Had to re-arrange wells prior to startup F-11 B for production. Productio n ready to open well.
4095,15_9_F_11,C:\Users\user\Downloads\eilink_ra_ds\eilink_ra_ds\data\raw_pdfs\15_9_F_11_2013_03_20.pdf,2013-03-20,19:00,347.0,interruption --,,ok,10,WELL_CONTROL(+10),"R/U wireline lower sheave, ran wireline gyro and recorded wireline single shoot survey. other Re-calculated projected well path. Discussed survey data and projected well path with town. Decision made to plug back 26"" open hole from bottom at 347 m to 30"" conductor sho e at 202 m, run alternative 26"" BHA configuration mud motor assembly and kick off below 30"" conductor shoe. Wireline Gyro Inclination Survey: Survey station (m) Inclination (deg) Azi (deg) 301.7 0.58 167 305.5 0.68 162"
7531,15_9_F_12,C:\Users\user\Downloads\eilink_ra_ds\eilink_ra_ds\data\raw_pdfs\15_9_F_12_2010_09_23.pdf,2010-09-23,12:45,3080.0,workover,wire,ok,10,WELL_CONTROL(+10),Logged flowing passes between 3000 and 3250 m. Logged down at 40 m/min and up at 10/20/30/40 m/min. Unable to log down passes at 10/20/30 m/min. Positione line d toostring at 3000 m. Shut in well.
7563,15_9_F_12,C:\Users\user\Downloads\eilink_ra_ds\eilink_ra_ds\data\raw_pdfs\15_9_F_12_2014_11_25.pdf,2014-11-25,05:00,0.0,workover,wire line,ok,10,WELL_CONTROL(+10),Built the riser and lubricator sections horizontally on the pipe handling system. Meanwhile notified production dept to start shut in well F-12.
3960,15_9_F_11,C:\Users\user\Downloads\eilink_ra_ds\eilink_ra_ds\data\raw_pdfs\15_9_F_11_2013_03_12.pdf,2013-03-12,17:30,141.0,interruption -,,ok,10,FISHING(+6)|text:fishing(+4),"Removed hatches on lower decks and hole cover. RIH to 80 m with 2 13/16"" ITCO Spear fishing assembly on 5 1/2"" DP to 137 m. ROV located fishing assembly observed same as str - fish ing was lowered down to above TOF to 141 m Called in ROV to inspect Top of Fish (TOF). Meanwhile ROV positione to guide 2 13/16"" ITCO Spear into funnel guide."
3959,15_9_F_11,C:\Users\user\Downloads\eilink_ra_ds\eilink_ra_ds\data\raw_pdfs\15_9_F_11_2013_03_12.pdf,2013-03-12,14:30,0.0,interruption -,,ok,10,FISHING(+6)|text:fishing(+4),"Held pre-job meeting with all involved personal. M/U fishing BHA spear assembly to attempt to engage 3"" ID opening at top of fish. - fish Production confirmed wells F-7, F-12 and F-14 shut-in at 16:01 hrs."
3958,15_9_F_11,C:\Users\user\Downloads\eilink_ra_ds\eilink_ra_ds\data\raw_pdfs\15_9_F_11_2013_03_12.pdf,2013-03-12,11:30,0.0,interruption -,,ok,10,FISHING(+6)|text:fishing(+4),"Prepared fishing BHA with rotary cover inplace. In discussion with town finalised configuration of first fishing run. Performed risk assesment of same and presented to onshore/offshor - fish e management. Requested production to shut-in wells F-7, F-12 and F-14 at 14:30 hrs. Meanwhile: Prepared for fishing operations. ROV observed fish slipping down ca. 20 cm/hr inside template guide funnel."
3961,15_9_F_11,C:\Users\user\Downloads\eilink_ra_ds\eilink_ra_ds\data\raw_pdfs\15_9_F_11_2013_03_12.pdf,2013-03-12,19:00,139.0,interruption -,,ok,10,FISHING(+6)|text:fishing(+4),"Attempted to engage 2 13/16"" ITCO Spear into fish. - fish ROV guided 2 13/16"" ITCO Spear bull nose ca. 5 cm into opening TOF at 143 m (Note: Seabed at 144 m). Worked string 5 rpm, 2KNm, set down weight 0-2 MT and attempted to RIH spear grapple into TOF and engage same. Pulled back and inspected TOF and bull nose with ROV. Evaluated situation, informed production that fishing assembly would be POOH."
3957,15_9_F_11,C:\Users\user\Downloads\eilink_ra_ds\eilink_ra_ds\data\raw_pdfs\15_9_F_11_2013_03_12.pdf,2013-03-12,06:00,0.0,interruption -,,ok,10,FISHING(+6)|text:fishing(+4),Evaluated situation and discussed same with town. Prepared plans for various fishing scenarios and worked on risk analysis for same. - fish Additional fishing equipment arrived at rig onboard spud boat Olympic Taurus at 11:10 hrs. Offloaded spud boat Olympic Taurus and transfered fishing equipment to cantilever deck.
4889,15_9_F_11,C:\Users\user\Downloads\eilink_ra_ds\eilink_ra_ds\data\raw_pdfs\15_9_F_11_B_2015_10_29.pdf,2015-10-29,00:00,3818.0,workover,wire line,ok,10,WELL_CONTROL(+10),"Continued to log RST IC pass at 0,5 m/min across interval from 4200 to 4188 m, 4045 to 3895 m and 3827 up to 3818 m. Meanwhile performed well control drill."
4894,15_9_F_11,C:\Users\user\Downloads\eilink_ra_ds\eilink_ra_ds\data\raw_pdfs\15_9_F_11_B_2015_10_30.pdf,2015-10-30,06:00,4525.0,workover,wire line,ok,10,WELL_CONTROL(+10),Switched over to tractor and tractored back down to 4525 m to perform PLT shut in pass.
4895,15_9_F_11,C:\Users\user\Downloads\eilink_ra_ds\eilink_ra_ds\data\raw_pdfs\15_9_F_11_B_2015_10_30.pdf,2015-10-30,08:25,3994.0,workover,wire line,ok,10,WELL_CONTROL(+10),Switched over to logging mode and performed shut in PLT pass at 20 m/min across interval 4520 to 4000 m. Parked toolstring at 3994 m.
4880,15_9_F_11,C:\Users\user\Downloads\eilink_ra_ds\eilink_ra_ds\data\raw_pdfs\15_9_F_11_B_2015_10_28.pdf,2015-10-28,11:45,2750.0,workover,wire line,ok,10,WELL_CONTROL(+10),"Performed spinner calibration at 10, 20, 30 & 40 m/min. Meanwhile performed well control drill."
9740,15_9_F_14,C:\Users\user\Downloads\eilink_ra_ds\eilink_ra_ds\data\raw_pdfs\15_9_F_14_2016_08_05.pdf,2016-08-05,23:30,0.0,plug abandon,other,ok,10,EQUIPMENT_FAILURE(+4)|FISHING(+6),POOH with fish and set slips on tubing. Removed clamps and released spear. Equipment Failure Information Start Depth Sub Equip -- Syst Class Operation Downtime Equipment Remark time mMD mTVD ((min)) Repaired 00:00 0 miscellaneous equ syst -- o 0 00:00 Cement blocking 1502 hose down to wellhead. Unable to pressure up A-annulus to equalize pressure over ther ASV packer.
3964,15_9_F_11,C:\Users\user\Downloads\eilink_ra_ds\eilink_ra_ds\data\raw_pdfs\15_9_F_11_2013_03_12.pdf,2013-03-12,22:00,138.0,interruption -,,ok,10,FISHING(+6)|text:fishing(+4),"Held pre-job meeting. Attached ROV handling sling to 2 1/2"" - 3 5/8"" Taper Tap assembly and secured same. Informed production of forward fishing operation and RIH to 138 m obser - fish ving fishing string with ROV from 75 m to template. Recorded Up/Down weight 76/72 MT. Meanwhile: ROV visual from 75m to template at seabed."
11117,15_9_F_15,C:\Users\user\Downloads\eilink_ra_ds\eilink_ra_ds\data\raw_pdfs\15_9_F_15_A_2008_12_17.pdf,2008-12-17,22:30,0.0,drilling --,,ok,10,WELL_CONTROL(+10),"Installed casing tong on IR tracks. Made up DP x-over to 13 3/8"" casing swadge. casing Meanwhile lined up cement unit to pump down F-14 injection annulus. Stepped up pressure from 126 bar to 138 bar when sudden leak off to 60 bar was observed. Continued injection and s tepped up pump rate to 1000 lpm / CUP 71 bar. Injected 150 m3 seawater at 1000-1200 lpm. After shut in the pressure stabilized at 50 bar after 1 hour (still 50 bar at 07:00). Bit Record Run Bit IADC Manufacturer Hrs Start End Hole Made ((last Hours Drilled ((last Form Total Hole Total Hrs No.. Size Type Code Drilled mMD 2244HH)) 2244HH)) ROP Made Drilled 2 17.5 in NA Hycalog .3 1378 1378 10 10 3 .3 16 17.5 in RSR616 M322 Reed-Hycalog 80 1381 1381 15.1 15.1 1210 80 M"
477,15_9_19,C:\Users\user\Downloads\eilink_ra_ds\eilink_ra_ds\data\raw_pdfs\15_9_19_A_1997_10_14.pdf,1997-10-14,06:00,0.0,interruption,other,fail,10,EQUIPMENT_FAILURE(+4)|REPAIR(+1)|state:fail(+5),WORKED TO SOLVE CONTACT FAILURE IN SCHLUMB. MDT TOOL STRING. FOUND CONTACT FAILURE ON CHAMBRE MODULE. REPAIRED SAME. TESTED MDT ASSY.
487,15_9_19,C:\Users\user\Downloads\eilink_ra_ds\eilink_ra_ds\data\raw_pdfs\15_9_19_A_1997_10_15.pdf,1997-10-15,20:30,860.0,interruption -,,fail,10,EQUIPMENT_FAILURE(+4)|REPAIR(+1)|state:fail(+5),REPAIRED ON BROKEN HYDRAULIC HOSE ON UPPER RACKING ARM. - maintain
531,15_9_19,C:\Users\user\Downloads\eilink_ra_ds\eilink_ra_ds\data\raw_pdfs\15_9_19_A_1997_10_21.pdf,1997-10-21,11:00,3937.0,formation evaluation,rig up/d,ok,10,WELL_CONTROL(+10),SHUT IN WELL WITH UPPER SUBSEA LUBRICATOR VALVE. R/U WIRELINE LUBRICATOR AND MWS BOTTOM HOLE SAMPLER/GR/CCL. own
10423,15_9_F_15,C:\Users\user\Downloads\eilink_ra_ds\eilink_ra_ds\data\raw_pdfs\15_9_F_15_2008_09_21.pdf,2008-09-21,07:30,42.0,interruptio,,ok,10,FISHING(+6)|text:fishing(+4),"Attempted to screw into DP coupling at 41,6 m MD - negative. Meanwhile traced fishing equipment. n -- fish"
10834,15_9_F_15,C:\Users\user\Downloads\eilink_ra_ds\eilink_ra_ds\data\raw_pdfs\15_9_F_15_2008_11_30.pdf,2008-11-30,21:15,2648.0,plug abandon,trip,ok,10,WELL_CONTROL(+10),RIH open hole from 2534m to 2648m. Performed kick drill 41 sec.
10763,15_9_F_15,C:\Users\user\Downloads\eilink_ra_ds\eilink_ra_ds\data\raw_pdfs\15_9_F_15_2008_11_25.pdf,2008-11-25,11:30,3660.0,drilling,circulating,ok,10,WELL_CONTROL(+10),"Flow checked well, observed rapid increase to Trip Tank, shut in well on upper rams, monitored pressure built up SIDP 0bar (float installed), SICP 6,7 bars. conditioning 11:50 bled off approx 1m³ from well and closed in, SICP 5,0 bar - no pressure built up. 12:18 bled off additional 2.75 m³ from well and closed in, SICP 3,2 bars - no pressure built up. As no pressure built up to original SICP was observed, conclusion is supercharged formation. Continued to bleed off from well, observed decreasing trend in flow back an d decided to open BOP. Total volume bled back from well: 4½ m³."
10714,15_9_F_15,C:\Users\user\Downloads\eilink_ra_ds\eilink_ra_ds\data\raw_pdfs\15_9_F_15_2008_11_22.pdf,2008-11-22,09:30,2519.0,drilling,trip,ok,10,WELL_CONTROL(+10),Flow checked well - static. Performed kick drill 45sec. Serviced the TDS.
10656,15_9_F_15,C:\Users\user\Downloads\eilink_ra_ds\eilink_ra_ds\data\raw_pdfs\15_9_F_15_2008_11_15.pdf,2008-11-15,21:30,2843.0,interruption --,,ok,10,WELL_CONTROL(+10),Lined up and pumped 5 m3 LCM pill at 440 lpm. Spotted pill on TD at 2883 m. Pulled back one stnd to 2843 m while pumping the LCM pill out of the BHA. well control
10655,15_9_F_15,C:\Users\user\Downloads\eilink_ra_ds\eilink_ra_ds\data\raw_pdfs\15_9_F_15_2008_11_15.pdf,2008-11-15,19:15,2883.0,interruption --,,ok,10,WELL_CONTROL(+10),"Staged up pumps to establish loss free rate. Meanwhile continued adding LCM chemicals to active and prepared 150 kg/m3 LCM pill in pit according contingency plan. Monitored well control losses while pumping and reciprocating pipe, Flow 440 lpm / SPP 25 bar / String RPM 10 / TQ 9-10 kNm. Average loss rate 1000 ltrs/hr."
10316,15_9_F_15,C:\Users\user\Downloads\eilink_ra_ds\eilink_ra_ds\data\raw_pdfs\15_9_F_15_2008_09_07.pdf,2008-09-07,14:15,0.0,drilling,bop/wellhead eq,ok,10,WELL_CONTROL(+10),Pulled Master bushing and installed HPDR Spider. uipment 14:45 Informed production to shut in well Oil producer F-14.
10425,15_9_F_15,C:\Users\user\Downloads\eilink_ra_ds\eilink_ra_ds\data\raw_pdfs\15_9_F_15_2008_09_21.pdf,2008-09-21,09:15,1380.0,interruptio,,ok,10,EQUIPMENT_FAILURE(+4)|FISHING(+6),"Made up DP coupling at 41,6 m MD with topdrive. Increased torque in increments of 5 kNm to a total of 45 kNm. String broke free at 45 kNm. n -- fish"
10424,15_9_F_15,C:\Users\user\Downloads\eilink_ra_ds\eilink_ra_ds\data\raw_pdfs\15_9_F_15_2008_09_21.pdf,2008-09-21,08:00,42.0,interruptio,,ok,10,FISHING(+6)|text:fishing(+4),Removed auto slips from rotary. Pulled DP to different positions relative to wellcenter in attempt to enter threads in drillstring. Entered DP thread successfully. Meanwhile traced fishing n -- fish equipment.
3950,15_9_F_11,C:\Users\user\Downloads\eilink_ra_ds\eilink_ra_ds\data\raw_pdfs\15_9_F_11_2013_03_10.pdf,2013-03-10,10:00,0.0,interruption,fi,ok,10,FISHING(+6)|text:fishing(+4),"Discussed situation with town. Mobilized fishermen and fishing equipment. sh ROV attempted to observe TOF in guide funnel, poor visibility in template area. Meanwhile: ROV surveyed of risers, no damage observed. Survised drilling equipment and took onboard bulk from supply vessel."
3899,15_9_F_10,C:\Users\user\Downloads\eilink_ra_ds\eilink_ra_ds\data\raw_pdfs\15_9_F_10_2009_06_15.pdf,2009-06-15,10:30,0.0,drilling,bop/wellhead equipment,ok,10,WELL_CONTROL(+10),Transferred tension from cylinders to TDS. Informed production to shut in.
10420,15_9_F_15,C:\Users\user\Downloads\eilink_ra_ds\eilink_ra_ds\data\raw_pdfs\15_9_F_15_2008_09_21.pdf,2008-09-21,06:00,0.0,interruptio,,ok,10,FISHING(+6)|text:fishing(+4),Discussed fishing alternatives and way forward. n -- fish
529,15_9_19,C:\Users\user\Downloads\eilink_ra_ds\eilink_ra_ds\data\raw_pdfs\15_9_19_A_1997_10_21.pdf,1997-10-21,08:00,3937.0,formation evaluation,drill ste,ok,10,WELL_CONTROL(+10),SHUT IN WELL WITH SELECT TESTER VALVE TO CHECK OPERATION OF VALVE. m test
10322,15_9_F_15,C:\Users\user\Downloads\eilink_ra_ds\eilink_ra_ds\data\raw_pdfs\15_9_F_15_2008_09_07.pdf,2008-09-07,21:00,0.0,drilling,bop/wellhead eq,ok,10,WELL_CONTROL(+10),Removed hot stab. Removed hatches and secured open areas. Shut in water injection wells F-4 and F-5. uipment
10319,15_9_F_15,C:\Users\user\Downloads\eilink_ra_ds\eilink_ra_ds\data\raw_pdfs\15_9_F_15_2008_09_07.pdf,2008-09-07,17:45,0.0,drilling,bop/wellhead eq,ok,10,WELL_CONTROL(+10),"Picked up TBC/HPDR double A, Meanwhile installed guide wires through slot F 15. uipment 17:50 Oil producer F-14 shut in."
9915,15_9_F_14,C:\Users\user\Downloads\eilink_ra_ds\eilink_ra_ds\data\raw_pdfs\15_9_F_14_2016_08_12.pdf,2016-08-12,11:30,789.0,plug abandon,cut,ok,10,EQUIPMENT_FAILURE(+4)|FISHING(+6),"Removed Xover and pup above drill collar. Installed bumper sub. Inspected, cleaned and serviced grapple. Broke out Xover below spear and installed ball sub."
2839,15_9_19,C:\Users\user\Downloads\eilink_ra_ds\eilink_ra_ds\data\raw_pdfs\15_9_19_ST2_1997_07_25.pdf,1997-07-25,06:00,750.0,interruption --,,fail,10,EQUIPMENT_FAILURE(+4)|REPAIR(+1)|state:fail(+5),"ATLAS WIRELINE RIH WITH 9 5/8"" BRIDGE-PLUG. CCL FAILED AGAIN AT 750M. POOH WITH BRIDGE-PLUG; OUT OF HOLE AT 0715 HRS. ATLAS REPAIRED CCL PROBLE repair M."
6736,15_9_F_12,C:\Users\user\Downloads\eilink_ra_ds\eilink_ra_ds\data\raw_pdfs\15_9_F_12_2007_08_26.pdf,2007-08-26,11:30,3109.0,drilling,drill,ok,10,WELL_CONTROL(+10),"Dropped 2 3/4"" drift. Performed kick drill. Flow checked well, well static."
3953,15_9_F_11,C:\Users\user\Downloads\eilink_ra_ds\eilink_ra_ds\data\raw_pdfs\15_9_F_11_2013_03_11.pdf,2013-03-11,06:00,0.0,interruption -,,ok,10,FISHING(+6)|text:fishing(+4),"Evaluated situation and discussed same with town. Prepared plans for various fishing scenerios and mobilized additional equipment. Sent spud boat Olimpic Torres to town to collect - fish additional fishing equipment. Additional fisherman arrived at rig onboard helicopter at 19:51 hrs. Meanwhile: Completed Enviro Unit installation. Pulled ROV back on deck, adjusted to acheive neutral bouyancy, serviced equipment and upgraded software prior to installation of Digiquartz depth sensor. Performed general rig maintanence."
3954,15_9_F_11,C:\Users\user\Downloads\eilink_ra_ds\eilink_ra_ds\data\raw_pdfs\15_9_F_11_2013_03_11.pdf,2013-03-11,22:00,0.0,interruption -,,ok,10,FISHING(+6)|text:fishing(+4),Worked on preparation of fishing operation risk assesment. - fish Fishing equipment ETA. 10:30 hrs.
3955,15_9_F_11,C:\Users\user\Downloads\eilink_ra_ds\eilink_ra_ds\data\raw_pdfs\15_9_F_11_2013_03_12.pdf,2013-03-12,00:00,0.0,interruption -,,ok,10,FISHING(+6)|text:fishing(+4),Conducted fishing operations risk assessment. - fish Meanwhile: Spotted wireline unit on cantilever deck. Performed general rig mainenance.
3951,15_9_F_11,C:\Users\user\Downloads\eilink_ra_ds\eilink_ra_ds\data\raw_pdfs\15_9_F_11_2013_03_10.pdf,2013-03-10,22:30,0.0,interruption,fi,ok,10,FISHING(+6)|text:fishing(+4),Fisherman and fishing equipment arrived at rig onboard two helicopters (arriving 22:30hrs and 22:38hrs). sh Prepared fishing equipment. Meanwhile: ROV perform template survey with poor visibility and found section of BHA laying on sea bed next to template. Bit Record Run Bit Type IADC Manufacturer Hrs Start End Hole Made ((last Hours Drilled ((last Form Total Hole Total Hrs No.. Size Code Drilled mMD 2244HH)) 2244HH)) ROP Made Drilled 1 17.5 in VM-T303DX 415 Hughes Christens 10.8 146 146 5.7 5.7 62 10.8 0 en
6564,15_9_F_12,C:\Users\user\Downloads\eilink_ra_ds\eilink_ra_ds\data\raw_pdfs\15_9_F_12_2007_08_07.pdf,2007-08-07,06:00,0.0,interruption,ot,ok,10,EQUIPMENT_FAILURE(+4)|FISHING(+6),"Continued to work on leak in BOP slick joint. MU BOP mandrel to BOP. PU and ran diverter. Connected hydraulic hoses and overshot hose. Installed outer ring and master b her ushing. RD diverter handling equipment. Meanwhile RU slurry filter pump, performed maintenace and house keeping and prepared equipment for testing BOP."
6469,15_9_F_12,C:\Users\user\Downloads\eilink_ra_ds\eilink_ra_ds\data\raw_pdfs\15_9_F_12_2007_07_30.pdf,2007-07-30,16:30,1031.0,drilling,trip,ok,10,WELL_CONTROL(+10),"RIH with 17 1/2"" drilling BHA on 5 1/2"" DP/HWDP from 200 m to 1031 m MD. Had problems with fingerboard. Meanwhile performed well control drill."
11070,15_9_F_15,C:\Users\user\Downloads\eilink_ra_ds\eilink_ra_ds\data\raw_pdfs\15_9_F_15_2008_12_12.pdf,2008-12-12,10:30,1378.0,plug abandon --,,ok,10,WELL_CONTROL(+10),"Drilled cement below 20"" shoe and new formation from 1368 m to 1381 m MD. Encountered soft cement underneath shoe. Initiated kick-off. Drilling parameters : 4000 lpm / mill SPP 190 bar / ECD 1,43-1,44 / 1-2 MT WOB / 60 RPM / Torque 6-10 kNm. ****Operations transferred to F-15****"
2486,15_9_19,C:\Users\user\Downloads\eilink_ra_ds\eilink_ra_ds\data\raw_pdfs\15_9_19_ST2_1993_03_27.pdf,1993-03-27,06:00,4562.0,formation evaluati,,ok,10,WELL_CONTROL(+10),CONTINUED REV CIRCULATION. FINAL SHUT IN PRESS WHEN STOPPED PUMPING 93 BAR. BLEED OFF PRESS IN STEPS TO TEST LINER/PBR NEGATIVE. OBSERVED on -- circulating co WELL ON TRIP TANK FOR 30 MIN. nditioning
9474,15_9_F_14,C:\Users\user\Downloads\eilink_ra_ds\eilink_ra_ds\data\raw_pdfs\15_9_F_14_2010_09_15.pdf,2010-09-15,04:00,2970.0,workover,wire line,ok,10,WELL_CONTROL(+10),"Choked back and shut in well on PWV. SIWHP 93,9 bar, DHP 293,5 bar, DHT 105,7 deg C."
1195,15_9_19,C:\Users\user\Downloads\eilink_ra_ds\eilink_ra_ds\data\raw_pdfs\15_9_19_BT2_1998_01_12.pdf,1998-01-12,14:00,210.0,interruption --,,fail,10,EQUIPMENT_FAILURE(+4)|REPAIR(+1)|state:fail(+5),"INVESTIGATED HYDRAULIC LEAK ON TOP DRIVE. DURING INSPECTION FOUND FOUR BROKEN BOLTS ON TOP DRIVE MOTOR TRUNNION, MAIN ELECTRIC MOTOR L maintain OOSE, LUBE OIL PUMP LOOSE, AIR DISTRIBUTION MANIFOLD LOOSE, AND SEVERAL BROKEN FITTINGS. BEGAN REPAIRING SAME."
949,15_9_19,C:\Users\user\Downloads\eilink_ra_ds\eilink_ra_ds\data\raw_pdfs\15_9_19_BT2_1997_12_15.pdf,1997-12-15,02:00,2167.0,interruption,,fail,10,EQUIPMENT_FAILURE(+4)|REPAIR(+1)|state:fail(+5),"SLACKED-OFF ON LANDING STRING TO 2167 M; HAD SCR FAILURE FOR TDS, DRAWWORKS , & MUD PUMPS. ELECTRICIAN HAD TO TROUBLESHOOT PROBLEM: FOUND -- maintain BURNED ""MAIN CHANGE-OVER SWITCH"" - REPLACED SAME."
8907,15_9_F_14,C:\Users\user\Downloads\eilink_ra_ds\eilink_ra_ds\data\raw_pdfs\15_9_F_14_2008_06_17.pdf,2008-06-17,04:00,600.0,drilling,casing,ok,10,EQUIPMENT_FAILURE(+4)|FISHING(+6),"Continued RIH with 7"" liner from 553 to 600m. Filled every 5'th jnt. Trip time 82 m/hour. Simultaneously continued investigating the leakage. Found Overshot Pa cker leaking fluid and Koomy unit level dropped."
8609,15_9_F_14,C:\Users\user\Downloads\eilink_ra_ds\eilink_ra_ds\data\raw_pdfs\15_9_F_14_2008_05_30.pdf,2008-05-30,13:15,310.0,drilling,casing,ok,10,WELL_CONTROL(+10),Observed gain in trip tank and flow up RTTS running string. Installed kick valve on string. Shut in well and monitored pressures. No increase in pressure observed. Total gain in trip tank was 420 ltrs.
675,15_9_19,C:\Users\user\Downloads\eilink_ra_ds\eilink_ra_ds\data\raw_pdfs\15_9_19_B_1997_11_10.pdf,1997-11-10,22:00,0.0,drilling,trip,ok,10,WELL_CONTROL(+10),"PICKED UP 8 1/2"" KICK OFF BHA; AKO MACH 1 XL WITH 1,2 DEGR SETTING. TESTED MOTOR, OK. MADE UP MWD GR/RES/DIR AND LOAD TO OL."
1338,15_9_19,C:\Users\user\Downloads\eilink_ra_ds\eilink_ra_ds\data\raw_pdfs\15_9_19_BT2_1998_01_26.pdf,1998-01-26,18:00,1465.0,plug aban,,ok,10,EQUIPMENT_FAILURE(+4)|FISHING(+6),"OPENED UPPER ANNULAR & STARTED CIRCULATING BOTTOMS-UP; SPEAR Ø 162 M & CASING CUT Ø 1465 M. STOPPED CIRCULATING WATER BASE MUD Ø 1920 HRS. BE don -- cut CAUSE LOST 3,5 M3 MUD FROM LEAK IN SLIP JOINT. NOTE: MUD WEIGHT IN = 1,38 SG; MUD WEIGHT OUT = 1,33 SG."
9160,15_9_F_14,C:\Users\user\Downloads\eilink_ra_ds\eilink_ra_ds\data\raw_pdfs\15_9_F_14_2008_06_29.pdf,2008-06-29,06:00,0.0,drilling,bo,ok,10,WELL_CONTROL(+10),Removed scaffloding on weather deck. Removed split hatches in weather deck. Removed masterbushing. Confirmed well F-4 shut in with no pressure. Picked up riser and drained out se p/wellhead awater inside. equipment
7454,15_9_F_12,C:\Users\user\Downloads\eilink_ra_ds\eilink_ra_ds\data\raw_pdfs\15_9_F_12_2009_03_15.pdf,2009-03-15,19:15,485.0,workover,,ok,10,WELL_CONTROL(+10),"Changed out MEG tanks and re-filled MEG on cmt unit. -- wire lin e Meanwhile held tool box talk prior to equalizing and opening DHSV. Performed well control exercise with Seawell, Schlumberger and Mærsk crew."
7464,15_9_F_12,C:\Users\user\Downloads\eilink_ra_ds\eilink_ra_ds\data\raw_pdfs\15_9_F_12_2009_03_16.pdf,2009-03-16,07:30,0.0,workover,,ok,10,EQUIPMENT_FAILURE(+4)|FISHING(+6),Broke lubricator at in-situ sub and LD combination toolstring. Found centered circular impression on lead impression block confirms that part of running tool for TCP gun hanger was lost in h -- rig up/ ole and is sitting at the top of the TCP gun hanger. down
7521,15_9_F_12,C:\Users\user\Downloads\eilink_ra_ds\eilink_ra_ds\data\raw_pdfs\15_9_F_12_2010_09_22.pdf,2010-09-22,17:30,3080.0,workover,wire line,ok,10,WELL_CONTROL(+10),"Ran PLT shut in passes from 3250 to 3080 m at speed 10/ 20/ 30/ 40 m/min. Up / Down. Took stationary readings at 3080, 3250, 3200 and 3155 m. Pulled up a nd placed PLT at 3080 m."
9192,15_9_F_14,C:\Users\user\Downloads\eilink_ra_ds\eilink_ra_ds\data\raw_pdfs\15_9_F_14_2008_07_01.pdf,2008-07-01,10:30,0.0,completion,,ok,10,WELL_CONTROL(+10),Attached hydrualic control hoses from well control panel to DHSV exit block and HMV actuator. Made up WD chemical injection manifold on wellhead. Re-arranged WD test pump and hoo -- bop/wellh ked up to checmical injection mainfold. Opened KWV and HMV from local control panel. ead equipm ent Meanwhile prepared for running WL.
9185,15_9_F_14,C:\Users\user\Downloads\eilink_ra_ds\eilink_ra_ds\data\raw_pdfs\15_9_F_14_2008_07_01.pdf,2008-07-01,01:00,0.0,completion,,ok,10,WELL_CONTROL(+10),Made up bolts on graylock clamp with Hy-torq kit. Attmepted to fit support bracket shoe/clamp - observed to narrow angle/gap between support bracket and shoe/clamp. Discussed situatio -- bop/wellh n- decided to continue operation as modification of the shoe/clamp would be needed. Suspended flowline in 2 ea 5 MT slings/chainhoists. Removed tugger from flowline. Removed kill line ead equipm on F-12 and moved to F-14. Flushed packer fluid from cement unit and displaced line to drillwater. Pulled hydraulic line from well control panel to XMT deck. Installed hatches and cover. ent Meanwhile serviced TDS and drawworks.
9352,15_9_F_14,C:\Users\user\Downloads\eilink_ra_ds\eilink_ra_ds\data\raw_pdfs\15_9_F_14_2009_03_10.pdf,2009-03-10,03:30,0.0,workover,,ok,10,WELL_CONTROL(+10),"Made up quick union between WL riser and lubricator. Lined up to pump from cement unit. Filled lubricator with MEG. Pressure tested WL rig up to 30/200 bar 5/10 min - ok. Bled off pressur -- rig up/ e to cement unit and inflow tested check valve in bleed off line to 200 bar differential - ok. Meanwhile held wellcontrol drill/brief and toolbox talk prior to RIH. Bled off pressure to 20 bar to clos down ed drain. Closed KWV. Opened HMV, pressure above DHSV 0,5 bar. Opened KVW."
9356,15_9_F_14,C:\Users\user\Downloads\eilink_ra_ds\eilink_ra_ds\data\raw_pdfs\15_9_F_14_2009_03_10.pdf,2009-03-10,07:00,500.0,workover,,ok,10,WELL_CONTROL(+10),Performed toolbox talk/handover meeting. Conducted well control drill. -- wire lin e
7480,15_9_F_12,C:\Users\user\Downloads\eilink_ra_ds\eilink_ra_ds\data\raw_pdfs\15_9_F_12_2009_03_17.pdf,2009-03-17,12:15,2929.0,workover,wait,ok,10,WELL_CONTROL(+10),Shut in well. Recorded SIWHP was 117 bar.
9417,15_9_F_14,C:\Users\user\Downloads\eilink_ra_ds\eilink_ra_ds\data\raw_pdfs\15_9_F_14_2009_03_13.pdf,2009-03-13,19:30,0.0,workover,ri,ok,10,WELL_CONTROL(+10),"Waited on Mærsk Production to shut in well and inflow test HMV to 119-5 bar/10 min and DHSV to 119-5 bar/30 min. Had 0.7 bar drop/10 min on HMV and 0.3 bar drop/30 min on D g up/down HSV. Bled off pressure to 0 bar above DHSV. Isolated HMV. Confirmed valve status and handed over well to drilling at midnight. Meanwhile cleaned in moonpool area and injected slop. Held tool box meeting for RD lubricator, LD toolstring and performe dual lift of WL riser. Sorted out problem with exhaust fum es on drillfloor."
1184,15_9_19,C:\Users\user\Downloads\eilink_ra_ds\eilink_ra_ds\data\raw_pdfs\15_9_19_BT2_1998_01_11.pdf,1998-01-11,02:30,4094.0,formation evaluation,,ok,10,TIGHT_HOLE(+3)|EQUIPMENT_FAILURE(+4)|text:overpull(+3),"POOH. 20-30 TONS MAXIMUM OVERPULL ABOVE NORMAL DRAG. AFTER SETTING BACK STAND AT 4075M HOLE WAS TIGHT - 60 TONS OVERPULL. P/U -- trip STAND, M/U TOP DRIVE, BROKE CIRCULATION AND WASHED AND REAMED TO 4094M. AFTER BREAKING AND LAYING OUT SINGLE PIPE WAS FOUND TO BE TO B E STUCK AT 4094M."
8879,15_9_F_14,C:\Users\user\Downloads\eilink_ra_ds\eilink_ra_ds\data\raw_pdfs\15_9_F_14_2008_06_15.pdf,2008-06-15,20:15,3536.0,drilling,trip,ok,10,WELL_CONTROL(+10),"Held tool box talk and started POOH with 8½"" drilling BHA wet 5 std. from 3750m to 3536m. Held kick drill. Trip time in open hole 142 m/hours"
5874,15_9_F_11,C:\Users\user\Downloads\eilink_ra_ds\eilink_ra_ds\data\raw_pdfs\15_9_F_11_T2_2013_05_09.pdf,2013-05-09,17:45,4407.0,drilling,trip,ok,10,TIGHT_HOLE(+3)|EQUIPMENT_FAILURE(+4)|text:overpull(+3),"Pulled out of hole with 8 1/2"" bottom hole assembly from 4562m MD to 4467m MD. Took 5MT overpull at 4467m MD. Attempted to pass restriction several times with maximum 30MT - no go. Attempted to run in hole with 8 1/2"" bottom hole assembly with up to 40 MT - no go. Established circulation with 1300 lpm and 54 bar, no losses. Attempted to establish rotatio n - no go. Applied full string weight, and established rotation. Reamed stand down from 4467m MD to 4482m MD. Attempted to ream stand up several times - no go. Stalled out at 4467m MD. Stopped rotation and circulation and attempted to pull 8 1/2"" bottom hole assembly out of hole from 4467m MD - no go. Established rotation with 50 rpm. Got passed restriction. Pulled / reamed out of hole with 8 1/2"" bottom hole assembly from 4467m MD to 4407m MD with 1400 lpm, 31 bar, 50 rpm and 16-30 kNm. Observed tight spots at 4468m and 4460m."
1937,15_9_19,C:\Users\user\Downloads\eilink_ra_ds\eilink_ra_ds\data\raw_pdfs\15_9_19_ST2_1993_01_04.pdf,1993-01-04,08:00,3141.0,interruption,,fail,10,EQUIPMENT_FAILURE(+4)|REPAIR(+1)|state:fail(+5),ATTEMPTED TO GET SURVEY NEG. MWD TOOL FAILURE. -- repair
2456,15_9_19,C:\Users\user\Downloads\eilink_ra_ds\eilink_ra_ds\data\raw_pdfs\15_9_19_ST2_1993_03_23.pdf,1993-03-23,11:30,1000.0,drilling,circulatin,fail,10,EQUIPMENT_FAILURE(+4)|REPAIR(+1)|state:fail(+5),"RIH WITH CCL/JUNK BASKET/ GAUGERING, EXPERIENCED TOOL FAILURE AT 1000M. POOH AND ATTEMPTED TO LOCATE AND REPAIR FAILURE. RIGGED DOWN AT g conditioning LAS WIRELINE."
5496,15_9_F_11,C:\Users\user\Downloads\eilink_ra_ds\eilink_ra_ds\data\raw_pdfs\15_9_F_11_T2_2013_03_26.pdf,2013-03-26,00:00,438.0,interrupti,,ok,10,TIGHT_HOLE(+3)|EQUIPMENT_FAILURE(+4)|text:overpull(+3),"Prepared POOH from bottom at 453 m. Installed grease pump in crown block. Oriented 26"" steering BHA. Displaced well to 1.35 sg KCl mud, 1100 - 3100 l/min, 8 - 70 bar. Confirmed barrier on -- rep ed off rig floor and cantelever. POOH from 454 m, recorded overpull of 30 tons. Broke circulation 650 l/min, 10 bar, 40 RPM, 15 kNm. POOH up through tight spot from 454 to 438 m. Stand of air 5 1/2"" DP mistakenly released from elevators while still connected in rotary."
8610,15_9_F_14,C:\Users\user\Downloads\eilink_ra_ds\eilink_ra_ds\data\raw_pdfs\15_9_F_14_2008_05_30.pdf,2008-05-30,14:30,292.0,drilling,casing,ok,10,WELL_CONTROL(+10),"Opened auto choke and observed no gain in TT through mud gas separator. Opened kick valve and observed no flow. POOH with running tool on 5 1/2"" DP from 310 m to 29 2 m. Could not rack back 5 1/2"" DP due to lower arm on FWD PRS not working."
685,15_9_19,C:\Users\user\Downloads\eilink_ra_ds\eilink_ra_ds\data\raw_pdfs\15_9_19_B_1997_11_11.pdf,1997-11-11,19:00,2243.0,drilling,drill,ok,10,WELL_CONTROL(+10),TIME DRILLED IN ORIENTED MODE TO KICK OFF WELL FROM 2231M TO 2243M. HELD TOOLFACE AT 90 DEGR LEFT. 60-70% CMT IN CUTTINGS AT 2243M.
8535,15_9_F_14,C:\Users\user\Downloads\eilink_ra_ds\eilink_ra_ds\data\raw_pdfs\15_9_F_14_2008_05_25.pdf,2008-05-25,04:30,133.0,drilling,trip,ok,10,FISHING(+6)|text:fishing(+4),"BO stand to pick out gyro string. Found gyro tool to be 1 m below connection. MU dedicated fishing tool on tugger and removed tool string out of HWDP. Managed to get gyro data from 2655,9 m to mudline. Meanwhile flow checked well. Ok."
8769,15_9_F_14,C:\Users\user\Downloads\eilink_ra_ds\eilink_ra_ds\data\raw_pdfs\15_9_F_14_2008_06_09.pdf,2008-06-09,17:30,140.0,drilling --,,ok,10,EQUIPMENT_FAILURE(+4)|FISHING(+6),Released the spear and POOH with same. Broke off TDS and racked back spear in derrick. casing
8774,15_9_F_14,C:\Users\user\Downloads\eilink_ra_ds\eilink_ra_ds\data\raw_pdfs\15_9_F_14_2008_06_09.pdf,2008-06-09,21:45,140.0,drilling --,,ok,10,EQUIPMENT_FAILURE(+4)|FISHING(+6),"Picked up spear assy and broke/laid out same, racked 5½"" HWDP in derrick. casing"
765,15_9_19,C:\Users\user\Downloads\eilink_ra_ds\eilink_ra_ds\data\raw_pdfs\15_9_19_B_1997_11_24.pdf,1997-11-24,13:30,2025.0,interruption -,,fail,10,EQUIPMENT_FAILURE(+4)|WAIT(+1)|state:fail(+5),CIRCULATED AND CONDITIONED MUD. POOH TO 2096M. CIRCULATED BOTTOMS UP AT 2000 LPM MAX. MAX GAS 8.8% BOTTOMS UP FROM WELLHEAD. GAS STABILIZED - waiting on AT 2%. POOH. BROKE OUT EDPHOT AND REMADE EDPHOT STAND AND RACKED IN DERRICK. weather
7826,15_9_F_12,C:\Users\user\Downloads\eilink_ra_ds\eilink_ra_ds\data\raw_pdfs\15_9_F_12_2016_08_22.pdf,2016-08-22,07:30,0.0,plug aban,,ok,10,WELL_CONTROL(+10),"Carried out weekly HSE drill, table top exercise regarding volumetric well control don -- oth er"
7887,15_9_F_12,C:\Users\user\Downloads\eilink_ra_ds\eilink_ra_ds\data\raw_pdfs\15_9_F_12_2016_08_24.pdf,2016-08-24,05:30,0.0,plug aband,,ok,10,FISHING(+6)|text:fishing(+4),P/U and M/U fishing BHA (run#21) on -- other
8731,15_9_F_14,C:\Users\user\Downloads\eilink_ra_ds\eilink_ra_ds\data\raw_pdfs\15_9_F_14_2008_06_07.pdf,2008-06-07,09:00,0.0,drilling --,,ok,10,EQUIPMENT_FAILURE(+4)|FISHING(+6),Released Spear and POOH to surface. Broke off TDS and racked stand back. casing
7902,15_9_F_12,C:\Users\user\Downloads\eilink_ra_ds\eilink_ra_ds\data\raw_pdfs\15_9_F_12_2016_08_24.pdf,2016-08-24,15:45,0.0,plug aband,,ok,10,EQUIPMENT_FAILURE(+4)|FISHING(+6),"Broke-out TDS and POOH w/ spear BHA. Observed fish on spear. Released spear and L/D fish, R/B spear on -- trip"
730,15_9_19,C:\Users\user\Downloads\eilink_ra_ds\eilink_ra_ds\data\raw_pdfs\15_9_19_B_1997_11_17.pdf,1997-11-17,09:00,1905.0,interruption,,fail,10,EQUIPMENT_FAILURE(+4)|REPAIR(+1)|state:fail(+5),RIG REPAIR: REMOVED DAMAGED HEAD AND CYLINDER ON UPPER RACKING ARM. DISMANTLED TELESCOPE CYLINDER ON STANDLIFT ARM AND MOUNTED SAME ON U -- maintain PPER RACKING ARM. REPAIRED URA HEAD AND FINGER AND FABRICATED NEW PROTECTION BUMPER FOR FINGER AND ARM TILT. CHANGED BROKEN SAFETY SHEAR PI NS FOR RACKING ARM. OBSERVED WELL ON TRIP TANK.
8733,15_9_F_14,C:\Users\user\Downloads\eilink_ra_ds\eilink_ra_ds\data\raw_pdfs\15_9_F_14_2008_06_07.pdf,2008-06-07,10:15,0.0,drilling --,,ok,10,EQUIPMENT_FAILURE(+4)|FISHING(+6),Broke off and laid out Spear. casing
8309,15_9_F_14,C:\Users\user\Downloads\eilink_ra_ds\eilink_ra_ds\data\raw_pdfs\15_9_F_14_2008_05_11.pdf,2008-05-11,04:45,0.0,drilling,bop/w,ok,10,EQUIPMENT_FAILURE(+4)|FISHING(+6),"POOH with jet sub / 18 3/4"" test plug from 170 m MD to surface. Broke out and laid down 18 3/4"" test plug and jet sub. Broke out and laid down 10 3/4"" Itco spear while tracing extensi ellhead equipm on for link tilt. ent"
7816,15_9_F_12,C:\Users\user\Downloads\eilink_ra_ds\eilink_ra_ds\data\raw_pdfs\15_9_F_12_2016_08_21.pdf,2016-08-21,22:30,0.0,plug abandon,,ok,10,EQUIPMENT_FAILURE(+4)|FISHING(+6),"RIH with 5,5in HWDP to fish BHA, from surface to 113m. M/U TDS to 5,5in DP and tagged top of fish at 138,5m. Rotate to screw into the fish, string stalled out at 6kNm -- other"
7746,15_9_F_12,C:\Users\user\Downloads\eilink_ra_ds\eilink_ra_ds\data\raw_pdfs\15_9_F_12_2016_08_20.pdf,2016-08-20,00:30,2962.0,plug abandon,,ok,10,WELL_CONTROL(+10),"Continued RIH with 5,5in DP from 2521m to 2962m restricted due to back flow. -- cement plug Performed D1 kick drill"
7955,15_9_F_12,C:\Users\user\Downloads\eilink_ra_ds\eilink_ra_ds\data\raw_pdfs\15_9_F_12_2016_08_26.pdf,2016-08-26,18:00,54.0,plug abandon,cut,ok,10,WELL_CONTROL(+10),POOH w/ EZSV running tool/cutter BHA (run#27) from 873m to 54m. Pulling wet using mud backet. Meanwhile carried out kick drill
7172,15_9_F_12,C:\Users\user\Downloads\eilink_ra_ds\eilink_ra_ds\data\raw_pdfs\15_9_F_12_2008_01_13.pdf,2008-01-13,09:00,2175.0,completion,circulati,ok,10,WELL_CONTROL(+10),Removed PS-30 automatic slips and inserted masterbushing. Conducted kick drill. Secured well prior to ESD testing. ng conditioning
7090,15_9_F_12,C:\Users\user\Downloads\eilink_ra_ds\eilink_ra_ds\data\raw_pdfs\15_9_F_12_2008_01_04.pdf,2008-01-04,21:45,425.0,completion,circulating c,ok,10,WELL_CONTROL(+10),Made up kick joint with FOSV and tested same - ok. onditioning
7088,15_9_F_12,C:\Users\user\Downloads\eilink_ra_ds\eilink_ra_ds\data\raw_pdfs\15_9_F_12_2008_01_04.pdf,2008-01-04,17:30,0.0,completion,circulating c,ok,10,WELL_CONTROL(+10),Cleared rigfloor. Prepared well control equipment. onditioning
3662,15_9_F_10,C:\Users\user\Downloads\eilink_ra_ds\eilink_ra_ds\data\raw_pdfs\15_9_F_10_2009_06_03.pdf,2009-06-03,13:30,5215.0,drilling --,,ok,10,TIGHT_HOLE(+3)|EQUIPMENT_FAILURE(+4)|text:overpull(+3),"POOH with 8 1/2"" drilling BHA on 5 1/2"" DP from 5320 m to 5215 m MD. Parameters : Flow 2200 lpm / SPP 230-240 bar. Took >20 MT overpull at 5215 m MD. Attempted to rotate to move pi drill pe down - negative. Worked string free by comming down with 60 MT downweight and applying 33 kNm - pipe free. Standpipe pressure stable around 235 bar. Washed and reamed upwards 2200 lpm / 20 RPM, took 20-25 MT overpull and string stalled out. Worked string free by setting down full string weight. Washed and reamed through tight area with 2200 lpm / 60-120 RPM."
10836,15_9_F_15,C:\Users\user\Downloads\eilink_ra_ds\eilink_ra_ds\data\raw_pdfs\15_9_F_15_2008_11_30.pdf,2008-11-30,22:00,2648.0,plug abandon,other,ok,10,WELL_CONTROL(+10),"Shut in well on UPR pipe ram. Monitored pressure build up on choke. No pressure build up seen. Heavy rain, rain water into well 6 l/min."
10853,15_9_F_15,C:\Users\user\Downloads\eilink_ra_ds\eilink_ra_ds\data\raw_pdfs\15_9_F_15_2008_12_02.pdf,2008-12-02,13:15,2034.0,plug abandon,circu,ok,10,WELL_CONTROL(+10),Racked back one stand. Conducted kick drill 50 sec. lating conditioning
8217,15_9_F_14,C:\Users\user\Downloads\eilink_ra_ds\eilink_ra_ds\data\raw_pdfs\15_9_F_14_2007_12_09.pdf,2007-12-09,08:00,717.0,drilling,dri,ok,10,TIGHT_HOLE(+3)|EQUIPMENT_FAILURE(+4)|text:overpull(+3),"ll POOH with 26"" drilling BHA from 1072 m MD to 717 m MD. Tight spots when POOH: 807-800 m: 10-15 MT overpull 770-764 m: 13-16 MT overpull 758-754 m: 10-14 MT overpull 725-720 m: 16-21 MT overpull Encountered leak on PS21 slips."
3078,15_9_F_10,C:\Users\user\Downloads\eilink_ra_ds\eilink_ra_ds\data\raw_pdfs\15_9_F_10_2009_04_23.pdf,2009-04-23,01:45,1360.0,drilling,casing,ok,10,TIGHT_HOLE(+3)|EQUIPMENT_FAILURE(+4)|text:overpull(+3),"Bit stalled out at 35 kNm at 1360,6 m MD. Released torque in string. Worked string free with 20 MT overpull - string free with no excessive drag. Reamed tight area."
10467,15_9_F_15,C:\Users\user\Downloads\eilink_ra_ds\eilink_ra_ds\data\raw_pdfs\15_9_F_15_2008_09_23.pdf,2008-09-23,11:30,212.0,drilling,other,ok,10,WELL_CONTROL(+10),Conducted kick drill. Installed TIW. Meanwhile troubleshot ZMS / control system.
2888,15_9_F_10,C:\Users\user\Downloads\eilink_ra_ds\eilink_ra_ds\data\raw_pdfs\15_9_F_10_2009_04_10.pdf,2009-04-10,18:00,202.0,drilling,casing,ok,10,WELL_CONTROL(+10),"Waited on cement to set up. At 22:00, checked inclinometer x/y readings 0,2/0,12. Weight in block 97 MT. Issued notice for shut in of adjacent wells at 23:30."
2874,15_9_F_10,C:\Users\user\Downloads\eilink_ra_ds\eilink_ra_ds\data\raw_pdfs\15_9_F_10_2009_04_10.pdf,2009-04-10,06:00,45.0,interruption,waiting,ok,10,WELL_CONTROL(+10),Waited on weather. Issued notice to shut in adjacent wells at 06:45. Meanwhile removed end stops on HTS. Made up aluminium inner string on HTS. on weather
2954,15_9_F_10,C:\Users\user\Downloads\eilink_ra_ds\eilink_ra_ds\data\raw_pdfs\15_9_F_10_2009_04_16.pdf,2009-04-16,05:30,146.0,drilling,trip,ok,10,WELL_CONTROL(+10),"POOH with 26"" drilling BHA from 250 m to 146 m MD. Removed PS-21 slips and installed master bushing. Confirmed adjacent wells shut in at 05:45."
3340,15_9_F_10,C:\Users\user\Downloads\eilink_ra_ds\eilink_ra_ds\data\raw_pdfs\15_9_F_10_2009_05_11.pdf,2009-05-11,21:30,192.0,drilling,trip,ok,10,WELL_CONTROL(+10),Removed PS-21 slips and installed master bushing. Performed kick drill with involved personnel.
3002,15_9_F_10,C:\Users\user\Downloads\eilink_ra_ds\eilink_ra_ds\data\raw_pdfs\15_9_F_10_2009_04_19.pdf,2009-04-19,04:15,1389.0,drilling,casin,ok,10,WELL_CONTROL(+10),"Lined up to cement unit. Bled back to cement unit, in total 2,3 m3 before backflow stopped. Issued instruction to shut in adjacent wells at 04:40. g"
3004,15_9_F_10,C:\Users\user\Downloads\eilink_ra_ds\eilink_ra_ds\data\raw_pdfs\15_9_F_10_2009_04_19.pdf,2009-04-19,06:00,1389.0,drilling,casin,ok,10,WELL_CONTROL(+10),Mounted tension cylinders on Centralizer deck. ROV brought WH cap to seabed. Verified adjacent wells shut in at 06:30. g
3014,15_9_F_10,C:\Users\user\Downloads\eilink_ra_ds\eilink_ra_ds\data\raw_pdfs\15_9_F_10_2009_04_19.pdf,2009-04-19,17:30,0.0,drilling,bop/,ok,10,WELL_CONTROL(+10),Function tested and performed pre-operational checks on TBC according to Vetco procedure. Brought boat collission stool from drillfloor to Centralizer deck. Installed RLGF on wellhea wellhead equip d using aft crane and ROV. Verified production shut in of adjacent wells at 18:50. ment
2988,15_9_F_10,C:\Users\user\Downloads\eilink_ra_ds\eilink_ra_ds\data\raw_pdfs\15_9_F_10_2009_04_18.pdf,2009-04-18,11:15,1238.0,interruptio,,ok,9,FISHING(+6)|text:overpull(+3),Attempted to free string while circulating at 2000 lpm. Set down / overpull 60/60 MT. Increased set down weight to 80 MT and observed string comming free. Took up/down weights 270/22 n -- fish 0 MT. Cummulative volume of seawater pumped ~300 m3.
10551,15_9_F_15,C:\Users\user\Downloads\eilink_ra_ds\eilink_ra_ds\data\raw_pdfs\15_9_F_15_2008_10_01.pdf,2008-10-01,21:15,1774.0,drilling,casing,ok,9,EQUIPMENT_FAILURE(+4)|text:emergency(+5),"RIH with 9 5/8"" csg from 1362 m to 1774 m. Filled every std using FAC tool. Tripping speed: 4-5 std/hr. Top section of fwd PRS moved forward (along top-most track) until drive section released/broke off and fell over to the side, resting against the upper part of the derrick. Emergency stop was activated. No personnel on drillfloor during the incident. Area was barried off. No dropped objects."
63,15_9_19,C:\Users\user\Downloads\eilink_ra_ds\eilink_ra_ds\data\raw_pdfs\15_9_19_A_1997_08_02.pdf,1997-08-02,16:00,2199.0,drilling --,,fail,9,text:lost circulation(+4)|state:fail(+5),"WORKED STRING DOWN TO 2199 M BIT DEPTH - 16 M BELOW WINDOW'S BOTTOM. HOLE PACKED-OFF;LOST CIRCULATION SEVERAL TIMES. ATTEMPTED TO ESTABLISH CI drill RCULATION - IN STEPS - AT DIFFERENT FLOW RATES WHILE ROTATING AT 80- 120 RPM / PROBLEMS =PACKING-OFF,LOST CIRCULATION, TORQUING-UP OF DRILLSTRING. T ORQUE WOULD INCREASE & THEN RETURNS WOULD BE LOST."
442,15_9_19,C:\Users\user\Downloads\eilink_ra_ds\eilink_ra_ds\data\raw_pdfs\15_9_19_A_1997_10_09.pdf,1997-10-09,05:00,0.0,interruption,,fail,9,EQUIPMENT_FAILURE(+4)|state:fail(+5),WESTERN / ATLAS HAD INDICATION OF PERIODICAL FAILURE ON LOGGING TOOL. CHANGED OUT CABLE HEAD. -- other
440,15_9_19,C:\Users\user\Downloads\eilink_ra_ds\eilink_ra_ds\data\raw_pdfs\15_9_19_A_1997_10_09.pdf,1997-10-09,03:30,0.0,interruption,,fail,9,EQUIPMENT_FAILURE(+4)|state:fail(+5),WESTERN / ATLAS INVESTIGATED POWER FAILURE ON LOGGING TOOL. CHANGED OUT SWIVEL AND MU NEW CONNECTION. -- other
326,15_9_19,C:\Users\user\Downloads\eilink_ra_ds\eilink_ra_ds\data\raw_pdfs\15_9_19_A_1997_09_03.pdf,1997-09-03,06:00,0.0,interruption,r,fail,9,EQUIPMENT_FAILURE(+4)|state:fail(+5),TEST OF SEAL ASSEMBLY FAILED. POOH WITH ST CASING HANGER RUNNING TOOL. epair
767,15_9_19,C:\Users\user\Downloads\eilink_ra_ds\eilink_ra_ds\data\raw_pdfs\15_9_19_B_1997_11_24.pdf,1997-11-24,18:30,3054.0,interruption -,,fail,9,EQUIPMENT_FAILURE(+4)|state:fail(+5),BROKE CIRCULATION AT 250 LPM WITH NO LOSSES. INCREASED RATE TO 1000 LPM AND BEGAN LOSING MUD AT 15 M3/HR. REDUCED CIRCULATING RATE TO 500 LPM - - lost circulat LOSSES AT 12 M3/HR. REDUCED CIRCULATING RATE TO 250 LPM - LOSSES AT 9 M3/HR. FLOWCHECKED - HOLE STOOD FULL WITH 30 BAR BACK PRESSURE ON DP. BLED ion OFF DP PRESSURE AND POOH 1 STAND TO 3025. NO MUD GAINED.
766,15_9_19,C:\Users\user\Downloads\eilink_ra_ds\eilink_ra_ds\data\raw_pdfs\15_9_19_B_1997_11_24.pdf,1997-11-24,16:00,3054.0,interruption -,,fail,9,EQUIPMENT_FAILURE(+4)|state:fail(+5),M/U CEMENTING STAND AND RIH TO 3054M. BROKE CIRCULATION SEVERAL TIMES WHILE RIH TO BALANCE MUD. NO FILL - NO MUD LOSSES. - lost circulat ion
7901,15_9_F_12,C:\Users\user\Downloads\eilink_ra_ds\eilink_ra_ds\data\raw_pdfs\15_9_F_12_2016_08_24.pdf,2016-08-24,15:30,0.0,plug aband,,ok,9,FISHING(+6)|text:overpull(+3),"RIH w/ spear to 106m. M/U TDS, took up/down weights 73t/70t. Continued in hole and latched onto fish at 128.5m, pulled free with 3t overpull on -- other"
873,15_9_19,C:\Users\user\Downloads\eilink_ra_ds\eilink_ra_ds\data\raw_pdfs\15_9_19_B_1997_12_06.pdf,1997-12-06,06:00,2600.0,interruption,repair,fail,9,EQUIPMENT_FAILURE(+4)|state:fail(+5),"CONTINUED TO TIH WITH SIDETRACK BHA TO 2600 M. BROKE CIRCULATION Ø 9 5/8"" WINDOW."
872,15_9_19,C:\Users\user\Downloads\eilink_ra_ds\eilink_ra_ds\data\raw_pdfs\15_9_19_B_1997_12_06.pdf,1997-12-06,00:00,1900.0,interruption,repair,fail,9,EQUIPMENT_FAILURE(+4)|state:fail(+5),"CONTINUED TO MU & RIH WITH 8 1/2"" SIDETRACK BHA - DRIFTING DP TO 2 3/4"" BECAUSE OF CEMENT LOCATED IN DRILLSTRING EARLIER. BROKE CIRC. Ø 430M & Ø 1000M."
8729,15_9_F_14,C:\Users\user\Downloads\eilink_ra_ds\eilink_ra_ds\data\raw_pdfs\15_9_F_14_2008_06_07.pdf,2008-06-07,08:00,140.0,drilling --,,ok,9,FISHING(+6)|text:overpull(+3),"Rotated with 3 rpm with torque limit set at 2500 Nm. Observed stall out and Spear released. Engaged Spear again with 12 MT overpull and 2 rpm. Increased torque incrementally in 500 Nm casing stages. Achieved max torque of 8500 Nm prior to Spear released. Re-engaged with 13 MT overpull and 4 rpm and applied torque. Observed 10,800 Nm make up before spear released."
719,15_9_19,C:\Users\user\Downloads\eilink_ra_ds\eilink_ra_ds\data\raw_pdfs\15_9_19_B_1997_11_16.pdf,1997-11-16,12:30,2000.0,interruption --,,fail,9,EQUIPMENT_FAILURE(+4)|state:fail(+5),REPARED HYDRAULIC LEAK ON ACCUMULATOR BOTTLE FOR BLOCK RETRACTION SYSTEM. maintain
717,15_9_19,C:\Users\user\Downloads\eilink_ra_ds\eilink_ra_ds\data\raw_pdfs\15_9_19_B_1997_11_16.pdf,1997-11-16,07:30,0.0,interruption,l,fail,9,EQUIPMENT_FAILURE(+4)|state:fail(+5),"RACKED BACK BHA, BROKE BIT AND NEAR BIT STAB. ost circulation"
1384,15_9_19,C:\Users\user\Downloads\eilink_ra_ds\eilink_ra_ds\data\raw_pdfs\15_9_19_BT2_1998_01_30.pdf,1998-01-30,06:00,0.0,plug abandon --,,ok,9,EQUIPMENT_FAILURE(+4)|text:emergency(+5),"CONTINUED LD 3 1/2""DP. LD DOWN FROM DERRICK; 5"" DP, 5"" HWDP, 6 1/2"" DC AND BROKE DOWN EMERGENCY HANG OFF TOOL. trip"
7930,15_9_F_12,C:\Users\user\Downloads\eilink_ra_ds\eilink_ra_ds\data\raw_pdfs\15_9_F_12_2016_08_25.pdf,2016-08-25,23:00,0.0,plug abandon,,ok,9,FISHING(+6)|text:overpull(+3),Engage spear into the fish. Pulled csg fish free w/ 50t overpull -- other
1342,15_9_19,C:\Users\user\Downloads\eilink_ra_ds\eilink_ra_ds\data\raw_pdfs\15_9_19_BT2_1998_01_26.pdf,1998-01-26,22:00,1465.0,interruptio,,fail,9,EQUIPMENT_FAILURE(+4)|state:fail(+5),"DISPLACED WATER BASE MUD IN RISER WITH SEAWATER - DUE TO LEAKING RISER. CLOSED UPPER ANNULAR & MONITORED HOLE VIA CHOKE LINE - LEAK IN RISER D n -- OESN'T ALLOW ""CORRECT"" MONITORING OF HOLE. HOLE STATIC; OPENED UPPER ANNULAR. NOTE: RIG DOWNTIME. maintain"
1339,15_9_19,C:\Users\user\Downloads\eilink_ra_ds\eilink_ra_ds\data\raw_pdfs\15_9_19_BT2_1998_01_26.pdf,1998-01-26,19:30,1465.0,interruptio,,fail,9,EQUIPMENT_FAILURE(+4)|state:fail(+5),SLIP JOINT LEAK CAUSED LOSS OF PUMP SUCTION - TRANFERRED MUD TO A.PIT TO ALLOW REGAINING OF PUMP SUCTION. NOTE: RIG DOWNTIME. n -- maintain
1335,15_9_19,C:\Users\user\Downloads\eilink_ra_ds\eilink_ra_ds\data\raw_pdfs\15_9_19_BT2_1998_01_26.pdf,1998-01-26,13:30,162.0,plug aban,,ok,9,FISHING(+6)|text:overpull(+3),"PULLED 9 5/8"" X 10 3/4"" STRING FREE WITH NO ADDITIONAL OVERPULL. HAD TO MANUEVER STRING TO PULL CASING THROUGH THE ANNULARS. PU CASING HANGER 20 don -- cut M ABOVE WELLHEAD. NOTE: CASING CUT NOW Ø 1465 M; SPEAR Ø 162 M."
683,15_9_19,C:\Users\user\Downloads\eilink_ra_ds\eilink_ra_ds\data\raw_pdfs\15_9_19_B_1997_11_11.pdf,1997-11-11,13:30,2178.0,interruption,m,fail,9,EQUIPMENT_FAILURE(+4)|state:fail(+5),INSPECTED CROWN BLOCKS AND TRAVELLING BLOCKS. FOUND WOODEN BUMPER AND CLAMPS BROKEN. REMOVED DAMAGED PARTS TO DRILLFLOOR. PERFOR aintain MED VISUAL INSPECTION TO DERRICK STRUCTURE AND NO DAMAGE WAS FOUND.
1213,15_9_19,C:\Users\user\Downloads\eilink_ra_ds\eilink_ra_ds\data\raw_pdfs\15_9_19_BT2_1998_01_15.pdf,1998-01-15,03:30,3861.0,formation ev,,fail,9,EQUIPMENT_FAILURE(+4)|state:fail(+5),RADIO COMMUNICATIONS WITH VSP BOAT FAILED AND REQUIRED BOAT TO RETURN TO RIG TO DROP OFF ANOTHER RADIO. aluation -- ot her
2115,15_9_19,C:\Users\user\Downloads\eilink_ra_ds\eilink_ra_ds\data\raw_pdfs\15_9_19_ST2_1993_01_25.pdf,1993-01-25,22:30,3535.0,drilling,casing,fail,9,EQUIPMENT_FAILURE(+4)|state:fail(+5),"LINED UP TO PRESSURE TEST CEMENT RETAINER. FLUSHED LINES AND ATTEMPTED PRESSURE TESTING SURFACE LINES AGAINST FAIL SAFE VALVE TO 100 BAR, NEGATIVE. TESTED CEMENT UNIT, OK. LINED OVER FROM TEST LINE TO CEMENT LINE AND ATTEMPTED PRESSURE TESTING AGAINST FAIL SAFE, NEG."
1957,15_9_19,C:\Users\user\Downloads\eilink_ra_ds\eilink_ra_ds\data\raw_pdfs\15_9_19_ST2_1993_01_06.pdf,1993-01-06,05:00,3166.0,interrupti,,fail,9,EQUIPMENT_FAILURE(+4)|state:fail(+5),PUMP NO.3 LOST SUCTION DUE TO LEAK IN SUPERCHARGE FILTERBOX. on -- rep air
1954,15_9_19,C:\Users\user\Downloads\eilink_ra_ds\eilink_ra_ds\data\raw_pdfs\15_9_19_ST2_1993_01_06.pdf,1993-01-06,02:00,3157.0,interrupti,,fail,9,EQUIPMENT_FAILURE(+4)|state:fail(+5),"TROUBLESHOOTING SYSTEM TO GET READABLE DATA FROM MWD. UNABLE TO DETECT SOURCE OF PROBLEM. OBTAINED SURVEY BY USING MUDPUMP NO.3 AT 115 STK on -- rep S. SUCTION MODULE ON MUD PUMP NO.1 DEVELOPED A LEAK, HAD TO BE CHANGED OUT. air"
1305,15_9_19,C:\Users\user\Downloads\eilink_ra_ds\eilink_ra_ds\data\raw_pdfs\15_9_19_BT2_1998_01_24.pdf,1998-01-24,06:00,293.0,interruption,mai,fail,9,EQUIPMENT_FAILURE(+4)|state:fail(+5),"WITH BIT Ø 293 M, CLOSED UPPER ANNULAR ON 3 1/2"" DP. 0,6 M3 MUD LOST DOWN ANNULUS IN 20 MINUTES - VERIFIED THAT MUD LOSS WAS DUE TO LEAK IN RI ntain SER SYSTEM - ABOVE UPPER ANNULAR PREVENTER. OPENED UPPER ANNULAR."
5333,15_9_F_11,C:\Users\user\Downloads\eilink_ra_ds\eilink_ra_ds\data\raw_pdfs\15_9_F_11_B_2016_09_26.pdf,2016-09-26,17:00,145.0,plug abandon --,,ok,9,FISHING(+6)|text:overpull(+3),M/U TDS. Engaged fish. Observed 10t overpull to pull fish free other
1068,15_9_19,C:\Users\user\Downloads\eilink_ra_ds\eilink_ra_ds\data\raw_pdfs\15_9_19_BT2_1997_12_28.pdf,1997-12-28,21:00,3645.0,interruption,repair,fail,9,EQUIPMENT_FAILURE(+4)|state:fail(+5),CONTINUED RIH TO 3629M. BROKE CIRCULATION AND WASH AND ROTATED F/3629- 3645M.
1065,15_9_19,C:\Users\user\Downloads\eilink_ra_ds\eilink_ra_ds\data\raw_pdfs\15_9_19_BT2_1997_12_28.pdf,1997-12-28,06:00,0.0,interruption,repair,fail,9,EQUIPMENT_FAILURE(+4)|state:fail(+5),"BROKE OUT BIT. DUMP MWD MEMORY, CHANGED PROBE IN MWD. LAID DOWN MPR AND SERVICED SAME. MADE UP MPR AND MWD ASSY. CHECK ED MWD CONNECTOR."
947,15_9_19,C:\Users\user\Downloads\eilink_ra_ds\eilink_ra_ds\data\raw_pdfs\15_9_19_BT2_1997_12_14.pdf,1997-12-14,18:30,2164.0,drilling,c,fail,9,EQUIPMENT_FAILURE(+4)|state:fail(+5),"CONTINUED TO RUN 7"" LINER - ON 5"" DP - FROM 1131 - 2164M. DRIFTED LANDING STRING TO 2 3/4"" WHILE RUNNING; FILLED PIPE EVERY 5 STDS. BROKE CIRC. Ø 2164 asing M - WINDOW Ø 2178M - WITH 450 LPM Ø 31 BAR. PU WT. = 100 MT & SO WT. = 77 MT Ø 2164 M. MUD LOSS WHILE RUNNING LINER INSIDE OF CSG. = 2,5 M3."
1592,15_9_19,C:\Users\user\Downloads\eilink_ra_ds\eilink_ra_ds\data\raw_pdfs\15_9_19_S_1992_11_21.pdf,1992-11-21,23:00,0.0,interruption --,,fail,9,EQUIPMENT_FAILURE(+4)|state:fail(+5),"ATTEMPTED PRESSURE TESTING K/C LINES TO 345 BAR, NEG. TEST PLUG LEAKING. maintain"
1579,15_9_19,C:\Users\user\Downloads\eilink_ra_ds\eilink_ra_ds\data\raw_pdfs\15_9_19_S_1992_11_19.pdf,1992-11-19,16:30,0.0,interruption,maintain,fail,9,EQUIPMENT_FAILURE(+4)|state:fail(+5),FOUND SHEAR RAM LEAKING. BROUGHT CARRIER UP IN HIGH POSITION. PREPARED FOR WORKING ON SHEAR RAM.
2660,15_9_19,C:\Users\user\Downloads\eilink_ra_ds\eilink_ra_ds\data\raw_pdfs\15_9_19_ST2_1993_04_17.pdf,1993-04-17,21:30,0.0,interruption --,,fail,9,REPAIR(+1)|text:overpull(+3)|state:fail(+5),"ATTEMPTED TO PICK UP DST STRING TO SPACE OUT FOR PACKER SETTING, NEG. STRING HUNG UP AFTER PULLING 3M (2,2 M ABOVE UPWEIGHT). MAX OVERPULL 15 repair TONS. REMOVED MASTER BUSHING AND WORKED STRING FREE."
2657,15_9_19,C:\Users\user\Downloads\eilink_ra_ds\eilink_ra_ds\data\raw_pdfs\15_9_19_ST2_1993_04_17.pdf,1993-04-17,15:00,0.0,formation eval,,fail,9,EQUIPMENT_FAILURE(+4)|state:fail(+5),"LANDED DST STRING IN WELLHEAD. ATTEMPTED PRESSURE TESTING, NEGATIVE. OBSERVED LEAK IN CEMENT UNIT. uation -- rig up /down"
2750,15_9_19,C:\Users\user\Downloads\eilink_ra_ds\eilink_ra_ds\data\raw_pdfs\15_9_19_ST2_1993_04_29.pdf,1993-04-29,17:00,158.0,interruption,rep,fail,9,EQUIPMENT_FAILURE(+4)|state:fail(+5),"LINED UP ON CHOKE MANIFOLD DUE TO SMALL FLOW OVER TOP OF DRILL PIPE DURING BOP TEST (SINCE 12:00 HRS). CLOSED KELLY COCK, OPENED FAIL SAFE V air ALVES, CLOSED UPR AND RELEASED SPRING LOADED TOOL."
2613,15_9_19,C:\Users\user\Downloads\eilink_ra_ds\eilink_ra_ds\data\raw_pdfs\15_9_19_ST2_1993_04_12.pdf,1993-04-12,19:30,0.0,interruption,repair,fail,9,EQUIPMENT_FAILURE(+4)|state:fail(+5),"PRESSURE TESTED MPR, INNER KILL VALVE AND UPR TO 20/345 BAR, 5/10 MINS ATTEMPTED PRESSURE TESTING SHEAR RAM, NEGATIVE. M AJOR LEAK ACROSS THE RAMS."
2597,15_9_19,C:\Users\user\Downloads\eilink_ra_ds\eilink_ra_ds\data\raw_pdfs\15_9_19_ST2_1993_04_10.pdf,1993-04-10,19:30,104.0,interruption,r,fail,9,EQUIPMENT_FAILURE(+4)|state:fail(+5),"FLUSHED SURFACE LINES. ATTEMPTED TESTING SHEAR RAM AGAINST CASING/SEAL ASSEMBLY, NEGATIVE. TESTED SURFACE LINES AGAINST FAIL SAFE TO 345 BA epair R OK. OPERATED SHEAR RAM, CHANGED TO YELLOW POD AND ATTEMPTED TESTING SHEAR RAM, NEGATIVE. SHEAR RAM LEAKING. PUMPED VOLUME IN RETUR N TO TRIP TANK."
788,15_9_19,C:\Users\user\Downloads\eilink_ra_ds\eilink_ra_ds\data\raw_pdfs\15_9_19_B_1997_11_26.pdf,1997-11-26,22:00,1509.0,interruption,,fail,9,EQUIPMENT_FAILURE(+4)|state:fail(+5),RIH ON DRILL PIPE. BROKE CIRCULATION EVERY 500 M. -- lost circu lation
771,15_9_19,C:\Users\user\Downloads\eilink_ra_ds\eilink_ra_ds\data\raw_pdfs\15_9_19_B_1997_11_25.pdf,1997-11-25,01:00,2165.0,interruption -,,fail,9,EQUIPMENT_FAILURE(+4)|state:fail(+5),BROKE CIRCULATION AT 250 LPM - NO LOSSES. STAGED PUMP RATE UP TO 2000 LPM WITHOUT LOSSES. MAX GAS 17%. - lost circulati on
7048,15_9_F_12,C:\Users\user\Downloads\eilink_ra_ds\eilink_ra_ds\data\raw_pdfs\15_9_F_12_2008_01_02.pdf,2008-01-02,17:45,104.1,drilling,casin,ok,9,FISHING(+6)|text:overpull(+3),"Made up Tie Back connection, turned the string 5 right hand turns. Applied 5000 ft/lbs to energize the metal seal. After 3 turns the spear released due to torque friction in Tie Back con g nector. Re-engaged spear and took over pull of 11 MT completed the 5 turns with final torque of 5000 ft/lbs. Verified space out by observing correct colour code through the surface W H B-annulus valve."
761,15_9_19,C:\Users\user\Downloads\eilink_ra_ds\eilink_ra_ds\data\raw_pdfs\15_9_19_B_1997_11_24.pdf,1997-11-24,06:00,2131.0,interruption -,,fail,9,WAIT(+1)|text:overpull(+3)|state:fail(+5),JUMPED ROV AND POSITIONED RIG TO RECONNECT LMRP. LATCHED LMRP AND PULL TESTED WITH 25T OVERPULL. PRESSURE TESTED CHOKE/KILL LINES TO 35/345 B - waiting on AR. OPENED CHOKE/KILL LINES AND CHECKED FOR FLOW/PRESSURE. weather
9903,15_9_F_14,C:\Users\user\Downloads\eilink_ra_ds\eilink_ra_ds\data\raw_pdfs\15_9_F_14_2016_08_11.pdf,2016-08-11,21:45,0.0,interruption,repai,ok,9,FISHING(+6)|text:overpull(+3),"Engaged spear to fish. POOH fish slowly. r Top of fish hang up in hanger area. Rotated string 180 deg left, pulled up. Went through When POOH observed overpull spikes on weight indicator several times. Max spike value of 40t"
9900,15_9_F_14,C:\Users\user\Downloads\eilink_ra_ds\eilink_ra_ds\data\raw_pdfs\15_9_F_14_2016_08_11.pdf,2016-08-11,14:45,0.0,interruption,repai,ok,9,FISHING(+6)|text:overpull(+3),"Pulled free of fish, hung up with grapple at 139.4m through hanger. Troubleshoot to get through. r Attempted to pull with max 10 ton overpull - no success. Pulled up slowly and rotate to the right - no success. Tried to rotate to the left and pull - no success. Pulled and pumped with 200l/min - 4 bar, pressure increased to 30bar when took weight at 139.4m. RIH and engaged spear inside 10 3/4in csg, pulled same through the hanger - ok. Rotated it 4.5 turns to the left (2-3k torq) to reposition casing fish inside the well. Landed fish in the well and released spear. Attempted to pull spear through hanger - no success. Pulled up total of 3,4m from top of csg stump at 141.9m"
9898,15_9_F_14,C:\Users\user\Downloads\eilink_ra_ds\eilink_ra_ds\data\raw_pdfs\15_9_F_14_2016_08_11.pdf,2016-08-11,13:30,0.0,plug abandon,cu,ok,9,FISHING(+6)|text:overpull(+3),"Pulled up to 170t on hook load (10 ton overpull) in order to engage spear inside 10 3/4in csg and put casing in tension t Started cutting casing: 1700l/min - 92 bar, 1800l/min - 97 bar, 1900l/min - 101 bar, 2000l/min - 104 bar. Pulled up to 187t on hook load (25t overpull). Increased to 2200l/min - 124 bar. Casing cut at 915.2m"
10002,15_9_F_14,C:\Users\user\Downloads\eilink_ra_ds\eilink_ra_ds\data\raw_pdfs\15_9_F_14_2016_08_15.pdf,2016-08-15,09:30,0.0,interruption,r,ok,9,FISHING(+6)|text:overpull(+3),Attempted to pull diverter w/ max 15t overpull. Lifted BOP and observed slick joint loosened in overshot. Cleaned around hold down dogs and observed one dog slightly engage epair d. Wedged in hold down dog and pulled diverter up passed dogs. Max overpull 12 Ton
9924,15_9_F_14,C:\Users\user\Downloads\eilink_ra_ds\eilink_ra_ds\data\raw_pdfs\15_9_F_14_2016_08_12.pdf,2016-08-12,17:00,144.0,plug abandon,other,ok,9,FISHING(+6)|text:overpull(+3),M/U TDS. Up /down weights 75t/71t. RIH to 144m to engage fish. Took 5 ton over pull to confirm fish engaged Pulled to 130t on hook load. Casing free
2765,15_9_19,C:\Users\user\Downloads\eilink_ra_ds\eilink_ra_ds\data\raw_pdfs\15_9_19_ST2_1993_04_30.pdf,1993-04-30,06:00,0.0,plug abandon,other,fail,9,EQUIPMENT_FAILURE(+4)|state:fail(+5),PULLED OUT W/SCORPION ROV DUE TO PROBLEMS W/LEAKING HYDRAULIC HOSE. LAUNCHED SEA OWL ROV.
9913,15_9_F_14,C:\Users\user\Downloads\eilink_ra_ds\eilink_ra_ds\data\raw_pdfs\15_9_F_14_2016_08_12.pdf,2016-08-12,09:45,918.9,interruption,repair,ok,9,FISHING(+6)|text:overpull(+3),Released fish. Pulled gradually to 170t weight on hook (65t overpull). Observed drop on hook load to 103t indicating string free.
9911,15_9_F_14,C:\Users\user\Downloads\eilink_ra_ds\eilink_ra_ds\data\raw_pdfs\15_9_F_14_2016_08_12.pdf,2016-08-12,05:00,0.0,interruption,repair,ok,9,FISHING(+6)|text:overpull(+3),"Attempted to pull spear several times. Max overpull of 10t, with and without torque. No success"
494,15_9_19,C:\Users\user\Downloads\eilink_ra_ds\eilink_ra_ds\data\raw_pdfs\15_9_19_A_1997_10_16.pdf,1997-10-16,19:00,1960.0,interruption -,,fail,9,EQUIPMENT_FAILURE(+4)|state:fail(+5),"RIH W/SCHLUMB. MDT TOOL ASSY. ON 3-1/2"" DP TO 1960 M. SPEED: 2 MIN/STD FIRST 500 M, THEN 1 MIN/STD. FILLED PIPE EVERY 3. STD, BROKE CIRC. EVERY 10. ST - other D."
649,15_9_19,C:\Users\user\Downloads\eilink_ra_ds\eilink_ra_ds\data\raw_pdfs\15_9_19_A_1997_11_08.pdf,1997-11-08,06:00,105.0,plug,,ok,9,FISHING(+6)|text:overpull(+3),"ENGAGED SPEAR IN 7"" CSG AND PULLED CSG FREE WITH 100 TON OVER PULL FLOW CHECKED WELL, WELL STATIC. abandon -- cut"
3815,15_9_F_10,C:\Users\user\Downloads\eilink_ra_ds\eilink_ra_ds\data\raw_pdfs\15_9_F_10_2009_06_11.pdf,2009-06-11,10:00,141.8,plug abandon,other,ok,9,FISHING(+6)|text:overpull(+3),"Engaged spear in 13 3/8"" casing as per Smith procedure. Pulled casing free with 286 ton on weight indicator. 75 ton overpull."
486,15_9_19,C:\Users\user\Downloads\eilink_ra_ds\eilink_ra_ds\data\raw_pdfs\15_9_19_A_1997_10_15.pdf,1997-10-15,18:00,860.0,interruption -,,fail,9,EQUIPMENT_FAILURE(+4)|state:fail(+5),"M/U AND RIH W/ SCHLUMB. MDT TOOL ASSY. ON 3-1/2"" DP; SPEED: 2 MIN/STD. FILLED PIPE EVERY 3. STD, BROKE CIRC. EVERY 10 STD. RIH TO 860 M. - other"
482,15_9_19,C:\Users\user\Downloads\eilink_ra_ds\eilink_ra_ds\data\raw_pdfs\15_9_19_A_1997_10_15.pdf,1997-10-15,01:30,3602.0,interruption -,,fail,9,EQUIPMENT_FAILURE(+4)|state:fail(+5),HAD CONTACT FAILURE W/ PACKER MODULE ON SCHLUMB. MDT TOOL STRING. WORKED TO SOLVE PROBLEM. UNLATCHED/LATCHED LOCOMOTIVE; MAX. 9500 LBS - other TENSION ON CABLE. NOT ABLE TO GET PROPER SIGNALS W/ PACKER MODULE ON MDT TOOL STRING. POOH W/ CABLE.
476,15_9_19,C:\Users\user\Downloads\eilink_ra_ds\eilink_ra_ds\data\raw_pdfs\15_9_19_A_1997_10_14.pdf,1997-10-14,02:30,0.0,interruption,other,fail,9,EQUIPMENT_FAILURE(+4)|state:fail(+5),WORKED TO SOLVE CONTACT FAILURE IN SCHLUMB. MDT TOOL STRING.
447,15_9_19,C:\Users\user\Downloads\eilink_ra_ds\eilink_ra_ds\data\raw_pdfs\15_9_19_A_1997_10_09.pdf,1997-10-09,14:30,150.0,interruption,,fail,9,EQUIPMENT_FAILURE(+4)|state:fail(+5),TOOL CHECK SHOWED FAILURE ON VDL SECTION. CHANGED TO BACK UP TOOL. PERFORMED NEW TOOLCHECK. OK. RIH TO 150 M AND INSTALLED UPPER CASING JOI -- other NT.
532,15_9_19,C:\Users\user\Downloads\eilink_ra_ds\eilink_ra_ds\data\raw_pdfs\15_9_19_A_1997_10_21.pdf,1997-10-21,16:30,3937.0,interruption,other,fail,9,EQUIPMENT_FAILURE(+4)|state:fail(+5),RIH WITH MWS BOTTOM HOLE SAMPLING TOOL. SAMPLE CHAMBER FAILED TO OPEN. POOH WITH WIRELINE.
3124,15_9_F_10,C:\Users\user\Downloads\eilink_ra_ds\eilink_ra_ds\data\raw_pdfs\15_9_F_10_2009_04_25.pdf,2009-04-25,06:00,1640.0,drilling,drill,ok,9,EQUIPMENT_FAILURE(+4)|text:emergency(+5),"Drilled 17 1/2"" hole from 1567m to 1640m. 4490 l/min, 240 bar, 160 rpm, 11-13 kNm. WOB 1-4 ton, ROP 10-17 m/hr. Simultaneously P/U and build 2 stands of 13 3/8"" casing set back. Malfunction occurred on alignment in FWD PRS. Emergency switch accidently activated during trouble sho oting alignment problems on FWD PRS. Stop in operation while re-set (10 min)."
21,15_9_19,C:\Users\user\Downloads\eilink_ra_ds\eilink_ra_ds\data\raw_pdfs\15_9_19_A_1997_07_27.pdf,1997-07-27,19:30,0.0,drilling,trip,fail,9,EQUIPMENT_FAILURE(+4)|state:fail(+5),"FLOW CHECKED, PUMPED SLUG & POOH WITH DRILLING BHA. BIT WAS DAMAGED - 6 OUT OF 9 BLADES ON BIT WERE DAMAGED/BROKEN. NO OTHER DAMAGE TO BHA COMPONENTS NOTED."
3229,15_9_F_10,C:\Users\user\Downloads\eilink_ra_ds\eilink_ra_ds\data\raw_pdfs\15_9_F_10_2009_05_03.pdf,2009-05-03,18:45,2354.0,drilling,casin,ok,8,STUCK_PIPE(+8),"Shut down pumps, worked casing string and gradually increased pump rate (2200 lpm, max SPP 40 bar, 1 rpm, max 25 kNm); packed off several times and finally lost returns. g"
10418,15_9_F_15,C:\Users\user\Downloads\eilink_ra_ds\eilink_ra_ds\data\raw_pdfs\15_9_F_15_2008_09_21.pdf,2008-09-21,04:30,1381.0,drilling --,,ok,8,STUCK_PIPE(+8),"RIH from 1338 m to 1380 m MD with 17 1/2"" BHA. Started pumping 1,44 sg OBM. Stepped up rate in increments to 3400 lpm / SPP 75 bar - verified returns. Rotated at 30 rpm / torque ~12 circulating kNm. After approx 34 m3 pumped observed pack off tendencies with SPP peaking rapidly to 180 bar. Stopped pumping. Trapped pressure on standpipe 32 bar. Bled off standpipe pressure. conditioni ng"
1706,15_9_19,C:\Users\user\Downloads\eilink_ra_ds\eilink_ra_ds\data\raw_pdfs\15_9_19_S_1992_12_06.pdf,1992-12-06,09:00,2460.0,drilling,ream,ok,8,STUCK_PIPE(+8),"BACKREAMED FROM 3017 M TO 2460 M. PACKED OFF,AND CHARGED FORMATION."
1751,15_9_19,C:\Users\user\Downloads\eilink_ra_ds\eilink_ra_ds\data\raw_pdfs\15_9_19_S_1992_12_13.pdf,1992-12-13,06:00,2516.0,interruption,fish,fail,8,text:overpull(+3)|state:fail(+5),"RAN IN WITH JRC CUTTER AND CCL. DETONATED CUTTER AT 2516M, KEPT 50 T OVERPULL ON STRING. POOH WITH WIRELINE."
745,15_9_19,C:\Users\user\Downloads\eilink_ra_ds\eilink_ra_ds\data\raw_pdfs\15_9_19_B_1997_11_19.pdf,1997-11-19,01:30,1074.0,interruption,lost,fail,8,text:overpull(+3)|state:fail(+5),"POOH 25 T OVERPULL IN SECTION 2265-2260M. WORK OBSTRUCTION, OK. FLOW CHECKED INSIDE CSG, WELL STATIC. CONTINUED POOH. HOLE STARTED TO TA circulation KE CORRECT AMOUNT FOR PIPE DISPLACEMENT FROM 1400 M. TOTAL FLOW BACK FROM FORMATION DURING TRIP: 23,2 M3."
939,15_9_19,C:\Users\user\Downloads\eilink_ra_ds\eilink_ra_ds\data\raw_pdfs\15_9_19_BT2_1997_12_13.pdf,1997-12-13,17:00,3206.0,drilling,casi,fail,8,TIGHT_HOLE(+3)|state:fail(+5),"CONTINUED TO RIH FROM 2100 - 3206 M / 14 M OF FILL. NOTE: TIGHT SPOTS WIPED THROUGH DURING TIH- 2740M, 2758M, 2770M, 2795M, 2850M, & 2879M. ng MAXIMUM WT. SLACKED-OFF = 30 MT. DID NOT CIRCULATE DURING TIH. TOTAL MUD LOSS WHILE TIH = 0,9 M3."
940,15_9_19,C:\Users\user\Downloads\eilink_ra_ds\eilink_ra_ds\data\raw_pdfs\15_9_19_BT2_1997_12_13.pdf,1997-12-13,19:30,2172.0,drilling,casi,fail,8,TIGHT_HOLE(+3)|state:fail(+5),"POOH FROM 3206 - 2172 M / ABOVE 9 5/8"" WINDOW. TIGHT SPOTS WIPED THROUGH DURING TOH: 3185M, 3053M, 2827 - 2801M, 2767M, & 2536M. MAXIMUM DRAG O ng VER NORMAL = 30 MT. DID NOT CIRCULATE OR ROTATE ON TOH."
1708,15_9_19,C:\Users\user\Downloads\eilink_ra_ds\eilink_ra_ds\data\raw_pdfs\15_9_19_S_1992_12_06.pdf,1992-12-06,15:30,2120.0,drilling,ream,ok,8,STUCK_PIPE(+8),"BACK REAMED FROM 2460 M TO 1960 M. HOLE PACKED OFF AT 2222 M,CHARGED FORMATION. ESTABLISHED CIRCULATION,PUMPED 10 M3 1,6 SG HI VIS PI LL. HAD LARGE INCREASE IN CUTTINGS OVER SHAKER."
1728,15_9_19,C:\Users\user\Downloads\eilink_ra_ds\eilink_ra_ds\data\raw_pdfs\15_9_19_S_1992_12_10.pdf,1992-12-10,04:30,2866.0,drilling,ream,ok,8,STUCK_PIPE(+8),"PACKED OFF AT 2830 M,WORKED/ROTATED PIPE DOWN TO 2866 M. NO RETURN."
1731,15_9_19,C:\Users\user\Downloads\eilink_ra_ds\eilink_ra_ds\data\raw_pdfs\15_9_19_S_1992_12_10.pdf,1992-12-10,11:00,2904.0,drilling,ream,ok,8,STUCK_PIPE(+8),HOLE PACKED OFF AT 2904 M. WORKED PIPE AND ESTABLISHED CIRCULATION.
1738,15_9_19,C:\Users\user\Downloads\eilink_ra_ds\eilink_ra_ds\data\raw_pdfs\15_9_19_S_1992_12_11.pdf,1992-12-11,04:00,2741.0,drilling,re,ok,8,STUCK_PIPE(+8),"HOLE PACKED OFF AT 2732 M,WORKED PIPE DOWN TO 2741 M. HAD FULL RETURN WITH MAX 1400 LTR/MIN,NO ROTATION. am"
909,15_9_19,C:\Users\user\Downloads\eilink_ra_ds\eilink_ra_ds\data\raw_pdfs\15_9_19_BT2_1997_12_10.pdf,1997-12-10,14:30,2895.0,drilling --,,fail,8,TIGHT_HOLE(+3)|state:fail(+5),"HOLE TIGHT Ø 2849 M. WHILE TRYING TO WASH DOWN LINER Ø 270 LPM, HOLE PACKED-OFF - WITH FLOAT SHOE Ø 2895 M. casing"
2381,15_9_19,C:\Users\user\Downloads\eilink_ra_ds\eilink_ra_ds\data\raw_pdfs\15_9_19_ST2_1993_03_14.pdf,1993-03-14,09:00,3664.5,formation evalu,,fail,8,text:overpull(+3)|state:fail(+5),MADE SEVERAL ATTEMTS TO FREE STUCK LOGGING TOOLS BY WORKING CABLE WITH MAX 6000 LBS OVERPULL. KEPT CABLE IN TENSION WHILE WORKING CALI ation -- other PER ARM.
923,15_9_19,C:\Users\user\Downloads\eilink_ra_ds\eilink_ra_ds\data\raw_pdfs\15_9_19_BT2_1997_12_12.pdf,1997-12-12,05:00,2943.0,drilling,c,fail,8,TIGHT_HOLE(+3)|state:fail(+5),"CONTINUED TO RIH - WORKING PAST TIGHT SPOTS Ø 2900M, 2914M, & 2921M. asing"
2754,15_9_19,C:\Users\user\Downloads\eilink_ra_ds\eilink_ra_ds\data\raw_pdfs\15_9_19_ST2_1993_04_29.pdf,1993-04-29,20:30,0.0,interruption,rep,fail,8,text:overpull(+3)|state:fail(+5),"RAN IN AND LATCHED INTO WEAR BUSHING, PULLED WEAR BUSHING FREE WITH 10 TON OVER PULL. POOH, WEAR BUSHING WAS NOT RECOVERED. air"
951,15_9_19,C:\Users\user\Downloads\eilink_ra_ds\eilink_ra_ds\data\raw_pdfs\15_9_19_BT2_1997_12_15.pdf,1997-12-15,06:00,3006.0,drilling,ca,fail,8,TIGHT_HOLE(+3)|state:fail(+5),"CONTINUED RUNNING 7"" LINER FROM 2593 - 3006M. WORKED THROUGH SEVERAL TIGHT SPOTS FROM 2771 - 3006M; MAX WEIGHT SLACKED-OFF= 50 MT / MAX OVER sing PULL = 75 MT - ALSO USED ROTATION WHEN NEEDED/MAX TORQUE=24,4K NM."
1210,15_9_19,C:\Users\user\Downloads\eilink_ra_ds\eilink_ra_ds\data\raw_pdfs\15_9_19_BT2_1998_01_14.pdf,1998-01-14,16:30,3174.0,formation ev,,ok,8,STUCK_PIPE(+8),INSTALLED SIDE ENTRY SUB. R/U ATLAS SHEAVES IN DERRICK. ATLAS RIH WITH WET CONNECTOR WHILE RIG SIMULTANEOUSLY PUMPED AT 400 LPM AND 40 BAR. ATL aluation -- lo AS LATCHED WET CONNECTOR AND CHECKED LOGGING TOOLS AND TELEMETRY. TIGHTENED SIDE ENTRY SUB PACKOFF BUSHING AND PULL TESTED.. g
9590,15_9_F_14,C:\Users\user\Downloads\eilink_ra_ds\eilink_ra_ds\data\raw_pdfs\15_9_F_14_2016_07_31.pdf,2016-07-31,23:15,0.0,plug abandon,,ok,8,STUCK_PIPE(+8),"Displaced cement with 41,5 m3 SW from cement unit at 1300 lpm / 85 bar, cycled DHSV 3x after bullheading 30 m3 of SW (while still pumping at 1300lpm). -- other Continued displacement by pumping 3 m3 contamination pill at 600lpm / 56 bar with cement unit. After bullheading 2,7 m3 contamination pill the formation started to pack off, pressu re increased from 56 bar to a final squeeze pressure of 95 bar. Stopped pumping, final static pressure 57 bar. Estimated TOC 2700 mMD."
10508,15_9_F_15,C:\Users\user\Downloads\eilink_ra_ds\eilink_ra_ds\data\raw_pdfs\15_9_F_15_2008_09_26.pdf,2008-09-26,03:15,1416.0,drilling,drill,ok,8,STUCK_PIPE(+8),Observed pack-off tendencies at 1416 m MD. Pressure increased rapidly from 205 to 220 bar. Torque peaked at 25 kNm. Observed 8 m3 losses in active. Worked string and regained circulation. Discussed situation.
6438,15_9_F_12,C:\Users\user\Downloads\eilink_ra_ds\eilink_ra_ds\data\raw_pdfs\15_9_F_12_2007_07_29.pdf,2007-07-29,02:15,1661.0,drilling,trip,ok,8,STUCK_PIPE(+8),"Due to pack off tendencies at 1661 m MD, increasing ECD > 1,40 and increasing cuttings trend over shakers => Reciprocated and circulated on stand at 4500 lpm / 20 rpm. D ecreased ECD from 1,402 to 1,390 with continuous flow of cuttings over shakers."
1401,15_9_19,C:\Users\user\Downloads\eilink_ra_ds\eilink_ra_ds\data\raw_pdfs\15_9_19_BT2_1998_02_01.pdf,1998-02-01,17:00,110.0,interruption,repair,fail,8,text:overpull(+3)|state:fail(+5),PREPARED TO LAND LMRP. LANDED AT 1830 HRS AND PERFORMED OVER PULL TEST AFTER CONFIRMED LATCH WITH 25 T.
6054,15_9_F_12,C:\Users\user\Downloads\eilink_ra_ds\eilink_ra_ds\data\raw_pdfs\15_9_F_12_2007_06_22.pdf,2007-06-22,14:00,180.0,drilling,drill,ok,8,STUCK_PIPE(+8),Held tool box meeting prior to drilling out shoe track. Focused on potential for stuck pipe.
1389,15_9_19,C:\Users\user\Downloads\eilink_ra_ds\eilink_ra_ds\data\raw_pdfs\15_9_19_BT2_1998_01_30.pdf,1998-01-30,21:00,0.0,interruption,re,fail,8,text:overpull(+3)|state:fail(+5),PERFORMED 50 TON OVERPULL TEST AND UNLATCHED LMRP AT 2135 HRS. REMOVED KILL/ CHOKE/ BOOSTER LINES AND POD LINE SADDLES. pair
8458,15_9_F_14,C:\Users\user\Downloads\eilink_ra_ds\eilink_ra_ds\data\raw_pdfs\15_9_F_14_2008_05_20.pdf,2008-05-20,09:00,2276.0,drilling --,,ok,8,text:overpull(+3)|text:emergency(+5),Reverted to emergency release procedure. Rotated string 13 times counterclockwise until torque bulid up of 10 000 Nm. Attempted to pull free with 40 MT overpull - nogo. Repeated emerge casing ncy release procedure but got same negative result.
8752,15_9_F_14,C:\Users\user\Downloads\eilink_ra_ds\eilink_ra_ds\data\raw_pdfs\15_9_F_14_2008_06_08.pdf,2008-06-08,20:00,119.0,drilling --,,ok,8,text:overpull(+3)|text:back-off(+5),"Drained riser. Engaged slot in Adjustment sub with Dril-Quip Tool. Pressured up on HWDP to 140 bars and activated cylinders in tool. Picked up 30 MT to unseat the hanger. Rotated tool 12 casing turns anti-clockwise to open up the Adjustment sub. Picked up weight to 4 MT over neutral. Rotated tool anti-clockwise with max 2500 Nm torque to back off Tie back connection. Picked up g ently on string, with no overpull after 6 turns of rotation. Continued POOH with 10 3/4"" Tie back and surface hanger and set in manual slips and made up dog collar."
5739,15_9_F_11,C:\Users\user\Downloads\eilink_ra_ds\eilink_ra_ds\data\raw_pdfs\15_9_F_11_T2_2013_04_24.pdf,2013-04-24,12:30,1348.0,interruption,rep,ok,8,STUCK_PIPE(+8),Made up connection on pack-off. Checked and re-tightent allen screw lock keys securing pack-off on FAC. air
2148,15_9_19,C:\Users\user\Downloads\eilink_ra_ds\eilink_ra_ds\data\raw_pdfs\15_9_19_ST2_1993_01_28.pdf,1993-01-28,10:30,3225.0,drilling,casing,fail,8,text:overpull(+3)|state:fail(+5),"ATTEMPTED TO RELEASE RUNNING TOOL, NEGATIVE. INCREASED OVERPULL IN STEPS UP TO 40 TONS. ROTATED STRING WITH OVERPULL. WHILE ROTATING, RED UCED OVERPULL IN STEPS UNTIL NEUTRAL AND SLACKED DOWN UNTIL WEIGHT DOWN. WORKED PIPE UP/DOWN WHILE ROTATING, CAME FREE WITH 20 T OVERPU LL. PRESSURE TESTED RETAINER TO 95 BAR/10 MINS."
8932,15_9_F_14,C:\Users\user\Downloads\eilink_ra_ds\eilink_ra_ds\data\raw_pdfs\15_9_F_14_2008_06_18.pdf,2008-06-18,06:00,3701.0,drilling,casing,ok,8,STUCK_PIPE(+8),Continued washing down from to 3700m. 450 lpm 38 bars. Took 10 mt wt at 3700m. Hole packed off and pump pressure increased from 38 bars to 68 bars.
3657,15_9_F_10,C:\Users\user\Downloads\eilink_ra_ds\eilink_ra_ds\data\raw_pdfs\15_9_F_10_2009_06_03.pdf,2009-06-03,04:15,5300.0,formation,,ok,8,STUCK_PIPE(+8),"Downlinked Stethoscope. Positioned string with bit at 5287 m MD / probe depth 5253 m MD. P/u weight 197 MT. Obtained pressure sample of 89,51 bar at 5253 m MD. High p/u weight whe evaluatio n comming free with string (~230 MT), came down with string, started rotation and came free, no pack off tendency. n -- log"
3228,15_9_F_10,C:\Users\user\Downloads\eilink_ra_ds\eilink_ra_ds\data\raw_pdfs\15_9_F_10_2009_05_03.pdf,2009-05-03,18:00,2356.0,drilling,casin,ok,8,STUCK_PIPE(+8),"Established circulation after connection, worked casing down from 2354 - 2356 m; 2500 lpm, 22 - 35 bar, 1 rpm, 20 - 25 kNm. Packed off casing string at 2356 m. g"
3224,15_9_F_10,C:\Users\user\Downloads\eilink_ra_ds\eilink_ra_ds\data\raw_pdfs\15_9_F_10_2009_05_03.pdf,2009-05-03,06:00,2235.0,drilling,casin,ok,8,STUCK_PIPE(+8),"Circulated 13 3/8"" casing at 2000 lpm / 37 bar; had to restart circulation twice due to pack-off, max SPP 75 bar. g"
3225,15_9_F_10,C:\Users\user\Downloads\eilink_ra_ds\eilink_ra_ds\data\raw_pdfs\15_9_F_10_2009_05_03.pdf,2009-05-03,08:00,2290.0,drilling,casin,ok,8,STUCK_PIPE(+8),"Washed / reamed 13 3/8"" casing down from 2235 - 2290 m; 2000 lpm, 16 - 35 bar, 1 rpm, 20 - 25 kNm. Observed increasing drag, packed off casing string at 2290 m. g"
10504,15_9_F_15,C:\Users\user\Downloads\eilink_ra_ds\eilink_ra_ds\data\raw_pdfs\15_9_F_15_2008_09_25.pdf,2008-09-25,20:45,1368.0,drilling --,,ok,8,STUCK_PIPE(+8),Established parameters for washing down / cleaning rathole : Flow 3000 lpm / SPP 128 bar / Rotation 60 rpm / torque 6 kNm. Washed down from 1368 m to 1374 m MD. Observed sudden drill torque build up followed by pack off - pump pressure peaked at 180 bar. String free to move down. Regained circulation at 3000 lpm / 128 bar SPP. Worked string upwards and pulled into ca sing shoe at 1368 m MD while circulating at 3000 lpm.
929,15_9_19,C:\Users\user\Downloads\eilink_ra_ds\eilink_ra_ds\data\raw_pdfs\15_9_19_BT2_1997_12_12.pdf,1997-12-12,22:30,2711.0,drilling,c,fail,7,text:swabbing(+2)|state:fail(+5),"CONTINUED TO PUMP & B/R OUT FROM 2827 - 2711 M; HOLE SWABBING UNLESS PUMP UTILIZED. LOSING MUD WHEN PUMPING & B/R OUT; LOST 4,4 M3 MUD. NOTE: HO asing LE GIVING MUD BACK WHEN PUMP SHUT-DOWN."
927,15_9_19,C:\Users\user\Downloads\eilink_ra_ds\eilink_ra_ds\data\raw_pdfs\15_9_19_BT2_1997_12_12.pdf,1997-12-12,19:00,2827.0,drilling,c,fail,7,text:swabbing(+2)|state:fail(+5),"HAD TO UTILIZE PUMP & TOP-DRIVE TO PUMP-OUT & BACKREAM-OUT FROM 3082 - 2827 M. HOLE STARTED SWABBING Ø 3028 M. LOST APPROX. 6,8 M3 MUD WHILE PUM asing PING-OUT & BACK-REAMING OUT,"
912,15_9_19,C:\Users\user\Downloads\eilink_ra_ds\eilink_ra_ds\data\raw_pdfs\15_9_19_BT2_1997_12_10.pdf,1997-12-10,18:30,1830.0,drilling --,,fail,7,text:swabbing(+2)|state:fail(+5),"POOH WITH 5"" DP X 7"" LINER FROM 2901 - 1830 M. HAD TO PUMP-OUT 6 STDS. OF THE FIRST 9 STDS. OUT DUE TO SWABBING; MAXIMUM PULL = 172 MT. HAD 14 MT ADDITI casing ONAL DRAG WHILE PULLING SHOE INTO 9 5/8"" WINDOW; FLOW-CHECKED Ø WINDOW FOR 15 MINUTES BEFORE CONTINUING TO POOH."
10934,15_9_F_15,C:\Users\user\Downloads\eilink_ra_ds\eilink_ra_ds\data\raw_pdfs\15_9_F_15_2008_12_05.pdf,2008-12-05,13:30,0.0,plug aband,,ok,7,FISHING(+6)|WAIT(+1),Waited on cement. Meanwhile disengaged diverter overshot mechanical seal. Installed 18 inch and 10 inch inserts in diverter. Engaged pulling tool and pulled diveter. on -- wait
10936,15_9_F_15,C:\Users\user\Downloads\eilink_ra_ds\eilink_ra_ds\data\raw_pdfs\15_9_F_15_2008_12_05.pdf,2008-12-05,16:30,0.0,plug aband,,ok,7,FISHING(+6)|WAIT(+1),Waited on cement. Meanwhile changed primary seal in diverter overshot. on -- wait
10434,15_9_F_15,C:\Users\user\Downloads\eilink_ra_ds\eilink_ra_ds\data\raw_pdfs\15_9_F_15_2008_09_21.pdf,2008-09-21,18:45,1355.0,drilling --,,ok,7,EQUIPMENT_FAILURE(+4)|text:overpull(+3),Came through restriction at 1357 m MD. Worked new restriction at 1355 m with overpull and broke through. POOH to 1337 m MD. drill
3949,15_9_F_11,C:\Users\user\Downloads\eilink_ra_ds\eilink_ra_ds\data\raw_pdfs\15_9_F_11_2013_03_10.pdf,2013-03-10,05:00,0.0,interruption,fi,ok,7,FISHING(+6)|REPAIR(+1),"Evaluated risk of POOH recoverable section of BHA up through Volve Platform. sh Held pre-job meeting. POOH and found that BHA had parted at a service break connection on the jar body. From recovered section of BHA estimated fish length to be 58,52 m, appr oximately 14 ton (in air). Evaluated situation and discussed same with town. Meanwhile: ROV pulled back to safe area 50 m from F-11 well centre while POOH BHA."
6821,15_9_F_12,C:\Users\user\Downloads\eilink_ra_ds\eilink_ra_ds\data\raw_pdfs\15_9_F_12_2007_09_01.pdf,2007-09-01,01:30,140.0,drilling,casin,ok,7,EQUIPMENT_FAILURE(+4)|text:overpull(+3),"Latched onto WB at 139,5 m MD and pulled same with 25 MT overpull. Broke circulation and washed across wellhead with 3000 lpm using TSW. g"
10292,15_9_F_15,C:\Users\user\Downloads\eilink_ra_ds\eilink_ra_ds\data\raw_pdfs\15_9_F_15_2007_12_30.pdf,2007-12-30,13:15,1218.0,interrupti,,ok,7,EQUIPMENT_FAILURE(+4)|text:overpull(+3),"Trouble shooting failure on elevator. Meanwhile rigged up 20"" casing elevator. Attempted to move string with 28 MT overpull (250 MT on weight indicator). on -- mai ntain"
10308,15_9_F_15,C:\Users\user\Downloads\eilink_ra_ds\eilink_ra_ds\data\raw_pdfs\15_9_F_15_2007_12_31.pdf,2007-12-31,07:15,145.0,drilling,casin,ok,7,EQUIPMENT_FAILURE(+4)|text:overpull(+3),"Reduced over pull on landing string to neutral. Released CART according to Vetco procedure, 5 turns right hand. Broke out cement head and laid out same. Dropped 2 sponge b g alls and flushed landing string."
1881,15_9_19,C:\Users\user\Downloads\eilink_ra_ds\eilink_ra_ds\data\raw_pdfs\15_9_19_ST2_1992_12_28.pdf,1992-12-28,02:30,2910.0,interruption,sidetr,ok,7,TIGHT_HOLE(+3)|EQUIPMENT_FAILURE(+4),CONTINUED BACKREAMING FROM 2910M TO 2850M. WORKED PIPE DUE TO TIGHT HOLE. TDS STALLED OUT AT 2899M. CIRCULATED 15 MINUTE ack S ON CONNECTION.
1878,15_9_19,C:\Users\user\Downloads\eilink_ra_ds\eilink_ra_ds\data\raw_pdfs\15_9_19_ST2_1992_12_27.pdf,1992-12-27,18:00,2941.0,interruption,sidetrac,ok,7,TIGHT_HOLE(+3)|EQUIPMENT_FAILURE(+4),"BACKREAMED FROM 2941M TO 2913M AT 2700LPM, 150 RPM. TDS STALLED OUT AT 2917M. WORKED PIPE DUE TO TIGHT HOLE. k"
8649,15_9_F_14,C:\Users\user\Downloads\eilink_ra_ds\eilink_ra_ds\data\raw_pdfs\15_9_F_14_2008_06_03.pdf,2008-06-03,00:00,139.0,drilling,bop/we,ok,7,EQUIPMENT_FAILURE(+4)|text:overpull(+3),"Sat TBC ROV panel A in ""primary unlock"" 2-1-1 and RIH with PR another 10-15 cm. Sat TBC ROV panel A in ""primary lock"" 2-1-2. Sat down 15 mT on PR. Pressured up through TB llhead equipmen C port A to 3000 psi and observed silver band alignement of indicator rods above TBC top cap. Silver band was completely aligned. Sat TBC ROV panel A in ""parked position"". t Performed 10 mT overpull test to 107 mT to confirmed that TBC was locked. Ok. Sat TBC ROV panel B in ""lower dog flush"" x-1-1 and removed dummy hot-stab to be able to observ e possible leak."
8249,15_9_F_14,C:\Users\user\Downloads\eilink_ra_ds\eilink_ra_ds\data\raw_pdfs\15_9_F_14_2007_12_12.pdf,2007-12-12,11:15,1077.0,drilling,ca,ok,7,EQUIPMENT_FAILURE(+4)|text:overpull(+3),Established circulation in steps with SW to 2300 lpm. At 2000 lpm / 65 bar the returns broke through on well F-12. Reduced flow to 200 lpm / 27 bar and observed for 15 min. Continued sing circulating 320 m3 of SW at 2300 lpm with returns on F-12. Kept landing string in tension by an overpull of 3 MT.
8931,15_9_F_14,C:\Users\user\Downloads\eilink_ra_ds\eilink_ra_ds\data\raw_pdfs\15_9_F_14_2008_06_18.pdf,2008-06-18,05:30,3.0,drilling,casing,ok,7,TIGHT_HOLE(+3)|EQUIPMENT_FAILURE(+4),Made up to TDS. Broke circulation and washed down from 3680m to 3700m. 450 lpm 38 bars. Washed through tight spots at 3685m - 3687m and at 3696m. Pressure incre ased from 38-68 bar at 3700m.
2267,15_9_19,C:\Users\user\Downloads\eilink_ra_ds\eilink_ra_ds\data\raw_pdfs\15_9_19_ST2_1993_03_02.pdf,1993-03-02,06:00,3873.0,drilling,drill,ok,7,EQUIPMENT_FAILURE(+4)|text:overpull(+3),"DRILLED/SURVEYED 8 1/2"" HOLE FROM 3797M TO 3873M: STEERED FROM 3797M TO 3799M AND FROM 3815M TO 3827M. ATTEMPTED STEERING AT 3869M, NEG ATIVE AS MOTOR STALLED OUT. USED 50 TONS OVERPULL TO FREE PIPE AFTER ATTEMPTING TO STEER."
2016,15_9_19,C:\Users\user\Downloads\eilink_ra_ds\eilink_ra_ds\data\raw_pdfs\15_9_19_ST2_1993_01_13.pdf,1993-01-13,17:30,3580.0,drilling,trip,ok,7,TIGHT_HOLE(+3)|EQUIPMENT_FAILURE(+4),CONT RIH FROM 1490 TO 3580 M. BROKE CIRC EVERY 500 M. REAMED TIGHT SPOT AT 3009 M.
11148,15_9_F_15,C:\Users\user\Downloads\eilink_ra_ds\eilink_ra_ds\data\raw_pdfs\15_9_F_15_A_2008_12_19.pdf,2008-12-19,16:00,1467.0,drilling --,,ok,7,TIGHT_HOLE(+3)|EQUIPMENT_FAILURE(+4),Encountered tight spot at 1467 m MD. Broke circulation. Set down 25 MT. Applied 3 rpm within 15 kNm limit. Passed restriction. casing
11179,15_9_F_15,C:\Users\user\Downloads\eilink_ra_ds\eilink_ra_ds\data\raw_pdfs\15_9_F_15_A_2008_12_22.pdf,2008-12-22,09:15,140.0,drilling --,,ok,7,EQUIPMENT_FAILURE(+4)|text:overpull(+3),"Sat seal assembly according to vetco procedure. Landing string dropped 8 1/4"". Performed line test of surface line against fail safe valve to 345 bar / 10 min. Ok. Closed lower pipe ram and li casing ned up TDS to trip tank to monitor for returns. Pressured up in stages to 207 bar below closed ram. Bled off pressure to zero. Pumped 350 ltrs and got 300 ltrs back. Opened rams and took 4 5 MT overpull. Closed ram and pressure tested seal assembly 35/345 bar for 5/10 min. Dropped 3.5 bar (1 %) / 15 min. 550 ltrs pumped and 450 ltrs bled back. Reduced overpull to 3 MT. R otated 4 right-hand turns and released."
11103,15_9_F_15,C:\Users\user\Downloads\eilink_ra_ds\eilink_ra_ds\data\raw_pdfs\15_9_F_15_A_2008_12_17.pdf,2008-12-17,07:30,1357.0,drilling --,,ok,7,EQUIPMENT_FAILURE(+4)|text:overpull(+3),Made up TDS to drillstring in order to work through restriction from 1385 m MD. Broke circulation and staged up pumps to 3000 lpm / SPP 111 bar. Rotated at 15-50 rpm and worked area f trip rom 1385 m to 1357 m MD. Observed torque peaks of 20 kNm at 1370 and 1381 m MD. Stopped rotation and circulation and pulled from 1385 m to 1357 m MD with no overpull. No overpu ll detected at shoedepth 1368 m MD.
10600,15_9_F_15,C:\Users\user\Downloads\eilink_ra_ds\eilink_ra_ds\data\raw_pdfs\15_9_F_15_2008_10_06.pdf,2008-10-06,10:30,2516.7,drilling --,,ok,7,EQUIPMENT_FAILURE(+4)|text:overpull(+3),Set seal assembly according to Vetco procedure. Performed line test of surface line against fail safe valve to 290 bar / 5 min. Ok. 28 ltrs pumped and 28 ltrs bled back. Closed upper pipe ra casing m and lined up TDS to trip tank to monitor for returns. Pressured up in stages to 207 bar below closed ram. Bled off pressure to zero. Opened rams and took 30 MT overpull (110 MT on weig ht indicator). Closed ram and pressure tested seal assembly 35/290 bar for 5/10 min. Dropped 1.5%. 380 ltrs pumped and 380 ltrs bled back. Reduced overpull to 3 MT. Rotated 4 right-hand turns and released PADPRT.
10937,15_9_F_15,C:\Users\user\Downloads\eilink_ra_ds\eilink_ra_ds\data\raw_pdfs\15_9_F_15_2008_12_05.pdf,2008-12-05,18:00,0.0,plug aband,,ok,7,FISHING(+6)|WAIT(+1),Changed primary seal in diverter overshot. Meanwhile waited on cement. on -- wait
232,15_9_19,C:\Users\user\Downloads\eilink_ra_ds\eilink_ra_ds\data\raw_pdfs\15_9_19_A_1997_08_19.pdf,1997-08-19,20:30,4017.0,formation evaluation,core,ok,7,EQUIPMENT_FAILURE(+4)|text:overpull(+3),CUTTED CORE NO 7 FROM 3990M TO 4017M. BROKE CORE WITH NO SIGNIFICANT OVERPULL.
230,15_9_19,C:\Users\user\Downloads\eilink_ra_ds\eilink_ra_ds\data\raw_pdfs\15_9_19_A_1997_08_19.pdf,1997-08-19,11:00,3990.0,formation evaluation,trip,ok,7,TIGHT_HOLE(+3)|EQUIPMENT_FAILURE(+4),PUMPED AND ROTATED FROM 3924M TO 3933M. REAMED TIGHT SPOT AT 3933M TO 3936M. FREQUENTLY STALLED STRING AND HAD MAX 90T OVE RPULL. CONTINUED REAMING TO BTM AT 3990M WITH STALLING CONDITIONS.
219,15_9_19,C:\Users\user\Downloads\eilink_ra_ds\eilink_ra_ds\data\raw_pdfs\15_9_19_A_1997_08_18.pdf,1997-08-18,15:00,3990.0,formation evaluation,core,ok,7,EQUIPMENT_FAILURE(+4)|text:overpull(+3),"CUTTED CORE NO 6 FROM 3962,5M TO 3990M. BROKE CORE WITH 10 T OVER PULL."
209,15_9_19,C:\Users\user\Downloads\eilink_ra_ds\eilink_ra_ds\data\raw_pdfs\15_9_19_A_1997_08_17.pdf,1997-08-17,18:30,3962.0,formation evaluation,core,ok,7,EQUIPMENT_FAILURE(+4)|text:overpull(+3),"CUT CORE NO 5 FROM 3935,5M TO 3962,5M. BROKE CORE WITH 11 TON OVER PULL."
200,15_9_19,C:\Users\user\Downloads\eilink_ra_ds\eilink_ra_ds\data\raw_pdfs\15_9_19_A_1997_08_16.pdf,1997-08-16,23:00,3820.0,formation evaluation,trip,ok,7,EQUIPMENT_FAILURE(+4)|text:overpull(+3),BROKE CORE ON 3RD ATTEMPT HOLDING 16T OVER PULL. PUMPED AND ROTATED SLOWLY WHILE PULLING BACK TO 3820M.
11001,15_9_F_15,C:\Users\user\Downloads\eilink_ra_ds\eilink_ra_ds\data\raw_pdfs\15_9_F_15_2008_12_08.pdf,2008-12-08,04:45,0.0,plug aba,,ok,6,FISHING(+6),"Held toolbox talk for picking up 10 3/4"" bowen spear. ndon -- c ut"
3812,15_9_F_10,C:\Users\user\Downloads\eilink_ra_ds\eilink_ra_ds\data\raw_pdfs\15_9_F_10_2009_06_11.pdf,2009-06-11,06:00,77.0,plug abandon,trip,ok,6,FISHING(+6),"P/U and RIH with spear assembly. 2 stands of 8"" DC from set back and 3 singles from deck."
10938,15_9_F_15,C:\Users\user\Downloads\eilink_ra_ds\eilink_ra_ds\data\raw_pdfs\15_9_F_15_2008_12_05.pdf,2008-12-05,22:00,0.0,plug aband,,ok,6,FISHING(+6),"Changed primary seal in diverter overshot. Meanwhile performed test against cement plug : Closed shear ram. Topped up well with mud by circulating accross choke and kill lines. Perfom on -- ceme ed line test against kill valve on BOP - 200 bar / 5 min - ok. Opened kill valve. Pressured up on well against cement plug to 50 bar and observed steady test. Continued pressuring up in 20 nt plug bar increments, observed steady test on each level. Tested cement plug #2 to 162 bar / 10 min (0,74 % drop). Pumped and bled back 1022 litres. Meanwhile changed primary seal in diver ter overshot."
41,15_9_19,C:\Users\user\Downloads\eilink_ra_ds\eilink_ra_ds\data\raw_pdfs\15_9_19_A_1997_07_30.pdf,1997-07-30,11:30,430.0,interruption,maintain,fail,6,REPAIR(+1)|state:fail(+5),ELECTRICAL PROBLEM WITH TOP DRIVE SYSTEM; REPAIRED SAME.
11006,15_9_F_15,C:\Users\user\Downloads\eilink_ra_ds\eilink_ra_ds\data\raw_pdfs\15_9_F_15_2008_12_08.pdf,2008-12-08,07:15,129.0,plug aba,,ok,6,FISHING(+6),"RIH with 10 3/4"" Bowen spear on 8 1/4"" DC / 5 1/2"" HWDP from 25 m to 129 m MD. ndon -- c ut"
11007,15_9_F_15,C:\Users\user\Downloads\eilink_ra_ds\eilink_ra_ds\data\raw_pdfs\15_9_F_15_2008_12_08.pdf,2008-12-08,08:30,153.0,plug aba,,ok,6,FISHING(+6),"Made up TDS to 5 1/2"" HWDP. RIH to 153 m MD and landed stop ring in 10 3/4"" wearbushing at 140 m MD. Engaged spear in 10 3/4"" casing according to Smith instructions. ndon -- c ut"
11012,15_9_F_15,C:\Users\user\Downloads\eilink_ra_ds\eilink_ra_ds\data\raw_pdfs\15_9_F_15_2008_12_08.pdf,2008-12-08,11:45,1305.0,plug aba,,ok,6,FISHING(+6),"POOH with 9 5/8"" casing on spear/landing string from 1420 m to 1305 m MD. ndon -- c ut"
11014,15_9_F_15,C:\Users\user\Downloads\eilink_ra_ds\eilink_ra_ds\data\raw_pdfs\15_9_F_15_2008_12_08.pdf,2008-12-08,14:00,1277.0,plug aba,,ok,6,FISHING(+6),"Released 10 3/4"" Bowen spear and pulled out of casing. Removed wearbushing using slings and tugger. Re-engaged spear in 10 3/4"" casing hanger. Picked up 3 m and hung off casing hang ndon -- c er on 1st full 9 5/8"" casing joint, i.e. approx 5 m stick-up. ut"
10437,15_9_F_15,C:\Users\user\Downloads\eilink_ra_ds\eilink_ra_ds\data\raw_pdfs\15_9_F_15_2008_09_21.pdf,2008-09-21,19:45,1329.0,drilling --,,ok,6,EQUIPMENT_FAILURE(+4)|text:swabbing(+2),Inspected threads on DP coupling in RT- found some damage / scoring. POOH with DP single to 1329 m MD. Observed gain in triptank indicating swabbing when pulling single. Flowcheck drill ed - well static. Broke out single and laid out. Picked up new DP single and made up to stand.
10440,15_9_F_15,C:\Users\user\Downloads\eilink_ra_ds\eilink_ra_ds\data\raw_pdfs\15_9_F_15_2008_09_21.pdf,2008-09-21,22:00,1297.0,drilling --,,ok,6,EQUIPMENT_FAILURE(+4)|text:swabbing(+2),Broke and racked back stand. Made up TDS to string for circualting on well due to swabbing and troubleshooting ZMS / VICIS / control system. circulating conditioni ng
10603,15_9_F_15,C:\Users\user\Downloads\eilink_ra_ds\eilink_ra_ds\data\raw_pdfs\15_9_F_15_2008_10_06.pdf,2008-10-06,15:00,0.0,drilling --,,ok,6,FISHING(+6),"POOH with PADPRT from 140 m to OOH. Removed PS21 and installed master bushings. Measured lead impression block to be 1 3/4"". LO PADPRT. casing"
2986,15_9_F_10,C:\Users\user\Downloads\eilink_ra_ds\eilink_ra_ds\data\raw_pdfs\15_9_F_10_2009_04_18.pdf,2009-04-18,08:30,1238.0,interruptio,,ok,6,FISHING(+6),Screwed in TDS to pup joint on CART while observing movement on CART. Managaed to get torque wrench in position without jeapordizing CART make up. Made up TDS. n -- fish
2987,15_9_F_10,C:\Users\user\Downloads\eilink_ra_ds\eilink_ra_ds\data\raw_pdfs\15_9_F_10_2009_04_18.pdf,2009-04-18,08:45,1238.0,interruptio,,ok,6,FISHING(+6),"Staged up pumps to 660 lpm, verified returns to seabed. Staged up pumps to 2000 lpm / SPP ~30 bar. n -- fish"
10940,15_9_F_15,C:\Users\user\Downloads\eilink_ra_ds\eilink_ra_ds\data\raw_pdfs\15_9_F_15_2008_12_06.pdf,2008-12-06,00:00,0.0,plug abandon,other,ok,6,FISHING(+6),Changed primary seal in diverter overshot.
2995,15_9_F_10,C:\Users\user\Downloads\eilink_ra_ds\eilink_ra_ds\data\raw_pdfs\15_9_F_10_2009_04_18.pdf,2009-04-18,18:30,1389.0,drilling --,,ok,6,TIGHT_HOLE(+3)|text:overpull(+3),"Picked up cement head and continued working tight spot down to 1289 m MD. Landed and locked 18 3/4"" wellhead in 30"" conductor housing at 139,72 m MD by setting down string weight casing (WH Datum @ 138.94 m RT). Performed 50 MT overpull test on wellhead - ok."
11181,15_9_F_15,C:\Users\user\Downloads\eilink_ra_ds\eilink_ra_ds\data\raw_pdfs\15_9_F_15_A_2008_12_22.pdf,2008-12-22,15:45,0.0,drilling --,,ok,6,FISHING(+6),"POOH with PADPRT from 135 m to OOH. Removed PS21 and installed master bushings. Measured lead impression block to be 1.7"". LO PADPRT. casing"
8767,15_9_F_14,C:\Users\user\Downloads\eilink_ra_ds\eilink_ra_ds\data\raw_pdfs\15_9_F_14_2008_06_09.pdf,2008-06-09,15:00,119.0,drilling --,,ok,6,FISHING(+6),"Changed to 5½"" DP BX4 elevator and made up spear assy. Made up spear to HWDP and RIH and engaged the spear in the 10 3/4"" casing. casing"
731,15_9_19,C:\Users\user\Downloads\eilink_ra_ds\eilink_ra_ds\data\raw_pdfs\15_9_19_B_1997_11_18.pdf,1997-11-18,00:00,1905.0,interruption,,fail,6,REPAIR(+1)|state:fail(+5),CONTINUED RIG REPAIR: NDT INSPECTION WAS CARRIED OUT ON VITAL PARTS ON RACKING HEAD. INSTALLED RACKING HEAD AND TESTED FINGER. FINGER HAD INCO -- maintain MPLETE TRAVEL. CHANGED FINGER ACTUATOR. WELDED BAR WITH RUBBER BUMPER FOR UPPER RACKING ARM. CUT DOWN HINGED WORK PLATFORM FOR URA DUE TO CRACK DAMAGE. OBSERVED WELL ON TRIP TANK.
732,15_9_19,C:\Users\user\Downloads\eilink_ra_ds\eilink_ra_ds\data\raw_pdfs\15_9_19_B_1997_11_18.pdf,1997-11-18,06:00,1905.0,interruption,,fail,6,REPAIR(+1)|state:fail(+5),CONTINUED RIG REPAIR ON UPPER RACKING ARM. RE-ADJUSTED URA FINGER TRAVEL. INSTALLED SAFETY WIRES FOR HEAD AND HEAD PROTECTION. CLEARED DERRI -- maintain CK FOR TOOLS AND PERFORMED FINAL INSPECTION. TESTED UPPER RACKING ARM.
735,15_9_19,C:\Users\user\Downloads\eilink_ra_ds\eilink_ra_ds\data\raw_pdfs\15_9_19_B_1997_11_18.pdf,1997-11-18,12:30,2580.0,interruption,,fail,6,REPAIR(+1)|state:fail(+5),"REPAIRED OPERATING CYLINDER ON 5"" DP ELEVATOR. FILLED STRING. -- maintain"
7927,15_9_F_12,C:\Users\user\Downloads\eilink_ra_ds\eilink_ra_ds\data\raw_pdfs\15_9_F_12_2016_08_25.pdf,2016-08-25,20:30,0.0,plug abandon,,ok,6,FISHING(+6),"Performed Pre-job Meeting to P/U spear BHA. Meanwhile tested shear rams: to close - 23s/31,2gal, to open - 20s/29,8gal -- other"
7928,15_9_F_12,C:\Users\user\Downloads\eilink_ra_ds\eilink_ra_ds\data\raw_pdfs\15_9_F_12_2016_08_25.pdf,2016-08-25,20:45,0.0,plug abandon,,ok,6,FISHING(+6),"P/U and M/U spear BHA (run#25). Rearranged the12in stab above 8,25in DC to be able to engage spear below perforations in 10 3/4in csg -- other"
7929,15_9_F_12,C:\Users\user\Downloads\eilink_ra_ds\eilink_ra_ds\data\raw_pdfs\15_9_F_12_2016_08_25.pdf,2016-08-25,22:15,152.0,plug abandon,,ok,6,FISHING(+6),"RIH w/ spear assy on 5,5in DP to 152m. Weight Up/Down: 74t/71 t -- trip"
7933,15_9_F_12,C:\Users\user\Downloads\eilink_ra_ds\eilink_ra_ds\data\raw_pdfs\15_9_F_12_2016_08_26.pdf,2016-08-26,00:00,0.0,plug abandon,trip,ok,6,FISHING(+6),POOH w/ csg fish on spear. Set fish in slips. Released spear and R/B same
1350,15_9_19,C:\Users\user\Downloads\eilink_ra_ds\eilink_ra_ds\data\raw_pdfs\15_9_19_BT2_1998_01_27.pdf,1998-01-27,14:00,0.0,interruption,maintain,fail,6,REPAIR(+1)|state:fail(+5),REPLACED AIR HOSE FOR DRILLPIPE ELEVATORS.
8718,15_9_F_14,C:\Users\user\Downloads\eilink_ra_ds\eilink_ra_ds\data\raw_pdfs\15_9_F_14_2008_06_06.pdf,2008-06-06,22:15,0.0,completion,other,ok,6,FISHING(+6),Held tool box talk and made up Spear assy. using rig-tongs. Racked back Spear assy. in derrick.
8727,15_9_F_14,C:\Users\user\Downloads\eilink_ra_ds\eilink_ra_ds\data\raw_pdfs\15_9_F_14_2008_06_07.pdf,2008-06-07,06:30,119.0,drilling --,,ok,6,FISHING(+6),"Made up premade spear stand from derrick and stabbed into 10 3/4"" casing. casing"
867,15_9_19,C:\Users\user\Downloads\eilink_ra_ds\eilink_ra_ds\data\raw_pdfs\15_9_19_B_1997_12_05.pdf,1997-12-05,11:00,576.0,interrupti,,ok,6,FISHING(+6),FUNCTION TESTED BOPS ON BOTH PODS. on -- fish
2285,15_9_19,C:\Users\user\Downloads\eilink_ra_ds\eilink_ra_ds\data\raw_pdfs\15_9_19_ST2_1993_03_05.pdf,1993-03-05,00:00,0.0,interruption,maintain,fail,6,REPAIR(+1)|state:fail(+5),CONT. REPAIRING TDS. RE-INSTALLED OIL PUMP ASSEMBLY.
6083,15_9_F_12,C:\Users\user\Downloads\eilink_ra_ds\eilink_ra_ds\data\raw_pdfs\15_9_F_12_2007_06_26.pdf,2007-06-26,12:30,251.0,drilling,drill,ok,6,EQUIPMENT_FAILURE(+4)|REPAIR(+1)|WAIT(+1),Flow checked well over trip tank while waiting on decision. Leakage stopped and well flow checked ok. Meanwhile performed general maintenance and houskeeping.
6128,15_9_F_12,C:\Users\user\Downloads\eilink_ra_ds\eilink_ra_ds\data\raw_pdfs\15_9_F_12_2007_07_02.pdf,2007-07-02,11:00,0.0,drilling,other,ok,6,FISHING(+6),Attached slings to chackles in bails in TDS to overshot joint. Removed tension bolts using Bandak Bolt Tensioning Tool. LO overshot joint and removed slings.
1229,15_9_19,C:\Users\user\Downloads\eilink_ra_ds\eilink_ra_ds\data\raw_pdfs\15_9_19_BT2_1998_01_17.pdf,1998-01-17,01:00,3172.0,formation,,fail,6,REPAIR(+1)|state:fail(+5),REPLACED DAMAGED DRUM OF ATLAS ELECTRIC LINE. MUD STILL OUT OF BALANCE - CIRCULATED FROM 0100 HRS. - 0430 HRS. - 950 LPM Ø 160 BAR - TO evaluation -- other BALANCE OUT MUD/2 BOTTOMS-UP CIRCULATED.
1230,15_9_19,C:\Users\user\Downloads\eilink_ra_ds\eilink_ra_ds\data\raw_pdfs\15_9_19_BT2_1998_01_17.pdf,1998-01-17,05:30,3172.0,formation,,fail,6,REPAIR(+1)|state:fail(+5),STARTED RU ELECTRIC LINE INTO SHEAVES BEFORE MU REPLACEMENT SIDE ENTRY SUB INTO DRILLPIPE. evaluation -- other
1231,15_9_19,C:\Users\user\Downloads\eilink_ra_ds\eilink_ra_ds\data\raw_pdfs\15_9_19_BT2_1998_01_17.pdf,1998-01-17,06:00,3172.0,formation,,fail,6,REPAIR(+1)|state:fail(+5),COMPLETED MU REPLACEMENT SIDE ENTRY SUB INTO STRING. ATLAS RIH WITH WET CONNECTOR ON ELECTRIC LINE WHILE PUMPING. ATLAS LATCHED evaluation -- other WET CONNECTOR WHILE PUMPING 800 LPM Ø 138 BAR.
1236,15_9_19,C:\Users\user\Downloads\eilink_ra_ds\eilink_ra_ds\data\raw_pdfs\15_9_19_BT2_1998_01_18.pdf,1998-01-18,03:00,1734.0,interruptio,,fail,6,REPAIR(+1)|state:fail(+5),BOLT SHEARED ON RIG FLOOR STAND-LIFTER; REPLACED BOLT. n -- mainta in
1288,15_9_19,C:\Users\user\Downloads\eilink_ra_ds\eilink_ra_ds\data\raw_pdfs\15_9_19_BT2_1998_01_22.pdf,1998-01-22,20:00,3660.0,plug abandon -,,ok,6,TIGHT_HOLE(+3)|text:overpull(+3),"POOH FROM 4025 - 3660 M. HOLE TOOK 1,07 M3 OF ADDITIONAL FILL ON TRIP OUT OF HOLE; TOOK 27 MT OVERPULL TO PULL PAST TIGHT SPOT Ø 3878 M. - trip"
1343,15_9_19,C:\Users\user\Downloads\eilink_ra_ds\eilink_ra_ds\data\raw_pdfs\15_9_19_BT2_1998_01_26.pdf,1998-01-26,23:00,1427.0,plug aban,,ok,6,FISHING(+6),POOH WITH SPEAR + CASING STRING; SPEAR PULLED FROM 162 - 124 M - CASING PULLED FROM 1465 - 1427 M. don -- cut
1345,15_9_19,C:\Users\user\Downloads\eilink_ra_ds\eilink_ra_ds\data\raw_pdfs\15_9_19_BT2_1998_01_27.pdf,1998-01-27,00:00,1378.0,plug abandon,cut,ok,6,FISHING(+6),"CONTINUED TO POOH WITH DRILLPIPE/SPEAR + CASING STRING - UNTIL 10 3/4"" CASING HANGER Ø SURFACE. WITH SPEAR 75M BELOW ROTARY, RELEASED SPEAR."
1950,15_9_19,C:\Users\user\Downloads\eilink_ra_ds\eilink_ra_ds\data\raw_pdfs\15_9_19_ST2_1993_01_05.pdf,1993-01-05,18:30,1343.0,interruption,maintain,fail,6,REPAIR(+1)|state:fail(+5),REPAIRED UPPER RACKING ARM.
750,15_9_19,C:\Users\user\Downloads\eilink_ra_ds\eilink_ra_ds\data\raw_pdfs\15_9_19_B_1997_11_19.pdf,1997-11-19,19:00,2121.0,interruption --,,fail,6,WAIT(+1)|state:fail(+5),"CONTINUED WAITING ON WEATHER DUE TO HIGH WIND, 25-32 M/S AND MAXIMUM HEAVE 9,M - 6,M. waiting on weathe r"
751,15_9_19,C:\Users\user\Downloads\eilink_ra_ds\eilink_ra_ds\data\raw_pdfs\15_9_19_B_1997_11_20.pdf,1997-11-20,00:00,2121.0,interruption,waiting on weather,fail,6,WAIT(+1)|state:fail(+5),"CONTINUED WAITING ON WEATHER DUE TO HIGH WIND 22-29 M/S. RIG HEAVE 4,5 -5,2 M. AT REPORT TIME ."
752,15_9_19,C:\Users\user\Downloads\eilink_ra_ds\eilink_ra_ds\data\raw_pdfs\15_9_19_B_1997_11_20.pdf,1997-11-20,06:00,2121.0,interruption,waiting on weather,fail,6,WAIT(+1)|state:fail(+5),"CONTINUED WAITING ON WEATHER DUE TO HIGH WIND, 23-30 M/S, RIG HEAVE; 4,6- 9,7 M."
753,15_9_19,C:\Users\user\Downloads\eilink_ra_ds\eilink_ra_ds\data\raw_pdfs\15_9_19_B_1997_11_21.pdf,1997-11-21,00:00,2121.0,interruption,waiting on weather,fail,6,WAIT(+1)|state:fail(+5),"CONTINUED WAITING ON WEATHER DUE TO HIGH WIND, 20-30 M/S RIG HEAVE 4,9-7,9 M ."
7805,15_9_F_12,C:\Users\user\Downloads\eilink_ra_ds\eilink_ra_ds\data\raw_pdfs\15_9_F_12_2016_08_21.pdf,2016-08-21,16:00,0.0,plug abandon,,ok,6,FISHING(+6),Set slips on fish and released spear. R/B spear in derrick -- equipment r ecovery
7828,15_9_F_12,C:\Users\user\Downloads\eilink_ra_ds\eilink_ra_ds\data\raw_pdfs\15_9_F_12_2016_08_22.pdf,2016-08-22,09:15,0.0,plug aban,,ok,6,FISHING(+6),RIH w/ DP from surface to 137 m. M/U TDS and latched on to fish. POOH from to surface. L/D torque tool don -- oth er
7888,15_9_F_12,C:\Users\user\Downloads\eilink_ra_ds\eilink_ra_ds\data\raw_pdfs\15_9_F_12_2016_08_24.pdf,2016-08-24,05:45,0.0,plug aband,,ok,6,FISHING(+6),"RIH on 5,5in DP to 128 meter and latched on to 10 3/4in tieback fish on -- trip"
870,15_9_19,C:\Users\user\Downloads\eilink_ra_ds\eilink_ra_ds\data\raw_pdfs\15_9_19_B_1997_12_05.pdf,1997-12-05,17:00,0.0,interrupti,,fail,6,REPAIR(+1)|state:fail(+5),POOH - WET - TO REPLACE BIT & MOTOR. on -- rep air
853,15_9_19,C:\Users\user\Downloads\eilink_ra_ds\eilink_ra_ds\data\raw_pdfs\15_9_19_B_1997_12_04.pdf,1997-12-04,07:30,0.0,interruptio,,ok,6,FISHING(+6),SERVICED RIG & TDS. n -- fish
1969,15_9_19,C:\Users\user\Downloads\eilink_ra_ds\eilink_ra_ds\data\raw_pdfs\15_9_19_ST2_1993_01_06.pdf,1993-01-06,21:30,2842.0,interrupti,,fail,6,REPAIR(+1)|state:fail(+5),ANADRILL REPLACED TRANSDUCER ON TOP OF STANDPIPE. PUMPED THROUGH CEMENT HOSE ON PUMP-IN SUB WHILE RECIPROCATING STRING. PUMP SPEED 1600 LP on -- rep M. air
1974,15_9_19,C:\Users\user\Downloads\eilink_ra_ds\eilink_ra_ds\data\raw_pdfs\15_9_19_ST2_1993_01_07.pdf,1993-01-07,03:00,3204.0,interruptio,,fail,6,REPAIR(+1)|state:fail(+5),"ATTEMPTED TO ORIENT 12 1/4"" HOLE, BUT HAVING PROBLEMS KEEPING TOOLPHASE. MWD LOGGING UNIT IS RECIEVING TO MUCH NOISE. TOOLPHASE IS OBTAINED W n -- repair HEN TOOL IS STATIONARY. WHEN MOVING DP, TOOLPHASE FLUCTUATES AND WHEN BIT IS ON BOTTOM TOOLPHASE IS LOST. INCREASE IN PRESSURE ON BOTTOM IS 5 BAR."
6339,15_9_F_12,C:\Users\user\Downloads\eilink_ra_ds\eilink_ra_ds\data\raw_pdfs\15_9_F_12_2007_07_20.pdf,2007-07-20,15:15,0.0,interruption --,,ok,6,FISHING(+6),Picked up diverter and set aside. Thightened slick-joint/overshot connection on the BOP. Filled riser with water and verifed connection holding hydrostatic pressure. Installed diverter in h other ousing.
6398,15_9_F_12,C:\Users\user\Downloads\eilink_ra_ds\eilink_ra_ds\data\raw_pdfs\15_9_F_12_2007_07_23.pdf,2007-07-23,15:30,1467.0,interruption,,ok,6,TIGHT_HOLE(+3)|text:overpull(+3),"POOH with 17 1/2"" drilling BHA from 1546 m to 1467 m MD. Tight hole took approx 30 MT overpull. -- other"
6428,15_9_F_12,C:\Users\user\Downloads\eilink_ra_ds\eilink_ra_ds\data\raw_pdfs\15_9_F_12_2007_07_27.pdf,2007-07-27,14:30,2486.0,interruption,,ok,6,EQUIPMENT_FAILURE(+4)|text:swabbing(+2),Worked on mud pumps #2 and #3. Changed swab/piston and liner seal on pump #2. Changed liner spray hose on pump #3. -- other Got pump #2 up and running. Attempted to recommence drilling at 21:45. Observed leakage on TDS washpipe.
6436,15_9_F_12,C:\Users\user\Downloads\eilink_ra_ds\eilink_ra_ds\data\raw_pdfs\15_9_F_12_2007_07_28.pdf,2007-07-28,17:00,1798.0,drilling,trip,ok,6,TIGHT_HOLE(+3)|text:overpull(+3),Tight hole from 2254. Continued POOH while pumping at 3500 lpm from 2254 to 1798 m MD. Rotated at 40 rpm on 15 MT+ overpull as dictated by hole.
2397,15_9_19,C:\Users\user\Downloads\eilink_ra_ds\eilink_ra_ds\data\raw_pdfs\15_9_19_ST2_1993_03_16.pdf,1993-03-16,02:30,900.0,interruption,fish,ok,6,FISHING(+6),POOH WITH OVERSHOT AND LOGGING TOOLS FROM 3512M TO 900M.
5876,15_9_F_11,C:\Users\user\Downloads\eilink_ra_ds\eilink_ra_ds\data\raw_pdfs\15_9_F_11_T2_2013_05_10.pdf,2013-05-10,00:00,2550.0,drilling,trip,ok,6,TIGHT_HOLE(+3)|text:overpull(+3),"Pulled / lubricated out of hole with 8 1/2"" bottom hole assembly from 4266m MD to 2550m MD with 200 lpm and 8-9 bar. Observed tight spots at 4230m, 4225m, 4066m-4060m and 3950m with maximum 20 MT overpull."
6041,15_9_F_12,C:\Users\user\Downloads\eilink_ra_ds\eilink_ra_ds\data\raw_pdfs\15_9_F_12_2007_06_20.pdf,2007-06-20,15:00,0.0,drilling,bop/wellhea,ok,6,FISHING(+6),Installed cradles on HTS for handling overshot joint. Picked up overshot joint and landed off on top of LPDR Tension joint. Torqued up bolts in overshot. d equipment
6044,15_9_F_12,C:\Users\user\Downloads\eilink_ra_ds\eilink_ra_ds\data\raw_pdfs\15_9_F_12_2007_06_21.pdf,2007-06-21,00:00,0.0,drilling,bop/wellhead equipmen,ok,6,FISHING(+6),Secured overshot joint with tugger in moonpool due to movements in same. Landed diverter on overshot joint. Made up diverter to overshot joi t nt.
2130,15_9_19,C:\Users\user\Downloads\eilink_ra_ds\eilink_ra_ds\data\raw_pdfs\15_9_19_ST2_1993_01_26.pdf,1993-01-26,23:30,2985.0,interruption --,,fail,6,REPAIR(+1)|state:fail(+5),"DRIVE GEAR FOR JAW ON UPPER RACKING ARM WORN OUT. ATTEMPTED REPAIR, NEGATIVE. maintain"
2279,15_9_19,C:\Users\user\Downloads\eilink_ra_ds\eilink_ra_ds\data\raw_pdfs\15_9_19_ST2_1993_03_04.pdf,1993-03-04,09:30,1200.0,interruption,maintain,fail,6,REPAIR(+1)|state:fail(+5),FOUND MOTOR ON UPPER RACKING ARM LOOSE. REPAIRED SAME.
2282,15_9_19,C:\Users\user\Downloads\eilink_ra_ds\eilink_ra_ds\data\raw_pdfs\15_9_19_ST2_1993_03_04.pdf,1993-03-04,16:30,0.0,interruption,maintain,fail,6,REPAIR(+1)|state:fail(+5),TOOK DOWN OIL PUMP ASSEMBLY TO REPAIR SAME.
2284,15_9_19,C:\Users\user\Downloads\eilink_ra_ds\eilink_ra_ds\data\raw_pdfs\15_9_19_ST2_1993_03_04.pdf,1993-03-04,22:30,0.0,interruption,maintain,fail,6,REPAIR(+1)|state:fail(+5),CONTINUED REPAIRING TDS: CHANGED OUT OIL PUMP.
5545,15_9_F_11,C:\Users\user\Downloads\eilink_ra_ds\eilink_ra_ds\data\raw_pdfs\15_9_F_11_T2_2013_04_02.pdf,2013-04-02,12:00,460.0,drilling,trip,ok,6,TIGHT_HOLE(+3)|text:overpull(+3),"Pulled out of hole with 26"" bottom hole assembly from 1365m MD to 460m MD. Observed tight hole at 460m MD. Attempted to get past restriction with maximum 30MT overpull - no go."
2303,15_9_19,C:\Users\user\Downloads\eilink_ra_ds\eilink_ra_ds\data\raw_pdfs\15_9_19_ST2_1993_03_07.pdf,1993-03-07,07:00,3569.0,drilling,trip,ok,6,TIGHT_HOLE(+3)|text:overpull(+3),POOH TO SHOE.WORKED TIGHT SPOT AT 3662M WITH MAX 30 TON OVERPULL.
2306,15_9_19,C:\Users\user\Downloads\eilink_ra_ds\eilink_ra_ds\data\raw_pdfs\15_9_19_ST2_1993_03_07.pdf,1993-03-07,11:00,2173.0,interruption,maintain,fail,6,REPAIR(+1)|state:fail(+5),REPAIRED UPPER RACKING ARM.
2354,15_9_19,C:\Users\user\Downloads\eilink_ra_ds\eilink_ra_ds\data\raw_pdfs\15_9_19_ST2_1993_03_10.pdf,1993-03-10,23:30,0.0,interruption,r,fail,6,REPAIR(+1)|state:fail(+5),"ATTEMPTED TESTING MWD-TOOL, NEGATIVE: LOSS OF CONTACT IN JUNCTION BOX FOR TEST CABLE. REPAIRED SAME. epair"
2369,15_9_19,C:\Users\user\Downloads\eilink_ra_ds\eilink_ra_ds\data\raw_pdfs\15_9_19_ST2_1993_03_13.pdf,1993-03-13,03:00,3672.0,drilling,trip,ok,6,TIGHT_HOLE(+3)|text:overpull(+3),"POOH TO 3672M FOR WIPER TRIP TO 9 5/8"" CASING SHOE. WORKED TIGHT SPOT AT 3672M. MAX 30 TON OVERPULL."
1071,15_9_19,C:\Users\user\Downloads\eilink_ra_ds\eilink_ra_ds\data\raw_pdfs\15_9_19_BT2_1997_12_29.pdf,1997-12-29,01:00,3690.0,interruptio,,fail,6,REPAIR(+1)|state:fail(+5),CONTINUED LOGGING WITH MWD FROM 3679M TO 3690M. MADE 4 ATTEMPTS BEFORE OBTAINED GOOD SURVEY. WASHED ONTO BTM SEVERAL TIMES PRIOR TO DRILLI n -- repair NG.
1119,15_9_19,C:\Users\user\Downloads\eilink_ra_ds\eilink_ra_ds\data\raw_pdfs\15_9_19_BT2_1998_01_03.pdf,1998-01-03,00:00,0.0,interruption --,,fail,6,WAIT(+1)|state:fail(+5),"W.O.W. MAX WIND 34 M/S, MAX PITCH 2 DEG, MAX ROLL 5 DEG, MAX HEAVE 7.8M. waiting on weather"
1141,15_9_19,C:\Users\user\Downloads\eilink_ra_ds\eilink_ra_ds\data\raw_pdfs\15_9_19_BT2_1998_01_06.pdf,1998-01-06,02:00,3842.0,interruption,maintain,fail,6,REPAIR(+1)|state:fail(+5),REPAIRED IRON ROUGHNECK - SHEARED BOLTS ON TORQUE WRENCH.
1168,15_9_19,C:\Users\user\Downloads\eilink_ra_ds\eilink_ra_ds\data\raw_pdfs\15_9_19_BT2_1998_01_08.pdf,1998-01-08,19:30,2179.0,formation evaluation,trip,ok,6,TIGHT_HOLE(+3)|text:overpull(+3),FLOWCHECKED AND PUMPED SLUG. POOH WITH CORE #4. TIGHT IN PLACES FROM 4090M TO 4062M (35 TONS MAX OVERPULL ).
8908,15_9_F_14,C:\Users\user\Downloads\eilink_ra_ds\eilink_ra_ds\data\raw_pdfs\15_9_F_14_2008_06_17.pdf,2008-06-17,04:30,600.0,drilling,bop/wellhead eq,ok,6,FISHING(+6),Held tool/SJA box talk and actuated the Overshot Packer mechanically. Tightened the 16 actuating screws with a max. torque 200 ft-lbs. uipment
8909,15_9_F_14,C:\Users\user\Downloads\eilink_ra_ds\eilink_ra_ds\data\raw_pdfs\15_9_F_14_2008_06_17.pdf,2008-06-17,06:00,600.0,drilling,bop/wellhead eq,ok,6,FISHING(+6),Continued actuating the Overshot Packer mechanically. By tightened the 16 actuating screws with a max. torque 200 ft-lbs. uipment
9151,15_9_F_14,C:\Users\user\Downloads\eilink_ra_ds\eilink_ra_ds\data\raw_pdfs\15_9_F_14_2008_06_28.pdf,2008-06-28,20:45,0.0,drilling,bo,ok,6,FISHING(+6),"Changed to 5"" inserts in elevator to accommodate conductor housing pulling tool. Released mechanical seals on overshot. p/wellhead equipment"
9155,15_9_F_14,C:\Users\user\Downloads\eilink_ra_ds\eilink_ra_ds\data\raw_pdfs\15_9_F_14_2008_06_29.pdf,2008-06-29,01:00,0.0,drilling,bo,ok,6,FISHING(+6),Pulled overshot joint using slings. Installed outer ring and masterbushing. p/wellhead equipment
2385,15_9_19,C:\Users\user\Downloads\eilink_ra_ds\eilink_ra_ds\data\raw_pdfs\15_9_19_ST2_1993_03_14.pdf,1993-03-14,19:00,804.0,interruption,fi,ok,6,FISHING(+6),CONTINUED RIH WITH OVERSHOT ASSEMBLY TO 804M. sh
2389,15_9_19,C:\Users\user\Downloads\eilink_ra_ds\eilink_ra_ds\data\raw_pdfs\15_9_19_ST2_1993_03_15.pdf,1993-03-15,14:30,3656.0,interruption,fish,ok,6,FISHING(+6),CONTINUED RIH WITH OVERSHOT TO 3656M.
5282,15_9_F_11,C:\Users\user\Downloads\eilink_ra_ds\eilink_ra_ds\data\raw_pdfs\15_9_F_11_B_2016_09_25.pdf,2016-09-25,07:45,107.0,plug abandon,o,ok,6,FISHING(+6),RIH w/ spear BHA and engaged spear in tieback casing. Pulled fish to surface ther
5284,15_9_F_11,C:\Users\user\Downloads\eilink_ra_ds\eilink_ra_ds\data\raw_pdfs\15_9_F_11_B_2016_09_25.pdf,2016-09-25,08:15,107.0,plug abandon,o,ok,6,FISHING(+6),Released spear from tieback casing fish. R/B spear in derrick ther
5296,15_9_F_11,C:\Users\user\Downloads\eilink_ra_ds\eilink_ra_ds\data\raw_pdfs\15_9_F_11_B_2016_09_25.pdf,2016-09-25,17:00,0.0,plug abandon,o,ok,6,FISHING(+6),P/U and M/U spear BHA (run#16) ther
5298,15_9_F_11,C:\Users\user\Downloads\eilink_ra_ds\eilink_ra_ds\data\raw_pdfs\15_9_F_11_B_2016_09_25.pdf,2016-09-25,17:45,129.0,plug abandon,o,ok,6,FISHING(+6),"RIH w/ spear to 129m, engage spear to tieback adapter fish ther"
5299,15_9_F_11,C:\Users\user\Downloads\eilink_ra_ds\eilink_ra_ds\data\raw_pdfs\15_9_F_11_B_2016_09_25.pdf,2016-09-25,18:00,0.0,plug abandon,tr,ok,6,FISHING(+6),POOH slowly w/ fish on spear to surface ip
5300,15_9_F_11,C:\Users\user\Downloads\eilink_ra_ds\eilink_ra_ds\data\raw_pdfs\15_9_F_11_B_2016_09_25.pdf,2016-09-25,18:30,0.0,plug abandon,o,ok,6,FISHING(+6),Released spear and L/D tieback adapter fish ther
5301,15_9_F_11,C:\Users\user\Downloads\eilink_ra_ds\eilink_ra_ds\data\raw_pdfs\15_9_F_11_B_2016_09_25.pdf,2016-09-25,19:00,0.0,plug abandon,o,ok,6,FISHING(+6),R/B spear BHA in the derrick. Meanwhile started step rate testing on F-4 well w/ cement unit ther
5332,15_9_F_11,C:\Users\user\Downloads\eilink_ra_ds\eilink_ra_ds\data\raw_pdfs\15_9_F_11_B_2016_09_26.pdf,2016-09-26,16:30,145.0,plug abandon --,,ok,6,FISHING(+6),P/U Spear assy (run#20). Checked and inspected same. RIH to 145m other
5334,15_9_F_11,C:\Users\user\Downloads\eilink_ra_ds\eilink_ra_ds\data\raw_pdfs\15_9_F_11_B_2016_09_26.pdf,2016-09-26,17:15,747.0,plug abandon --,,ok,6,FISHING(+6),"POOH with casing fish on spear. Set casing fish in slips. Bottom of casing fish at 747m. Meanwhile finished w/ pumping postflush after batch#2 of drilling slop on F-4. Total drilling sl trip op pumped for batch#2 of 250m3, postflush pumped of 140m3 (after batch#2), 1000l/min - 150bar. Stopped injection for 2 hours"
9732,15_9_F_14,C:\Users\user\Downloads\eilink_ra_ds\eilink_ra_ds\data\raw_pdfs\15_9_F_14_2016_08_05.pdf,2016-08-05,18:30,0.0,plug abandon,other,ok,6,FISHING(+6),Changed inserts in elevator. Retrieved spear assy from fingerboard.
9733,15_9_F_14,C:\Users\user\Downloads\eilink_ra_ds\eilink_ra_ds\data\raw_pdfs\15_9_F_14_2016_08_05.pdf,2016-08-05,19:00,0.0,plug abandon,other,ok,6,FISHING(+6),Performed TBT for RIH with spear BHA
9734,15_9_F_14,C:\Users\user\Downloads\eilink_ra_ds\eilink_ra_ds\data\raw_pdfs\15_9_F_14_2016_08_05.pdf,2016-08-05,19:15,0.0,plug abandon,other,ok,6,FISHING(+6),P/U and M/U spear BHA. Inspected grapple and greased helix.
9736,15_9_F_14,C:\Users\user\Downloads\eilink_ra_ds\eilink_ra_ds\data\raw_pdfs\15_9_F_14_2016_08_05.pdf,2016-08-05,20:00,498.0,plug abandon,trip,ok,6,FISHING(+6),"RIH w/ spear BHA on 5 1/2"" DP from 41 m to 498 m . Avg. tripping speed 610 m/hr."
9156,15_9_F_14,C:\Users\user\Downloads\eilink_ra_ds\eilink_ra_ds\data\raw_pdfs\15_9_F_14_2008_06_29.pdf,2008-06-29,02:00,0.0,drilling,bo,ok,6,FISHING(+6),Dismanteled BOP tension cylinder and pulled aside. Racked back overshot joint. Cleared drillfloor for pulling BOP riser joint. p/wellhead equipment
5335,15_9_F_11,C:\Users\user\Downloads\eilink_ra_ds\eilink_ra_ds\data\raw_pdfs\15_9_F_11_B_2016_09_26.pdf,2016-09-26,18:00,747.0,plug abandon --,,ok,6,FISHING(+6),"Inspected spear, found grapple cracked. Secured grapple and R/B spear BHA in derrick. Meanwhile performed TBT to R/U casing handling equipment other"
5390,15_9_F_11,C:\Users\user\Downloads\eilink_ra_ds\eilink_ra_ds\data\raw_pdfs\15_9_F_11_B_2016_09_28.pdf,2016-09-28,19:15,0.0,plug abandon --,,ok,6,FISHING(+6),Performed Pre-job Meeting to change grapple on 10 3/4in spear other
5391,15_9_F_11,C:\Users\user\Downloads\eilink_ra_ds\eilink_ra_ds\data\raw_pdfs\15_9_F_11_B_2016_09_28.pdf,2016-09-28,19:30,0.0,plug abandon --,,ok,6,FISHING(+6),Changed grapple on 10 3/4in spear BHA for the well of F-4 other
5410,15_9_F_11,C:\Users\user\Downloads\eilink_ra_ds\eilink_ra_ds\data\raw_pdfs\15_9_F_11_B_2016_09_29.pdf,2016-09-29,06:00,0.0,plug abandon --,,ok,6,FISHING(+6),"Pulled master bushing and outer ring, attached lifting chains to diverter. Bled down pressure on diverter, disconnected overshot hose other"
2398,15_9_19,C:\Users\user\Downloads\eilink_ra_ds\eilink_ra_ds\data\raw_pdfs\15_9_19_ST2_1993_03_16.pdf,1993-03-16,06:00,0.0,interruption,fish,ok,6,FISHING(+6),CONTINUED POOH WITH OVERSHOT AND LOGGING TOOLS.
2399,15_9_19,C:\Users\user\Downloads\eilink_ra_ds\eilink_ra_ds\data\raw_pdfs\15_9_19_ST2_1993_03_16.pdf,1993-03-16,07:30,0.0,interruption,fish,ok,6,FISHING(+6),RECOVERED TOOLSTRING FROM OVERSHOT. REMOVED RADIOACTIVE SOURCES AND LAID DOWN LOGGING TOOLS.
5261,15_9_F_11,C:\Users\user\Downloads\eilink_ra_ds\eilink_ra_ds\data\raw_pdfs\15_9_F_11_B_2016_09_24.pdf,2016-09-24,21:15,1978.0,plug abandon,,ok,6,FISHING(+6),P/U spear assembly (run #11) and engaged into 7in tubing at RKB. RIH on DP from 1944m to 1978m -- other
5263,15_9_F_11,C:\Users\user\Downloads\eilink_ra_ds\eilink_ra_ds\data\raw_pdfs\15_9_F_11_B_2016_09_24.pdf,2016-09-24,22:00,2810.0,plug abandon,,ok,6,FISHING(+6),Continued to RIH w/ tubing on spear from 1978m to 2810m. Average running speed 832m/hour. Meanwhile carried out TBT for pressure testing rig up of pumping lines to X-mas tree -- trip for slop injection
5264,15_9_F_11,C:\Users\user\Downloads\eilink_ra_ds\eilink_ra_ds\data\raw_pdfs\15_9_F_11_B_2016_09_24.pdf,2016-09-24,23:00,2850.0,plug abandon,,ok,6,FISHING(+6),"M/U TDS and washed down with 550 l/min - 15bar from 2810m, tagged TOC at 2853.4m w/ 10t. Release spear from tubing by rotating 2x turns clockwise. Top of tubing left in the -- trip well at 909m. Meanwhile prepared to test chicksan lines to X-mas tree on F-4"
5266,15_9_F_11,C:\Users\user\Downloads\eilink_ra_ds\eilink_ra_ds\data\raw_pdfs\15_9_F_11_B_2016_09_25.pdf,2016-09-25,00:00,40.0,plug abandon,tr,ok,6,FISHING(+6),"Continued to POOH w/ spear BHA (run#11) on 5,5in DP from 436 m to 40 m . Avgerage tripping speed 800 m/hour ip"
5267,15_9_F_11,C:\Users\user\Downloads\eilink_ra_ds\eilink_ra_ds\data\raw_pdfs\15_9_F_11_B_2016_09_25.pdf,2016-09-25,00:30,0.0,plug abandon,o,ok,6,FISHING(+6),Pulled spear on surface. Inspected and R/B in derrick same ther
9754,15_9_F_14,C:\Users\user\Downloads\eilink_ra_ds\eilink_ra_ds\data\raw_pdfs\15_9_F_14_2016_08_06.pdf,2016-08-06,10:45,41.0,plug abandon,trip,ok,6,FISHING(+6),POOH w/ fish from 81m to 41 m. Meanwhile held TBT for rigging up casing tongs
9756,15_9_F_14,C:\Users\user\Downloads\eilink_ra_ds\eilink_ra_ds\data\raw_pdfs\15_9_F_14_2016_08_06.pdf,2016-08-06,12:00,0.0,plug abandon,oth,ok,6,FISHING(+6),Performed Pre-job Meeting to release spear from the fish er
1196,15_9_19,C:\Users\user\Downloads\eilink_ra_ds\eilink_ra_ds\data\raw_pdfs\15_9_19_BT2_1998_01_13.pdf,1998-01-13,00:00,210.0,interruption,maintain,fail,6,REPAIR(+1)|state:fail(+5),FINISHED REPAIRING TOP DRIVE.
971,15_9_19,C:\Users\user\Downloads\eilink_ra_ds\eilink_ra_ds\data\raw_pdfs\15_9_19_BT2_1997_12_16.pdf,1997-12-16,18:00,106.0,interruptio,,fail,6,REPAIR(+1)|state:fail(+5),CONTINUED TO REPAIR DOLLY-TRACK SYSTEM ON UPPER RACKING ARM - HAD STARTED REPAIR WORK WHILE SIMULTANEOUSLY TESTING THE BOPS. ALSO WORKED n -- mainta ON TOP DRIVE'S ELECTRICAL CONTROL SYSTEM WHEN WORK ON UPPER RACKING ARM ALLOWED SAFE ACCESS TO TOP DRIVE. in
972,15_9_19,C:\Users\user\Downloads\eilink_ra_ds\eilink_ra_ds\data\raw_pdfs\15_9_19_BT2_1997_12_17.pdf,1997-12-17,00:00,106.0,interruption,maint,fail,6,REPAIR(+1)|state:fail(+5),COMPLETED REPAIR TO UPPER RACKING ARM'S DOLLY-TRACK SYSTEM. ain
1003,15_9_19,C:\Users\user\Downloads\eilink_ra_ds\eilink_ra_ds\data\raw_pdfs\15_9_19_BT2_1997_12_20.pdf,1997-12-20,14:00,2900.0,interruption --,,fail,6,REPAIR(+1)|state:fail(+5),REPAIRED HOSE ON MUD BUCKET. maintain
5281,15_9_F_11,C:\Users\user\Downloads\eilink_ra_ds\eilink_ra_ds\data\raw_pdfs\15_9_F_11_B_2016_09_25.pdf,2016-09-25,07:30,0.0,plug abandon,o,ok,6,FISHING(+6),"P/U spear BHA (run#14), inspected same ther"
2621,15_9_19,C:\Users\user\Downloads\eilink_ra_ds\eilink_ra_ds\data\raw_pdfs\15_9_19_ST2_1993_04_14.pdf,1993-04-14,00:00,0.0,interruptio,,fail,6,REPAIR(+1)|state:fail(+5),"ATTEMPTED PULLING TEST TOOL TO INSPECT LAP, NEGATIVE. TOOL HANGING UP. DRAINED STACK. FOUND TEST TOOL HANGING UP IN RUBBER LIP FROM LAP ELEMEN n -- repair T. CUT LOOSE AND REMOVED RUBBER LIP."
2641,15_9_19,C:\Users\user\Downloads\eilink_ra_ds\eilink_ra_ds\data\raw_pdfs\15_9_19_ST2_1993_04_16.pdf,1993-04-16,02:30,397.0,interruption --,,fail,6,REPAIR(+1)|state:fail(+5),"L/D 2 EA TUBING JOINTS. ATTEMPTED PRESSURE TESTING DST-STRING, NEG. PULLED BACK 4 EA SLIP JOINTS. ATT. PRESSURE TESTING DST-STRING, NEG. L/D SLIP repair JOINTS. PULLED AND RACKED BACK 2 STANDS DRILL COLLARS. PRESSURE TESTED OK. RAN BACK IN WITH 1 STAND DRILL COLLAR, PRESSURE TESTED OK. RAN BACK IN WITH LAST STAND DRILL COLLAR, TESTED OK 345BAR"
2658,15_9_19,C:\Users\user\Downloads\eilink_ra_ds\eilink_ra_ds\data\raw_pdfs\15_9_19_ST2_1993_04_17.pdf,1993-04-17,16:00,0.0,interruption --,,fail,6,REPAIR(+1)|state:fail(+5),"CHANGED ALL 3 DISCHARGE VALVES ON 2 3/4"" CEMENT PUMP. FOUND 2 DAMAGED. repair"
2681,15_9_19,C:\Users\user\Downloads\eilink_ra_ds\eilink_ra_ds\data\raw_pdfs\15_9_19_ST2_1993_04_20.pdf,1993-04-20,14:00,0.0,workover,wire,ok,6,EQUIPMENT_FAILURE(+4)|text:swabbing(+2),"RIGGED DOWN BHS AND WIRELINE EQUIPMENT. TESTED SWAB VALVE AGAINST PROD.WING / LUBRICATOR VALVE TO 250 BAR. MADE SEVERAL ATTEMPTS TO line PRESSURE TEST LUBRICATOR VALVE FROM BELOW BY BLEEDING DOWN TO 35 BAR ABOVE, NEG. OBSERVED VALVE LEAKING. EQUALIZED ACROSS LUBRICATOR VALVE AND OPENED SAME."
2840,15_9_19,C:\Users\user\Downloads\eilink_ra_ds\eilink_ra_ds\data\raw_pdfs\15_9_19_ST2_1997_07_25.pdf,1997-07-25,08:00,2200.0,interruption --,,fail,6,REPAIR(+1)|state:fail(+5),RIH WITH BRIDGE-PLUG ON ATLAS E/LINE TO 2200 M. ELECTRICAL PROBLEM PREVENTED BAKER SETTING TOOL FROM SETTING BRIDGE-PLUG. POOH WITH BRID repair GE-PLUG; OUT OF HOLE AT 1140 HRS.
2841,15_9_19,C:\Users\user\Downloads\eilink_ra_ds\eilink_ra_ds\data\raw_pdfs\15_9_19_ST2_1997_07_25.pdf,1997-07-25,12:00,0.0,interruption --,,fail,6,REPAIR(+1)|state:fail(+5),"ATLAS WORKED ON TROUBLESHOOTING PROBLEM WITH SETTING TOOL.RETERMINATED CABLE HEAD. FLEW SETTING TOOL FIRING HEAD OUT TO RIG; REPLACE repair D SAME. ATLAS CHECKED TOOL & MU 9 5/8"" BRIDGE-PLUG."
1548,15_9_19,C:\Users\user\Downloads\eilink_ra_ds\eilink_ra_ds\data\raw_pdfs\15_9_19_S_1992_09_23.pdf,1992-09-23,22:00,545.0,drilling,trip,ok,6,TIGHT_HOLE(+3)|text:overpull(+3),"POOH TO 30"" CASING SHOE. MAX OVERPULL 20 TON AT 420 M. RIH TO 545 M. WORKED TIGHT SPOT AT 420 M,OK."
4790,15_9_F_11,C:\Users\user\Downloads\eilink_ra_ds\eilink_ra_ds\data\raw_pdfs\15_9_F_11_B_2013_07_18.pdf,2013-07-18,05:30,0.0,interruption,other,ok,6,EQUIPMENT_FAILURE(+4)|text:swabbing(+2),Closed and inflow tested Swab and Hydraulic master valves with 46 bar differential pressure. Broke out lubricator and L/O tools.
4809,15_9_F_11,C:\Users\user\Downloads\eilink_ra_ds\eilink_ra_ds\data\raw_pdfs\15_9_F_11_B_2013_07_19.pdf,2013-07-19,17:30,0.0,completion,perforate,ok,6,EQUIPMENT_FAILURE(+4)|text:swabbing(+2),Closed and inflow tested HMV/SWAB valve. Broke out lubricator and L/O perforation BHA # 5.
4867,15_9_F_11,C:\Users\user\Downloads\eilink_ra_ds\eilink_ra_ds\data\raw_pdfs\15_9_F_11_B_2015_10_27.pdf,2015-10-27,20:30,0.0,workover,wire line,ok,6,EQUIPMENT_FAILURE(+4)|text:swabbing(+2),Lined up via BOP for inflow test / Leak test of swab and kill wing manifold.
9844,15_9_F_14,C:\Users\user\Downloads\eilink_ra_ds\eilink_ra_ds\data\raw_pdfs\15_9_F_14_2016_08_09.pdf,2016-08-09,15:15,0.0,plug abandon -,,ok,6,FISHING(+6),P/U and M/U spear BHA - other
9845,15_9_F_14,C:\Users\user\Downloads\eilink_ra_ds\eilink_ra_ds\data\raw_pdfs\15_9_F_14_2016_08_09.pdf,2016-08-09,15:30,0.0,plug abandon -,,ok,6,FISHING(+6),RIH w/ spear to 34m. Took up/down weights 72t/68t - trip
9846,15_9_F_14,C:\Users\user\Downloads\eilink_ra_ds\eilink_ra_ds\data\raw_pdfs\15_9_F_14_2016_08_09.pdf,2016-08-09,16:00,0.0,plug abandon -,,ok,6,FISHING(+6),"Engaged fish w/ 1 turn left, pulled up to 82 ton on hook load - other"
7039,15_9_F_12,C:\Users\user\Downloads\eilink_ra_ds\eilink_ra_ds\data\raw_pdfs\15_9_F_12_2008_01_02.pdf,2008-01-02,07:00,0.0,drilling,casin,ok,6,FISHING(+6),Held tool box talk prior to make up Spear assy. Made up Spear assy and racked back in derrick. g
7046,15_9_F_12,C:\Users\user\Downloads\eilink_ra_ds\eilink_ra_ds\data\raw_pdfs\15_9_F_12_2008_01_02.pdf,2008-01-02,16:15,108.0,drilling,casin,ok,6,FISHING(+6),Picked/made up spear assy and connected same up to top drive. Drained the riser. String weight 12 MT. g
7777,15_9_F_12,C:\Users\user\Downloads\eilink_ra_ds\eilink_ra_ds\data\raw_pdfs\15_9_F_12_2016_08_21.pdf,2016-08-21,01:30,0.0,plug abandon,,ok,6,FISHING(+6),"Dropped drift and POOH w/ spear on 5,5in DP from 899 m to surface. Avg. tripping speed 730 m/hr -- trip Retrieved drift"
7778,15_9_F_12,C:\Users\user\Downloads\eilink_ra_ds\eilink_ra_ds\data\raw_pdfs\15_9_F_12_2016_08_21.pdf,2016-08-21,03:15,0.0,plug abandon,,ok,6,FISHING(+6),"Pulled spear on surface. Inspected same, ok -- other"
7801,15_9_F_12,C:\Users\user\Downloads\eilink_ra_ds\eilink_ra_ds\data\raw_pdfs\15_9_F_12_2016_08_21.pdf,2016-08-21,14:30,0.0,plug abandon,,ok,6,FISHING(+6),Performed Pre-job Meeting to P/U spear assembly (run#15) -- other
7802,15_9_F_12,C:\Users\user\Downloads\eilink_ra_ds\eilink_ra_ds\data\raw_pdfs\15_9_F_12_2016_08_21.pdf,2016-08-21,14:45,0.0,plug abandon,,ok,6,FISHING(+6),"P/U spear assembly (run#15) from derrick, checked and serviced same -- other"
748,15_9_19,C:\Users\user\Downloads\eilink_ra_ds\eilink_ra_ds\data\raw_pdfs\15_9_19_B_1997_11_19.pdf,1997-11-19,15:00,2010.0,interruption --,,fail,6,WAIT(+1)|state:fail(+5),"WAITED ON WEATHER DUE TO HIGH WIND, 26-30 M/S AND RIG HEAVE 2 M. WIND SPEED PREDICTIONS INDICATED MORE HEAVE THAN OPERATIONAL LIMITS. waiting on weathe r"
7890,15_9_F_12,C:\Users\user\Downloads\eilink_ra_ds\eilink_ra_ds\data\raw_pdfs\15_9_F_12_2016_08_24.pdf,2016-08-24,07:15,0.0,plug aband,,ok,6,FISHING(+6),"POOH with spear BHA on 5,5in DP f/ 129m to 27m on -- trip"
7891,15_9_F_12,C:\Users\user\Downloads\eilink_ra_ds\eilink_ra_ds\data\raw_pdfs\15_9_F_12_2016_08_24.pdf,2016-08-24,07:30,0.0,plug aband,,ok,6,FISHING(+6),R/B spear BHA (run#21) on -- other
7897,15_9_F_12,C:\Users\user\Downloads\eilink_ra_ds\eilink_ra_ds\data\raw_pdfs\15_9_F_12_2016_08_24.pdf,2016-08-24,13:00,0.0,plug aband,,ok,6,FISHING(+6),"Positioned knives at 139.7m. Increased flow rate to 500 l/min - 82 bar, started rotating w/ 100rpm, started cutting tieback adapter w/ 1-9kNm - 60 bar, increased to 140rpm - 1-7kNm, 49 on -- cut 5 l/min - 27bar, then 600l/min - 17bar. Good indication of cut, lifted fish on knives, then pumps off"
7900,15_9_F_12,C:\Users\user\Downloads\eilink_ra_ds\eilink_ra_ds\data\raw_pdfs\15_9_F_12_2016_08_24.pdf,2016-08-24,15:15,0.0,plug aband,,ok,6,FISHING(+6),"P/U Spear BHA (run#23), set spear in catch position. RIH to 26m on -- other"
764,15_9_19,C:\Users\user\Downloads\eilink_ra_ds\eilink_ra_ds\data\raw_pdfs\15_9_19_B_1997_11_24.pdf,1997-11-24,13:00,2131.0,interruption -,,fail,6,WAIT(+1)|state:fail(+5),FLOWCHECKED WELL ON CHOKE LINE. OPENED LAP AND FLOWCHECKED WELL ON RISER. - waiting on weather
7773,15_9_F_12,C:\Users\user\Downloads\eilink_ra_ds\eilink_ra_ds\data\raw_pdfs\15_9_F_12_2016_08_20.pdf,2016-08-20,21:15,2356.0,interruption --,,ok,6,FISHING(+6),"Observed loose stand in derrick. Held TBT, recovered stand using forward PRS and returned to TDS. Held stand w/ aft PRS to lower down TDS to be able to inspect elevators. Elevat fish ors found to be damaged. Changed out elevators to spare set. Performed drops check of aft PRS before continuing with operation."
7776,15_9_F_12,C:\Users\user\Downloads\eilink_ra_ds\eilink_ra_ds\data\raw_pdfs\15_9_F_12_2016_08_21.pdf,2016-08-21,01:00,899.0,plug abandon,,ok,6,FISHING(+6),"Tagged cement at 2768m w/ 10t, released spear by rotating 2x turns clockwise and observed torque dropped to 6kNm then increased to 9kNm. -- trip Observed hook load dropped to 90t. RIH slowly and located top of 7in tubing 7m lower or at 2775m. Set down 10t to repeat tagging of the cement"
8219,15_9_F_14,C:\Users\user\Downloads\eilink_ra_ds\eilink_ra_ds\data\raw_pdfs\15_9_F_14_2007_12_09.pdf,2007-12-09,11:00,193.0,drilling,dri,ok,6,TIGHT_HOLE(+3)|text:overpull(+3),"POOH with 26"" drilling BHA from 717 m MD to 193 m MD. Tight spots when POOH: ll 627-620 m: 2-10 MT overpull 615-612 m: 5-15 MT overpull 598-596 m: 11-20 MT overpull 595-590 m: 10-30 MT overpull 585-580 m: 15-30 MT overpull 578-575 m: 5-15 MT overpull"
9737,15_9_F_14,C:\Users\user\Downloads\eilink_ra_ds\eilink_ra_ds\data\raw_pdfs\15_9_F_14_2016_08_05.pdf,2016-08-05,20:45,511.0,plug abandon,other,ok,6,FISHING(+6),M/U TDS and took up/down weights 82/74 ton. Engaged fish. Worked string up/down several times with max 22 ton OP/WOB. Pulled FLX free with 23 ton OP. Pulled up 3 m and waited 30 min for elements to retract.
9738,15_9_F_14,C:\Users\user\Downloads\eilink_ra_ds\eilink_ra_ds\data\raw_pdfs\15_9_F_14_2016_08_05.pdf,2016-08-05,22:00,58.0,plug abandon,trip,ok,6,FISHING(+6),"POOH w/ spear BHA and FLX/tubing on 5 1/2"" DP from 508 m to 58 m . Avg. tripping speed 360 m/hr."
9741,15_9_F_14,C:\Users\user\Downloads\eilink_ra_ds\eilink_ra_ds\data\raw_pdfs\15_9_F_14_2016_08_06.pdf,2016-08-06,00:00,0.0,plug abandon,oth,ok,6,FISHING(+6),Inspected and greased grapple. er R/B spear BHA.
9747,15_9_F_14,C:\Users\user\Downloads\eilink_ra_ds\eilink_ra_ds\data\raw_pdfs\15_9_F_14_2016_08_06.pdf,2016-08-06,06:00,41.0,plug abandon,oth,ok,6,FISHING(+6),"P/U and M/U spear BHA (run#13), RIH to 41m er"
9748,15_9_F_14,C:\Users\user\Downloads\eilink_ra_ds\eilink_ra_ds\data\raw_pdfs\15_9_F_14_2016_08_06.pdf,2016-08-06,06:15,754.0,plug abandon,trip,ok,6,FISHING(+6),"RIH w/ spear BHA (run#13) on 5,5in DP from 41 m to 754m. RIH speed 475m/h"
9750,15_9_F_14,C:\Users\user\Downloads\eilink_ra_ds\eilink_ra_ds\data\raw_pdfs\15_9_F_14_2016_08_06.pdf,2016-08-06,08:00,754.0,plug abandon,oth,ok,6,FISHING(+6),"Engaged spear, pulled tubing free at 168t hook weight. No indication of pins shearing noticed when tubing went free er"
938,15_9_19,C:\Users\user\Downloads\eilink_ra_ds\eilink_ra_ds\data\raw_pdfs\15_9_19_BT2_1997_12_13.pdf,1997-12-13,16:00,2100.0,interruption --,,fail,6,REPAIR(+1)|state:fail(+5),REPAIRED BOLTS ON TOP DRIVE. maintain
3967,15_9_F_11,C:\Users\user\Downloads\eilink_ra_ds\eilink_ra_ds\data\raw_pdfs\15_9_F_11_2013_03_13.pdf,2013-03-13,00:00,130.0,interrupti,,ok,6,FISHING(+6),ROV performed site survey and confirmed fish location. Fish location 11 m from template heading 300 degrees orientated forward - aft under rig.. on -- fish
3968,15_9_F_11,C:\Users\user\Downloads\eilink_ra_ds\eilink_ra_ds\data\raw_pdfs\15_9_F_11_2013_03_13.pdf,2013-03-13,00:30,0.0,interrupti,,ok,6,FISHING(+6),"POOH from 130 m to surface. B/O and L/O 2 1/2"" - 3 5/8"" Taper Tap assembly. on -- fish"
3969,15_9_F_11,C:\Users\user\Downloads\eilink_ra_ds\eilink_ra_ds\data\raw_pdfs\15_9_F_11_2013_03_13.pdf,2013-03-13,02:00,0.0,interrupti,,ok,6,FISHING(+6),"Cleaned and Cleared rig floor. on -- fish Meanwhile: Removed moonpool spilt hatches and mobilized 36"" BHA handling equipment to the rig floor for wiper trip."
9902,15_9_F_14,C:\Users\user\Downloads\eilink_ra_ds\eilink_ra_ds\data\raw_pdfs\15_9_F_14_2016_08_11.pdf,2016-08-11,21:30,0.0,interruption,repai,ok,6,FISHING(+6),Performed Pre-job Meeting to pull out fish on spear to surface r
9905,15_9_F_14,C:\Users\user\Downloads\eilink_ra_ds\eilink_ra_ds\data\raw_pdfs\15_9_F_14_2016_08_12.pdf,2016-08-12,00:00,0.0,interruption,repair,ok,6,FISHING(+6),"Installed lifting sub, P/U string and set slips on casing. Released spear from fish. Inspected spear grapple. No signs of impact on grapple observed. Grapple in good condition"
9908,15_9_F_14,C:\Users\user\Downloads\eilink_ra_ds\eilink_ra_ds\data\raw_pdfs\15_9_F_14_2016_08_12.pdf,2016-08-12,01:45,0.0,interruption,repair,ok,6,FISHING(+6),Rearanged spear BHA in foxhole to include 1x string stab (12in OD) above the spear grapple
9757,15_9_F_14,C:\Users\user\Downloads\eilink_ra_ds\eilink_ra_ds\data\raw_pdfs\15_9_F_14_2016_08_06.pdf,2016-08-06,12:15,0.0,plug abandon,oth,ok,6,FISHING(+6),Released spear and inspected grapple. Grapple in good condition. R/B spear BHA (run#13) in derrick er
9782,15_9_F_14,C:\Users\user\Downloads\eilink_ra_ds\eilink_ra_ds\data\raw_pdfs\15_9_F_14_2016_08_07.pdf,2016-08-07,13:45,1366.0,plug abandon --,,ok,6,FISHING(+6),Performed Pre-job Meeting for engaging spear and R/D casing pulling equipment. Observed fluid spraying out of control line other
9784,15_9_F_14,C:\Users\user\Downloads\eilink_ra_ds\eilink_ra_ds\data\raw_pdfs\15_9_F_14_2016_08_07.pdf,2016-08-07,14:30,1366.0,plug abandon --,,ok,6,FISHING(+6),P/U spear and engaged in 7in tubing. RIH w/ spear below rotary to change slips other
9788,15_9_F_14,C:\Users\user\Downloads\eilink_ra_ds\eilink_ra_ds\data\raw_pdfs\15_9_F_14_2016_08_07.pdf,2016-08-07,17:30,2278.0,plug abandon,t,ok,6,FISHING(+6),RIH w/ tubing on spear to 2278m. Avg. tripping speed 680 m/hr. rip
9795,15_9_F_14,C:\Users\user\Downloads\eilink_ra_ds\eilink_ra_ds\data\raw_pdfs\15_9_F_14_2016_08_08.pdf,2016-08-08,02:30,1096.5,plug abandon,trip,ok,6,FISHING(+6),"Released spear from tubing: set down 30ton, 2x turns right, pull up 200m to confirm free. Top of tubing in the well at 1096,5m"
9796,15_9_F_14,C:\Users\user\Downloads\eilink_ra_ds\eilink_ra_ds\data\raw_pdfs\15_9_F_14_2016_08_08.pdf,2016-08-08,02:45,0.0,plug abandon,trip,ok,6,FISHING(+6),"POOH w/ spear BHA (run#16) on 5,5in DP to surface. Average pulling speed 703m/hour"
9797,15_9_F_14,C:\Users\user\Downloads\eilink_ra_ds\eilink_ra_ds\data\raw_pdfs\15_9_F_14_2016_08_08.pdf,2016-08-08,04:15,0.0,plug abandon,othe,ok,6,FISHING(+6),"POOH w/ spear BHA (run#16), inspected and R/B same r"
9824,15_9_F_14,C:\Users\user\Downloads\eilink_ra_ds\eilink_ra_ds\data\raw_pdfs\15_9_F_14_2016_08_08.pdf,2016-08-08,22:30,0.0,plug abandon,othe,ok,6,FISHING(+6),"P/U and M/U w/ ITCO spear (BHA#19). RIH, took up/down weights: 70t up/67t down. Engaged fish r"
2817,15_9_19,C:\Users\user\Downloads\eilink_ra_ds\eilink_ra_ds\data\raw_pdfs\15_9_19_ST2_1997_07_23.pdf,1997-07-23,20:30,0.0,interruption,maintain,fail,6,REPAIR(+1)|state:fail(+5),REPAIRED ON DP ELEVATOR.
2837,15_9_19,C:\Users\user\Downloads\eilink_ra_ds\eilink_ra_ds\data\raw_pdfs\15_9_19_ST2_1997_07_25.pdf,1997-07-25,03:00,0.0,interruption --,,fail,6,REPAIR(+1)|state:fail(+5),"RIH W/ 9-5/8"" BRIDGE-PLUG ON ATLAS WIRELINE. CCL QUIT WORKING. POOH. CHANGED OUT CCL. repair"
3962,15_9_F_11,C:\Users\user\Downloads\eilink_ra_ds\eilink_ra_ds\data\raw_pdfs\15_9_F_11_2013_03_12.pdf,2013-03-12,21:00,0.0,interruption -,,ok,6,FISHING(+6),"POOH from 139 m to surface. L/O 2 13/16"" ITCO Spear and M/U 2 1/2"" - 3 5/8"" Taper Tap. - fish"
3963,15_9_F_11,C:\Users\user\Downloads\eilink_ra_ds\eilink_ra_ds\data\raw_pdfs\15_9_F_11_2013_03_12.pdf,2013-03-12,21:30,0.0,interruption -,,ok,6,FISHING(+6),Evaluated situation and prepared detailed operations procedure. - fish
3965,15_9_F_11,C:\Users\user\Downloads\eilink_ra_ds\eilink_ra_ds\data\raw_pdfs\15_9_F_11_2013_03_12.pdf,2013-03-12,23:00,143.0,interruption -,,ok,6,FISHING(+6),"RIH taper tap assembly and entered TOF at 143 m. Engaged fish with 2 1/2"" - 3 5/8"" Taper Tap assembly with 5 rpm, 3 KNm in 2"" increments into fish. - fish"
3966,15_9_F_11,C:\Users\user\Downloads\eilink_ra_ds\eilink_ra_ds\data\raw_pdfs\15_9_F_11_2013_03_12.pdf,2013-03-12,23:30,130.0,interruption -,,ok,6,FISHING(+6),"Picked up 8 MT and confirmed 2 1/2"" - 3 5/8"" Taper Tap assembly engaged in TOF. Pulled out with fish to above guide funnel. ROV engaged pre-made sling and pulled fish clear of te - fish mplate. Lowered fish and set down same on seabed. 2 1/2"" - 3 5/8"" Taper Tap assembly disengaged and fish layed down on seabed. - Fish located 11 m clear of template, fish heading 300 degrees orientated forward - aft under rig."
9925,15_9_F_14,C:\Users\user\Downloads\eilink_ra_ds\eilink_ra_ds\data\raw_pdfs\15_9_F_14_2016_08_12.pdf,2016-08-12,17:15,771.0,plug abandon,trip,ok,6,FISHING(+6),POOH w/ 10 3/4in csg fish on spear until spear on surface
9926,15_9_F_14,C:\Users\user\Downloads\eilink_ra_ds\eilink_ra_ds\data\raw_pdfs\15_9_F_14_2016_08_12.pdf,2016-08-12,17:45,771.0,plug abandon,trip,ok,6,FISHING(+6),Pulled spear assy and set casing fish in slips
9927,15_9_F_14,C:\Users\user\Downloads\eilink_ra_ds\eilink_ra_ds\data\raw_pdfs\15_9_F_14_2016_08_12.pdf,2016-08-12,18:00,771.0,plug abandon,other,ok,6,FISHING(+6),"Released spear, inspected and R/B"
932,15_9_19,C:\Users\user\Downloads\eilink_ra_ds\eilink_ra_ds\data\raw_pdfs\15_9_19_BT2_1997_12_13.pdf,1997-12-13,02:00,120.0,drilling,casi,fail,6,REPAIR(+1)|state:fail(+5),"FLOWCHECKED & PUMPED SLUG - BIT INSIDE OF 9 5/8"" CSG. POOH FROM 2162M TO SURFACE TO CHANGE BIT & BHA. ng"
9847,15_9_F_14,C:\Users\user\Downloads\eilink_ra_ds\eilink_ra_ds\data\raw_pdfs\15_9_F_14_2016_08_09.pdf,2016-08-09,16:15,0.0,plug abandon -,,ok,6,FISHING(+6),POOH with fish from 34m. Released spear. Closed annular with 270psi and pulled slowly out of fish. R/B spear. Meanwhile performed TBT for R/U casing equipment - other
9859,15_9_F_14,C:\Users\user\Downloads\eilink_ra_ds\eilink_ra_ds\data\raw_pdfs\15_9_F_14_2016_08_10.pdf,2016-08-10,02:45,0.0,plug abandon,,ok,6,FISHING(+6),"P/U ITCO spear (BHA#24). RIH same on 5,5 DP to top of the fish at 136m. Engaged spear to fish. -- other"
9860,15_9_F_14,C:\Users\user\Downloads\eilink_ra_ds\eilink_ra_ds\data\raw_pdfs\15_9_F_14_2016_08_10.pdf,2016-08-10,03:45,0.0,plug abandon,,ok,6,FISHING(+6),POOH w/ fish from 136m to surface -- trip
9861,15_9_F_14,C:\Users\user\Downloads\eilink_ra_ds\eilink_ra_ds\data\raw_pdfs\15_9_F_14_2016_08_10.pdf,2016-08-10,04:30,0.0,plug abandon,,ok,6,FISHING(+6),Set slips on 10 3/4in tieback casing stump. Released spear and R/B same. L/D tieback adapter fish -- other
9896,15_9_F_14,C:\Users\user\Downloads\eilink_ra_ds\eilink_ra_ds\data\raw_pdfs\15_9_F_14_2016_08_11.pdf,2016-08-11,10:30,0.0,plug abandon,cu,ok,6,FISHING(+6),"LD 1x DP single. M/U spear assy. Removed PS21, installed master bushing. t Inspected and greased up spear. RIH 1x stand of DC"
9899,15_9_F_14,C:\Users\user\Downloads\eilink_ra_ds\eilink_ra_ds\data\raw_pdfs\15_9_F_14_2016_08_11.pdf,2016-08-11,14:30,0.0,plug abandon,cu,ok,6,FISHING(+6),"Pulled up through 10 3/4 hanger with 10 3/4in casing, ok to pass. t RIH back, released spear from 10 3/4in casing fish"
9901,15_9_F_14,C:\Users\user\Downloads\eilink_ra_ds\eilink_ra_ds\data\raw_pdfs\15_9_F_14_2016_08_11.pdf,2016-08-11,18:00,0.0,interruption,repai,ok,6,FISHING(+6),"Evaluated situation. Discussed w/ onshore organisation. Meanwhile manufacturing c-plate to be able to hang off weight of the inner string r Decided way forward: - pull csg fish on spear - release spear from fish - instal string stab above spear - engage spear on surface, RIH fish on spear - release spear, POOH"
1612,15_9_19,C:\Users\user\Downloads\eilink_ra_ds\eilink_ra_ds\data\raw_pdfs\15_9_19_S_1992_11_23.pdf,1992-11-23,15:00,0.0,interruption,maintain,fail,6,REPAIR(+1)|state:fail(+5),REPAIRED UPPER RACKING ARM: WELDED ON ANTI-TURN PADS FOR SWING MOTOR.
1694,15_9_19,C:\Users\user\Downloads\eilink_ra_ds\eilink_ra_ds\data\raw_pdfs\15_9_19_S_1992_12_03.pdf,1992-12-03,22:30,2465.0,interruption,maintain,fail,6,REPAIR(+1)|state:fail(+5),REPAIRED TOP DRIVE DUE TO OVERLOAD ON ELECTRO MOTOR.
1699,15_9_19,C:\Users\user\Downloads\eilink_ra_ds\eilink_ra_ds\data\raw_pdfs\15_9_19_S_1992_12_04.pdf,1992-12-04,13:00,1483.0,interruption,m,fail,6,REPAIR(+1)|state:fail(+5),"REPLACED OIL PUMP ON TOP DRIVE, DUE TO STUCK UPPER BEARING. CIRCULATED/ROTATED PIPE WHILE REPAIRED TOP DRIVE. PUMPED TWO 10 M3 HI-V aintain IS PILLS GIVING LARGE AMOUNTS OF CUTTINGS IN RETURNS."
10368,15_9_F_15,C:\Users\user\Downloads\eilink_ra_ds\eilink_ra_ds\data\raw_pdfs\15_9_F_15_2008_09_10.pdf,2008-09-10,22:45,0.0,drilling,bop/wellhead,ok,6,FISHING(+6),Removed Diverter RT. Connected overshot packer hose. Took BOP weight with upper tension cylinders. Rigged down slings from bails. equipment
9909,15_9_F_14,C:\Users\user\Downloads\eilink_ra_ds\eilink_ra_ds\data\raw_pdfs\15_9_F_14_2016_08_12.pdf,2016-08-12,03:30,0.0,interruption,repair,ok,6,FISHING(+6),P/U spear assembly and M/U to DP in well center Engaged spear to 10 3/4in csg fish
9910,15_9_F_14,C:\Users\user\Downloads\eilink_ra_ds\eilink_ra_ds\data\raw_pdfs\15_9_F_14_2016_08_12.pdf,2016-08-12,04:00,0.0,interruption,repair,ok,6,FISHING(+6),RIH w/ 10 3/4in csg fish on spear. Released spear from the fish
9912,15_9_F_14,C:\Users\user\Downloads\eilink_ra_ds\eilink_ra_ds\data\raw_pdfs\15_9_F_14_2016_08_12.pdf,2016-08-12,06:30,0.0,interruption,repair,ok,6,FISHING(+6),"Engaged fish on spear. Evaluated situation. Discussed way forward. Reviewed BHA/well schematic and concluded that it was not grapple that hung of f, but taper mill hung off. Meanwhile cleared rig floor, serviced drilling equipment, removed scaffold from forward RPS"
9916,15_9_F_14,C:\Users\user\Downloads\eilink_ra_ds\eilink_ra_ds\data\raw_pdfs\15_9_F_14_2016_08_12.pdf,2016-08-12,13:00,774.0,plug abandon,cut,ok,6,FISHING(+6),"R/B spear assy, L/D pup joints, P/U single"
9922,15_9_F_14,C:\Users\user\Downloads\eilink_ra_ds\eilink_ra_ds\data\raw_pdfs\15_9_F_14_2016_08_12.pdf,2016-08-12,16:30,27.0,plug abandon,other,ok,6,FISHING(+6),P/U and M/U spear BHA (run#28). Inspected and serviced grapple
9923,15_9_F_14,C:\Users\user\Downloads\eilink_ra_ds\eilink_ra_ds\data\raw_pdfs\15_9_F_14_2016_08_12.pdf,2016-08-12,16:45,108.0,plug abandon,trip,ok,6,FISHING(+6),RIH w/ spear assy from 27m to 108m
10421,15_9_F_15,C:\Users\user\Downloads\eilink_ra_ds\eilink_ra_ds\data\raw_pdfs\15_9_F_15_2008_09_21.pdf,2008-09-21,06:45,0.0,interruptio,,ok,6,FISHING(+6),Held pre-job meeting for attempting to screw into drillpipe. n -- fish
10422,15_9_F_15,C:\Users\user\Downloads\eilink_ra_ds\eilink_ra_ds\data\raw_pdfs\15_9_F_15_2008_09_21.pdf,2008-09-21,07:00,42.0,interruptio,,ok,6,FISHING(+6),"1RIH with 5 1/2"" DP. Tagged fish at 41,6 m MD indicating that drillstring had fallen to the bottom of the well. n -- fish"
650,15_9_19,C:\Users\user\Downloads\eilink_ra_ds\eilink_ra_ds\data\raw_pdfs\15_9_19_A_1997_11_08.pdf,1997-11-08,06:30,2169.0,plug,,ok,6,FISHING(+6),"POOH WITH 7"" CSG. RELEASED CSG SPEAR AND RACKED BACK IN DERRICK. abandon -- cut"
11015,15_9_F_15,C:\Users\user\Downloads\eilink_ra_ds\eilink_ra_ds\data\raw_pdfs\15_9_F_15_2008_12_08.pdf,2008-12-08,14:30,1277.0,plug aba,,ok,6,FISHING(+6),"Disengaged spear, removed and suspended in PRS. Rigged up Odfjell casing tong. Prepared PS-30 slips. ndon -- c ut"
10,15_9_19,C:\Users\user\Downloads\eilink_ra_ds\eilink_ra_ds\data\raw_pdfs\15_9_19_A_1997_07_27.pdf,1997-07-27,03:00,1110.0,interruption,,fail,6,REPAIR(+1)|state:fail(+5),BURST HYDRAULIC HOSE ON UPPER RACKING ARM - REPAIRED SAME. -- maintain
7049,15_9_F_12,C:\Users\user\Downloads\eilink_ra_ds\eilink_ra_ds\data\raw_pdfs\15_9_F_12_2008_01_02.pdf,2008-01-02,19:15,0.0,drilling,casin,ok,6,FISHING(+6),POOH with the Spear assy. Racked back same in derrick. g
7068,15_9_F_12,C:\Users\user\Downloads\eilink_ra_ds\eilink_ra_ds\data\raw_pdfs\15_9_F_12_2008_01_03.pdf,2008-01-03,20:15,0.0,drilling,c,ok,6,FISHING(+6),Held tool box prior to lay out Red Baron Spear assy. Performed same. asing
7117,15_9_F_12,C:\Users\user\Downloads\eilink_ra_ds\eilink_ra_ds\data\raw_pdfs\15_9_F_12_2008_01_07.pdf,2008-01-07,23:30,2335.0,interruption,other,ok,6,EQUIPMENT_FAILURE(+4)|REPAIR(+1)|WAIT(+1),Held toolbox talk. Rigged down security net due to wrong allignment/position of PRS relative to scaffolding platform. Equipment Failure Information Start Depth Sub Equip -- Syst Class Operation Downtime Equipment Remark time mMD mTVD ((min)) Repaired 00:00 0 miscellaneous equ syst -- wellhead subsea run 0 00:00 Attempted to split and repair MS-seal setting tool - nogo. Waiting for new tool from test town.
6556,15_9_F_12,C:\Users\user\Downloads\eilink_ra_ds\eilink_ra_ds\data\raw_pdfs\15_9_F_12_2007_08_06.pdf,2007-08-06,09:30,0.0,drilling,casin,ok,6,FISHING(+6),POOH and LO PADPRT. Measured lead impression block. Cleared and cleaned rig floor. g
6565,15_9_F_12,C:\Users\user\Downloads\eilink_ra_ds\eilink_ra_ds\data\raw_pdfs\15_9_F_12_2007_08_07.pdf,2007-08-07,19:00,0.0,drilling,bop ac,ok,6,FISHING(+6),"Filled hole with 1.35 sg WBM and tested overshot seals. Closed shear ram and tested 14"" csg and shear ram 30/345 bar 5/15 min with cement unit. Pumped and bled back tivities 3 m3. Meanwhile RD diverter handling equipment and RU 5 1/2"" DP handling equipment."
6931,15_9_F_12,C:\Users\user\Downloads\eilink_ra_ds\eilink_ra_ds\data\raw_pdfs\15_9_F_12_2007_09_10.pdf,2007-09-10,12:00,0.0,drilling,bop/wellh,ok,6,FISHING(+6),Held toolbox meeting prior to nippling BOP overshot. Meanwhile worked on FWD PRS. ead equipment
6932,15_9_F_12,C:\Users\user\Downloads\eilink_ra_ds\eilink_ra_ds\data\raw_pdfs\15_9_F_12_2007_09_10.pdf,2007-09-10,12:15,0.0,drilling,bop/wellh,ok,6,FISHING(+6),"Attempted to release lock ring on overshot. Used, C-spanner, chain hoists slings ead equipment"
760,15_9_19,C:\Users\user\Downloads\eilink_ra_ds\eilink_ra_ds\data\raw_pdfs\15_9_19_B_1997_11_24.pdf,1997-11-24,00:00,2131.0,interruption -,,fail,6,WAIT(+1)|state:fail(+5),"CONTINUED W.O.W. WIND PERSISTED AT 16 M/S. SEAS DECAYED TO 4M, HEAVE TO 1.5M WITH OCCASIONAL PEAKS OF 1.8M. MADE UP DIVERTER HANDLING TOOL AND P - waiting on REPARED TO RECONNECT LMRP. weather"
762,15_9_19,C:\Users\user\Downloads\eilink_ra_ds\eilink_ra_ds\data\raw_pdfs\15_9_19_B_1997_11_24.pdf,1997-11-24,09:00,2131.0,interruption -,,fail,6,WAIT(+1)|state:fail(+5),RIH W/ DP RETRIEVAL STRING. DISPLACED RISER TO 1.53 SG MUD AND FLUSHED BOP BETWEEN SHEAR RAMS AMD LOWER PIPE RAMS. OPENED SR AND MADE UP RET - waiting on RIEVING STRING INTO EDPHOT. weather
763,15_9_19,C:\Users\user\Downloads\eilink_ra_ds\eilink_ra_ds\data\raw_pdfs\15_9_19_B_1997_11_24.pdf,1997-11-24,10:00,2131.0,interruption -,,fail,6,WAIT(+1)|state:fail(+5),CLOSED LOWER ANNULAR PREVENTER AND TESTED EX GASKET IN LMRP CONNECTOR TO 30 BAR. OPENED LPR AND CHECKED PRESSURE - 12 BAR. FLUSHED STACK - waiting on DOWN KILL LINE AND UP UPPER CHOKE THROUGH POOR BOY DEGASSER - MAX GAS 5.8% STABILIZED AT 4-5%. weather
6934,15_9_F_12,C:\Users\user\Downloads\eilink_ra_ds\eilink_ra_ds\data\raw_pdfs\15_9_F_12_2007_09_10.pdf,2007-09-10,18:00,0.0,interruption,other,ok,6,FISHING(+6),"Worked to release overshot lock ring. Used C-spanner, chain hoists and slings. Meanwhile worked on FWD PRS."
6935,15_9_F_12,C:\Users\user\Downloads\eilink_ra_ds\eilink_ra_ds\data\raw_pdfs\15_9_F_12_2007_09_11.pdf,2007-09-11,00:00,0.0,interruption,other,ok,6,FISHING(+6),"Worked to release overshot lock ring. Used C-spanner, chain hoist. Rigged up eagle clamp and sheave. Pulled on lock ring C-spanner with tugger. Lock ring came free an d was unscrewed by hand. Total thight turns approx 2,5. Meanwhile worked on FWD PRS."
6936,15_9_F_12,C:\Users\user\Downloads\eilink_ra_ds\eilink_ra_ds\data\raw_pdfs\15_9_F_12_2007_09_11.pdf,2007-09-11,03:30,0.0,drilling,bop/wellhea,ok,6,FISHING(+6),"Removed tools and slings from BOP. Attached sling to overshot and lifted same to drillfloor with tugger. Installed masterbushing, bushings and hole cover. d equipment"
654,15_9_19,C:\Users\user\Downloads\eilink_ra_ds\eilink_ra_ds\data\raw_pdfs\15_9_19_A_1997_11_08.pdf,1997-11-08,21:30,0.0,plug,,ok,6,FISHING(+6),LAID DOWN CSG SPEAR ASSY. abandon -- cut
10266,15_9_F_15,C:\Users\user\Downloads\eilink_ra_ds\eilink_ra_ds\data\raw_pdfs\15_9_F_15_2007_12_28.pdf,2007-12-28,14:30,238.0,drilling,trip,ok,6,TIGHT_HOLE(+3)|text:overpull(+3),"POOH with 26"" drilling BHA from 798 m to 238 m. Worked through tight spot at 548 m. Overpull 15 - 20 tonnes."
499,15_9_19,C:\Users\user\Downloads\eilink_ra_ds\eilink_ra_ds\data\raw_pdfs\15_9_19_A_1997_10_17.pdf,1997-10-17,06:30,3604.0,interruption,other,fail,6,REPAIR(+1)|state:fail(+5),CHAMBER VALVE ON MDT NOT OPERATING. ATTEMPTED TO TROUBLESHOOT AND REPAIR WITHOUT SUCCESS.
3952,15_9_F_11,C:\Users\user\Downloads\eilink_ra_ds\eilink_ra_ds\data\raw_pdfs\15_9_F_11_2013_03_11.pdf,2013-03-11,00:00,0.0,interruption -,,ok,6,FISHING(+6),"Evaluated situation and investigated further to determine details of fish in hole and laying on sea bed. Using a serial no. observed on top of fish at template funnel identified that the up - fish per most part of the fish was a 9 11/16"" OD wear sleeve which forms the upper part of 11 3/4"" stabilizer on the OnTrack tool. Length of fish in hole re-calculated to be 11,90 m, approximately 4-5 ton (in air). Length of BHA on seabed estimated to be 46.62 m. approximately 7 ton (in air)."
3821,15_9_F_10,C:\Users\user\Downloads\eilink_ra_ds\eilink_ra_ds\data\raw_pdfs\15_9_F_10_2009_06_11.pdf,2009-06-11,14:30,1440.0,plug abandon,other,ok,6,FISHING(+6),Set hanger in slips. Released spear as per Smiths instruction.
3948,15_9_F_11,C:\Users\user\Downloads\eilink_ra_ds\eilink_ra_ds\data\raw_pdfs\15_9_F_11_2013_03_10.pdf,2013-03-10,04:00,198.5,interruption,fi,ok,6,FISHING(+6),"Started POOH 36"" BHA from TD at 208 m. ROV moved towards F-11 well centre to observe POOH and observe 36"" hole opener assy had detached from string. ROV checked templ sh ate and observed 36"" hole opener fish sticking up out of F-11 well slot with top of fish approximately flush with top of F-11 guide funnel (Top of Fish (TOF) at ca. 140,20 mRKB)."
2866,15_9_F_10,C:\Users\user\Downloads\eilink_ra_ds\eilink_ra_ds\data\raw_pdfs\15_9_F_10_2009_04_09.pdf,2009-04-09,09:00,45.0,interruption,wai,ok,6,EQUIPMENT_FAILURE(+4)|REPAIR(+1)|WAIT(+1),Waiting on weather. Meanwhile repaired leak on FWD PRS top jaw. ting on weather
262,15_9_19,C:\Users\user\Downloads\eilink_ra_ds\eilink_ra_ds\data\raw_pdfs\15_9_19_A_1997_08_23.pdf,1997-08-23,20:30,0.0,interruption,re,fail,6,REPAIR(+1)|state:fail(+5),REPAIRED TOP DRIVE - BOLTS SHEARED ON SWIVEL LINK PINION CLAMP (PART OF TDS/TRAVELLING BLOCK RETRACT SYSTEM). pair
263,15_9_19,C:\Users\user\Downloads\eilink_ra_ds\eilink_ra_ds\data\raw_pdfs\15_9_19_A_1997_08_24.pdf,1997-08-24,00:00,0.0,interruption,repair,fail,6,REPAIR(+1)|state:fail(+5),FINISHED REPAIRING TOP DRIVE.
10882,15_9_F_15,C:\Users\user\Downloads\eilink_ra_ds\eilink_ra_ds\data\raw_pdfs\15_9_F_15_2008_12_03.pdf,2008-12-03,19:00,2631.0,plug abandon,circul,ok,6,TIGHT_HOLE(+3)|text:overpull(+3),"Continued washing down from 2401m to 2587m w/ 2500 lpm, SPP 167-175bars. Tight/overpull at 2587mt. Started rotation at 20rpm. Continued to wash/ream down from 25 ating conditioning 87m to 2629, Torq 5-10 kNm. Occasionally WOB at 5 mt for a few seconds, otherwise no WOB. Took weight at 2629m 10 MT. Washed through. Reamed to 2631 m. Stopped rotation and set down 10 MT with 2500 lpm, firm cement at 2631m (TD). 50/50 cement/formation over the shakers. No gain/losses during clean out."
11185,15_9_F_15,C:\Users\user\Downloads\eilink_ra_ds\eilink_ra_ds\data\raw_pdfs\15_9_F_15_A_2008_12_22.pdf,2008-12-22,23:00,0.0,drilling --,,ok,5,EQUIPMENT_FAILURE(+4)|REPAIR(+1),"Pressure tested BOP and IBOPs to 20/345 bar 5/10 min. bop activi ties Equipment Failure Information Start time Depth mMD Depth mTVD Sub Equip -- Syst Class Operation Downtime ((min)) Equipment Repaired Remark 00:00 140 pipe handling equ syst -- other 0 00:00 Problems when hooking up PS-30 slips 00:00 914 pipe handling equ syst -- other 0 00:00 Problems with HTS rollers 00:00 1371 pipe handling equ syst -- vertical pipe handling equ syst 0 00:00 Misalignment on PRS pick up tool, difficult to stab casing"
23,15_9_19,C:\Users\user\Downloads\eilink_ra_ds\eilink_ra_ds\data\raw_pdfs\15_9_19_A_1997_07_28.pdf,1997-07-28,06:00,2205.0,drilling,drill,fail,5,state:fail(+5),MILLED FROM 2202-2205 M. DECREASE IN ROP - NOT MAKING ANY PROGRESS IN MILLING THROUGH WINDOW.
24,15_9_19,C:\Users\user\Downloads\eilink_ra_ds\eilink_ra_ds\data\raw_pdfs\15_9_19_A_1997_07_28.pdf,1997-07-28,09:00,0.0,drilling,trip,fail,5,state:fail(+5),"FLOWCHECKED, PUMPED SLUG & POOH WITH MILLING BHA."
31,15_9_19,C:\Users\user\Downloads\eilink_ra_ds\eilink_ra_ds\data\raw_pdfs\15_9_19_A_1997_07_29.pdf,1997-07-29,10:00,2170.0,interruption,sidetra,fail,5,state:fail(+5),ATTEMPTED TO CIRCULATE; STRING PLUGGED. RU & REVERSE CIRCULATED 1 DRILLSTRING VOLUME & UNPLUGGED STRING. ck
62,15_9_19,C:\Users\user\Downloads\eilink_ra_ds\eilink_ra_ds\data\raw_pdfs\15_9_19_A_1997_08_02.pdf,1997-08-02,15:00,2190.0,drilling --,,fail,5,state:fail(+5),CIRCULATED W/2500LPM & ORIENTED TOOLFACE PRIOR TO PULLING THROUGH CSG. WINDOW. HOLE PACKED-OFF & STRING TORQUED-UP & LOST CIRC-STRING STUCK 2 drill MIN. WORKED STRING FREE BY GOING DOWNWARDS;MAX WEIGHT SLACKED-OFF=40 MT. ESTABLISHED CIRCULATION AT 600 LPM.
64,15_9_19,C:\Users\user\Downloads\eilink_ra_ds\eilink_ra_ds\data\raw_pdfs\15_9_19_A_1997_08_02.pdf,1997-08-02,19:30,2167.0,drilling --,,fail,5,state:fail(+5),FINALLY ESTABLISHED CIRCULATION WITH FULL RETURNS AT 1860 LPM/164 BAR. STARTED MOVING UPWARDS TOWARD WINDOW-STOPPED AT 2188 M. ORIENTED TOOL- F drill ACE & THEN FLOW CHECKED. STARTED PULLING UP WHILE PUMPING AT 450 LPM- LOSING CIRCULATION AGAIN. STOPPED PUMPING & CONTINUED POOH-PULLED THROUG H WINDOW WITH NO ROTATING/PUMPING WITH MAXIMUM DRAG = 5 MT.
117,15_9_19,C:\Users\user\Downloads\eilink_ra_ds\eilink_ra_ds\data\raw_pdfs\15_9_19_A_1997_08_09.pdf,1997-08-09,14:30,2653.0,interruption,repair,fail,5,state:fail(+5),CIRC UNTIL SHAKERS CLEARED UP. BOOSTED RISER.
118,15_9_19,C:\Users\user\Downloads\eilink_ra_ds\eilink_ra_ds\data\raw_pdfs\15_9_19_A_1997_08_09.pdf,1997-08-09,16:30,2700.0,interruption,repair,fail,5,state:fail(+5),"FLOW CHECK, OK. PUMP SLUG. POOH TO CHANGE MWD."
119,15_9_19,C:\Users\user\Downloads\eilink_ra_ds\eilink_ra_ds\data\raw_pdfs\15_9_19_A_1997_08_09.pdf,1997-08-09,18:30,2700.0,interruption,repair,fail,5,state:fail(+5),ATTEMPT TO GET COMMUNICATION WITH MWD WITHOUT SUCCESS.
120,15_9_19,C:\Users\user\Downloads\eilink_ra_ds\eilink_ra_ds\data\raw_pdfs\15_9_19_A_1997_08_09.pdf,1997-08-09,19:00,1220.0,interruption,repair,fail,5,state:fail(+5),PUMP SLUG. POOH. GOT 15 T DRAG AT 1220M.
121,15_9_19,C:\Users\user\Downloads\eilink_ra_ds\eilink_ra_ds\data\raw_pdfs\15_9_19_A_1997_08_09.pdf,1997-08-09,21:00,1220.0,interruption,repair,fail,5,state:fail(+5),"CIRC 1,25 BTM UP AT 1220M. BOOST RISER. GOT FAIR AMOUNT OF LARGE SIZE TYPE CAVINGS OVER SHAKERS."
122,15_9_19,C:\Users\user\Downloads\eilink_ra_ds\eilink_ra_ds\data\raw_pdfs\15_9_19_A_1997_08_09.pdf,1997-08-09,21:30,0.0,interruption,repair,fail,5,state:fail(+5),"FLOW CHECK, OK CONTINUE POOH AND L/DOWN MWD AND BIT. START RELOAD NEW MWD."
123,15_9_19,C:\Users\user\Downloads\eilink_ra_ds\eilink_ra_ds\data\raw_pdfs\15_9_19_A_1997_08_10.pdf,1997-08-10,00:00,0.0,interruption,repair,fail,5,state:fail(+5),CONTINUE CHANGE MWD AND LOAD SAME. M/UP NEW BIT.
124,15_9_19,C:\Users\user\Downloads\eilink_ra_ds\eilink_ra_ds\data\raw_pdfs\15_9_19_A_1997_08_10.pdf,1997-08-10,00:30,2160.0,interruption,repair,fail,5,state:fail(+5),RIH TO CSG WINDOW AT 2160M. TESTED MWD OK AT 1000M.
127,15_9_19,C:\Users\user\Downloads\eilink_ra_ds\eilink_ra_ds\data\raw_pdfs\15_9_19_A_1997_08_10.pdf,1997-08-10,06:00,3653.0,interruption,repair,fail,5,state:fail(+5),CONTINUED RIH TO 3640M. WASH TO BTM AT 3653M. NO FILL.
126,15_9_19,C:\Users\user\Downloads\eilink_ra_ds\eilink_ra_ds\data\raw_pdfs\15_9_19_A_1997_08_10.pdf,1997-08-10,04:30,3056.0,interruption,repair,fail,5,state:fail(+5),CONTINUED RIH TO CURRENT DEPTH 3085M.
125,15_9_19,C:\Users\user\Downloads\eilink_ra_ds\eilink_ra_ds\data\raw_pdfs\15_9_19_A_1997_08_10.pdf,1997-08-10,04:00,2185.0,interruption,repair,fail,5,state:fail(+5),FILL PIPE AND ORIENTED TOOL FACE AND ENTER INTO CSG WINDOW WITHOUT OBSTRUCTIONS.
445,15_9_19,C:\Users\user\Downloads\eilink_ra_ds\eilink_ra_ds\data\raw_pdfs\15_9_19_A_1997_10_09.pdf,1997-10-09,10:00,0.0,interruption,,fail,5,state:fail(+5),POOH WITH WIRELINE. DISCONNECTED UPPER CASING JOINT AND LD LOGGING TOOL. -- other
444,15_9_19,C:\Users\user\Downloads\eilink_ra_ds\eilink_ra_ds\data\raw_pdfs\15_9_19_A_1997_10_09.pdf,1997-10-09,06:30,1440.0,interruption,,fail,5,state:fail(+5),WESTERN/ATLAS RIH WITH SBT-CCL-GR. TOOL STOOD UP AT 1270 M. WORKED TOOL DOWN. STOOD UP AGAIN AT 1440 M. TRIED TO WORK THROUGH; NO SUCCESS. -- other
413,15_9_19,C:\Users\user\Downloads\eilink_ra_ds\eilink_ra_ds\data\raw_pdfs\15_9_19_A_1997_10_06.pdf,1997-10-06,06:30,0.0,interruption,repair,fail,5,state:fail(+5),"RIH WITH 4 STDS OF 3 1/2"" DP BELOW BOP TEST TOOL. OD ON XO SUB BELOW TEST TOOL WAS TOO BIG TO ENTER 7"" CSG. TEST PLUG WAS NOT SEATED. POOH AND RACKED BACK 3 1/2"" DP."
335,15_9_19,C:\Users\user\Downloads\eilink_ra_ds\eilink_ra_ds\data\raw_pdfs\15_9_19_A_1997_09_03.pdf,1997-09-03,23:00,0.0,drilling,bop/,ok,5,text:emergency(+5),"CHANGED XO SUB ON BOTTOM OF EMERGENCY HANGOFF TOOL FOR 3 1/2"" DRILL PIPE. wellhead equip ment"
333,15_9_19,C:\Users\user\Downloads\eilink_ra_ds\eilink_ra_ds\data\raw_pdfs\15_9_19_A_1997_09_03.pdf,1997-09-03,21:30,0.0,interruption,r,fail,5,state:fail(+5),FOUND WEAR BUSHING NOT RELEASED FROM SL TOOL. RIH AND RE-SET WEAR BUSHING. POOH. epair
331,15_9_19,C:\Users\user\Downloads\eilink_ra_ds\eilink_ra_ds\data\raw_pdfs\15_9_19_A_1997_09_03.pdf,1997-09-03,14:30,0.0,interruption,r,fail,5,state:fail(+5),M/U SEAL ASSEMBLY RUNNING TOOL WITH ELASTOMER TYPE SEAL ASSEMBLY AND RIH. SET SEAL ASSEMBLY AND TESTED TO 345 BAR OK. POOH. epair
329,15_9_19,C:\Users\user\Downloads\eilink_ra_ds\eilink_ra_ds\data\raw_pdfs\15_9_19_A_1997_09_03.pdf,1997-09-03,10:30,0.0,interruption,r,fail,5,state:fail(+5),M/U SL TOOL. RIH AND RETRIEVED SEAL ASSEMBLY. epair
328,15_9_19,C:\Users\user\Downloads\eilink_ra_ds\eilink_ra_ds\data\raw_pdfs\15_9_19_A_1997_09_03.pdf,1997-09-03,07:00,0.0,interruption,r,fail,5,state:fail(+5),M/U SEAL ASSEMBLY RUNNING TOOL AND RIH. RE-TORQUED SEAL ASSEMBLY AND ATTEMPTED TO PRESSURE TEST WITHOUT SUCCESS. epair
327,15_9_19,C:\Users\user\Downloads\eilink_ra_ds\eilink_ra_ds\data\raw_pdfs\15_9_19_A_1997_09_03.pdf,1997-09-03,06:30,0.0,interruption,r,fail,5,state:fail(+5),FOUND SEALS ON ST TOOLS TO BE WASHED OUT. ATTEMPTED TO TEST SEAL ASSEMBLY AGAINST BLIND RAMS WITHOUT SUCCESS. epair
315,15_9_19,C:\Users\user\Downloads\eilink_ra_ds\eilink_ra_ds\data\raw_pdfs\15_9_19_A_1997_09_01.pdf,1997-09-01,22:00,1699.0,drilling,casing,fail,5,state:fail(+5),CASING TONG NOT WORKING - PROBLEM WITH HYDRAULIC PRESSURE/VOLUME SUPPLY. CHANGED POWER UNITS.
313,15_9_19,C:\Users\user\Downloads\eilink_ra_ds\eilink_ra_ds\data\raw_pdfs\15_9_19_A_1997_09_01.pdf,1997-09-01,16:30,1030.0,drilling,casing,fail,5,state:fail(+5),HYDRAULIC POWER UNIT FOR CASING TONG OVERHEATED.
280,15_9_19,C:\Users\user\Downloads\eilink_ra_ds\eilink_ra_ds\data\raw_pdfs\15_9_19_A_1997_08_27.pdf,1997-08-27,08:30,0.0,interruption,rep,fail,5,state:fail(+5),POOR SIGNAL FROM LOGGING TOOLS. DISMANTLED AND RE-TERMINATED WIRELINE DRUM COLLECTOR. CUT 700 METERS OF WIRE. RE-HEADED WIRE TO T air HROUGH SIDE ENTRY SUB TO WET CONNECTOR. RE-CHECKED TOOL STRING.
277,15_9_19,C:\Users\user\Downloads\eilink_ra_ds\eilink_ra_ds\data\raw_pdfs\15_9_19_A_1997_08_27.pdf,1997-08-27,00:00,0.0,interruption,rep,fail,5,state:fail(+5),AWS RE-TERMINATED AND CHECKED OUT WIRELINE DRUM COLLECTOR. air
1819,15_9_19,C:\Users\user\Downloads\eilink_ra_ds\eilink_ra_ds\data\raw_pdfs\15_9_19_S_1992_12_18.pdf,1992-12-18,23:00,1486.0,interruption,sidetrack,fail,5,state:fail(+5),"WHILE PUMPING 2500 LPM, CHECKED TOOLFACE FOR 20 MINUTES, NEG. PULLED BACK INTO CASING. STOPPED PUMPS 2 MINUTES WHILE LINI NG UP FOR RETURNS OVER SHAKERS."
1787,15_9_19,C:\Users\user\Downloads\eilink_ra_ds\eilink_ra_ds\data\raw_pdfs\15_9_19_S_1992_12_16.pdf,1992-12-16,02:00,1493.0,interruption --,,fail,5,state:fail(+5),FILLED PIPE. WASHED/REAMED FROM 1400M TO 1493M. PIPE STUCK AT 1493M WITHOUT ANY WARNING SIGNS. KEPT FULL CIRCULATION. sidetrack
1771,15_9_19,C:\Users\user\Downloads\eilink_ra_ds\eilink_ra_ds\data\raw_pdfs\15_9_19_S_1992_12_15.pdf,1992-12-15,04:30,1902.0,interruption,,fail,5,state:fail(+5),"CONT. RUNNING IN TO 1902M, LOST RETURNS. -- sidetrack"
1769,15_9_19,C:\Users\user\Downloads\eilink_ra_ds\eilink_ra_ds\data\raw_pdfs\15_9_19_S_1992_12_15.pdf,1992-12-15,02:00,1640.0,interruption,,fail,5,state:fail(+5),"RAN IN WITH OPEN ENDED 5"" DP TO 1640M. LOST RETURNS. -- sidetrack"
3915,15_9_F_10,C:\Users\user\Downloads\eilink_ra_ds\eilink_ra_ds\data\raw_pdfs\15_9_F_10_2009_06_16.pdf,2009-06-16,09:00,0.0,interruption,maintain,ok,5,EQUIPMENT_FAILURE(+4)|REPAIR(+1),"Changed blower hose, cleaned shakers, pits and broke riser doubles. Meanwhile repaired camera on ROV."
3740,15_9_F_10,C:\Users\user\Downloads\eilink_ra_ds\eilink_ra_ds\data\raw_pdfs\15_9_F_10_2009_06_08.pdf,2009-06-08,00:00,0.0,plug abandon,mec,ok,5,EQUIPMENT_FAILURE(+4)|REPAIR(+1),Meeting about next operation. Decided to continue as per DOP and run EZSV plug. Meanwhile repaired leak on AFT iron roughneck and serviced TDS. hanical plug
3679,15_9_F_10,C:\Users\user\Downloads\eilink_ra_ds\eilink_ra_ds\data\raw_pdfs\15_9_F_10_2009_06_04.pdf,2009-06-04,21:00,326.0,plug abandon,trip,ok,5,EQUIPMENT_FAILURE(+4)|REPAIR(+1),"RIH with 3 1/2"" DP open ended from surface to 326 m MD. Picked up singles from deck. Drifted DP to 2 1/4"". Observed leakage on PS-21 slips. Equipment Failure Information Start time Depth mMD Depth mTVD Sub Equip -- Syst Class Operation Downtime ((min)) Equipment Repaired Remark 00:00 326 pipe handling equ syst -- other 0 00:00 Hydraulic leak in PS-21 slips. 00:00 1360 pipe handling equ syst -- vertical pipe handling equ syst 0 00:00 Problems with aft PRS claw. Bit Record Run Bit Type IADC Manufacturer Hrs Start End Hole Made ((last Hours Drilled ((last Form Total Hole Total Hrs No.. Size Code Drilled mMD 2244HH)) 2244HH)) ROP Made Drilled 11 8.5 in RSR816M-C M422 HYCALOG 19.6 4911 4911 21.4 21.4 420 19.6 1"
3652,15_9_F_10,C:\Users\user\Downloads\eilink_ra_ds\eilink_ra_ds\data\raw_pdfs\15_9_F_10_2009_06_02.pdf,2009-06-02,22:15,5255.0,drilling,circulati,ok,5,EQUIPMENT_FAILURE(+4)|REPAIR(+1),"Circulated bottoms up while reciprocating string in order to reduce drag in well. Parameters : Flow 2000-2500 lpm / SPP 176-260 bar / 150-200 RPM / Torque 17-19 kNm / ECD 1, ng conditioning 48=>1,45 sg. Equipment Failure Information Start Depth Sub Equip -- Syst Class Operation Downtime ((min)) Equipment Repaired Remark time mMD mTVD 00:00 4958 hoisting equ -- top drive 0 00:00 Leakage on TDS mounted link til cyliner. Recessed drilling. Cylinder was dismounted for repair."
3647,15_9_F_10,C:\Users\user\Downloads\eilink_ra_ds\eilink_ra_ds\data\raw_pdfs\15_9_F_10_2009_06_01.pdf,2009-06-01,23:00,4958.0,drilling,dr,ok,5,EQUIPMENT_FAILURE(+4)|REPAIR(+1),"Drillied 8 1/2"" hole section from 4935 m to 4958 m MD. Drilling parameters : Flow 2400 lpm / SPP ~250 bar / 200 RPM / Torque 21-23 kNm / ROP 25 m/hrs / ECD 1,45-1,46 sg. Observ ill ed severe oil leakage from one of the TDS link tilt cylinders. Equipment Failure Information Start time Depth mMD Depth mTVD Sub Equip -- Syst Class Operation Downtime ((min)) Equipment Repaired Remark 00:00 3420 hoisting equ -- top drive 0 00:00 Changed filter on TDS gearbox."
3589,15_9_F_10,C:\Users\user\Downloads\eilink_ra_ds\eilink_ra_ds\data\raw_pdfs\15_9_F_10_2009_05_29.pdf,2009-05-29,21:15,4898.0,workover,wire,ok,5,EQUIPMENT_FAILURE(+4)|REPAIR(+1),"RIH with gyro on 5/16"" EWL from surface to 360 m MD. Initialized gyro and CLL according to Scientific procedures. RIH with 5/16"" EWL to 1300 m MD. line Equipment Failure Information Start time Depth mMD Depth mTVD Sub Equip -- Syst Class Operation Downtime ((min)) Equipment Repaired Remark 00:00 4633 mud and bulk syst -- mud supply 0 00:00 Problems with liner spray system. 00:00 4790 hoisting equ -- top drive 0 00:00 Changed gearbox oil on TDS."
3574,15_9_F_10,C:\Users\user\Downloads\eilink_ra_ds\eilink_ra_ds\data\raw_pdfs\15_9_F_10_2009_05_28.pdf,2009-05-28,22:30,4670.0,drilling,drill,ok,5,EQUIPMENT_FAILURE(+4)|REPAIR(+1),"Drilled 8 1/2"" hole section from 4633 m to 4670 m MD. Drilling parameters : Flow 2800 lpm / SPP 262-266 bar / 200 RPM / WOB 7-11 MT / Torque ~23 kNm / ROP 15-25 m/hr. Perfo med MWD survey on connections. Downlinked Powerdrive according to DDs instructions. Equipment Failure Information Start time Depth mMD Depth mTVD Sub Equip -- Syst Class Operation Downtime ((min)) Equipment Repaired Remark 00:00 4549 mud and bulk syst -- other 0 00:00 Leaking / washed out flange adaptor on DCI manifold end flange."
3182,15_9_F_10,C:\Users\user\Downloads\eilink_ra_ds\eilink_ra_ds\data\raw_pdfs\15_9_F_10_2009_04_30.pdf,2009-04-30,22:45,774.0,drilling,circulating,ok,5,EQUIPMENT_FAILURE(+4)|REPAIR(+1),"POOH from 1367m to 774m. conditioning Equipment Failure Information Start Depth Sub Equip -- Syst Class Operation Downtime Equipment Remark time mMD mTVD ((min)) Repaired 00:00 85 pipe handling equ syst -- vertical pipe handling equ sy 0 00:00 Låse finger på fingerbord i derrick virket ikke. Fingere stod fast, 1t st nedetid."
3142,15_9_F_10,C:\Users\user\Downloads\eilink_ra_ds\eilink_ra_ds\data\raw_pdfs\15_9_F_10_2009_04_27.pdf,2009-04-27,21:15,2414.0,drilling,drill,ok,5,EQUIPMENT_FAILURE(+4)|REPAIR(+1),"Problem cleared. Drilled and steered 17 1/2"" hole from 2385m to 2414m. 4530 l/min, 277 bar, 180 rpm, 13-15 kNm. WOB 4-6 ton, ROP 15-17 m/hr. Equipment Failure Information Start time Depth mMD Depth mTVD Sub Equip -- Syst Class Operation Downtime ((min)) Equipment Repaired Remark 00:00 2062 miscellaneous equ syst -- other 0 00:00 Had to stop drilling and pick off bottom to cleat CRI and conveyers."
3131,15_9_F_10,C:\Users\user\Downloads\eilink_ra_ds\eilink_ra_ds\data\raw_pdfs\15_9_F_10_2009_04_26.pdf,2009-04-26,06:00,1970.0,drilling,drill,ok,5,EQUIPMENT_FAILURE(+4)|REPAIR(+1),"Drilled 17 1/2"" hole from 1889m to 1970m. 4490 l/min, 250 bar, 160 rpm, 11-13 kNm. WOB 1-4 ton, ROP 15-17 m/hr. Meanwhile MU 13 3/8"" csg in stands. 09:00 broke two bolts on flushjoint elevator tilt cylinder. Secured and repaired flush joint elevator."
3095,15_9_F_10,C:\Users\user\Downloads\eilink_ra_ds\eilink_ra_ds\data\raw_pdfs\15_9_F_10_2009_04_23.pdf,2009-04-23,23:15,1453.0,drilling,trip,ok,5,EQUIPMENT_FAILURE(+4)|REPAIR(+1),Flowchecked - well static. Pumped slug for POOH. Equipment Failure Information Start time Depth mMD Depth mTVD Sub Equip -- Syst Class Operation Downtime ((min)) Equipment Repaired Remark 00:00 115 pipe handling equ syst -- other 0 00:00 Broken bolt on PS-21 slips actuator.
3076,15_9_F_10,C:\Users\user\Downloads\eilink_ra_ds\eilink_ra_ds\data\raw_pdfs\15_9_F_10_2009_04_22.pdf,2009-04-22,22:00,1359.0,drilling,casing,ok,5,EQUIPMENT_FAILURE(+4)|REPAIR(+1),Drilled on cement plugs at 1359 m MD. Little or no progress was made. Drilling parameters : Flow 3200 lpm / SPP 123 to 118 bar / 40-60 RPM / WOB 5-10 MT / Torque 9-12 kNm. When increasing WOB to 10 MT - observed high stick/slip on MWD. Equipment Failure Information Start time Depth mMD Depth mTVD Sub Equip -- Syst Class Operation Downtime ((min)) Equipment Repaired Remark 00:00 136 hoisting equ -- top drive 0 00:00 Worn centralizing liners on TDS. Scores on DP couplings.
4093,15_9_F_11,C:\Users\user\Downloads\eilink_ra_ds\eilink_ra_ds\data\raw_pdfs\15_9_F_11_2013_03_20.pdf,2013-03-20,15:30,332.0,interruption --,,ok,5,EQUIPMENT_FAILURE(+4)|REPAIR(+1),"Tagged bottom at 332 m and recorded OnTrack/GyroTrack survey data while securing 5 1/2"" DP drill string in moon pool and at tension deck. repair Re-calculated projected well path. Inclination Survey (OnTrack/GyroTrack): Survey station (m) Inclination (deg) Azi (deg) OTR/GRT OTR/GRT OTR/GRT 312.00 /304.10 0.77 /0.52 185.07 /245.99 312.00 /304.10 0.77 /0.70 182.41 /199.93 312.21 /304.22 0.80 /0.62 FAIL /175.68 312.04 /304.05 0.77 /0.70 FAIL /113.45"
4056,15_9_F_11,C:\Users\user\Downloads\eilink_ra_ds\eilink_ra_ds\data\raw_pdfs\15_9_F_11_2013_03_18.pdf,2013-03-18,01:00,22.0,interruption --,,ok,5,EQUIPMENT_FAILURE(+4)|REPAIR(+1),"M/U lifting sub to failed Ontrack tool using PRS and iron roughneck, no personal on drill floor. repair"
4055,15_9_F_11,C:\Users\user\Downloads\eilink_ra_ds\eilink_ra_ds\data\raw_pdfs\15_9_F_11_2013_03_18.pdf,2013-03-18,00:00,22.0,interruption --,,ok,5,EQUIPMENT_FAILURE(+4)|REPAIR(+1),Baker took temperature and gas measurements to evaluate the possibility of damage and leakage from the lithium batteries inside the OnTrack. repair Temperature and gas reading indicated OnTrack Lithium batteries intact. Changed out fox hole inserts. P/U back up OnTrack and placed same in fox hole. B/O handling sub on back up OnTrack.
1697,15_9_19,C:\Users\user\Downloads\eilink_ra_ds\eilink_ra_ds\data\raw_pdfs\15_9_19_S_1992_12_04.pdf,1992-12-04,03:30,1000.0,interruption,m,fail,5,state:fail(+5),PUMPED OUT OF HOLE DUE TO PROBLEMS WITH ELECTRO MOTOR ON TOP DRIVE. aintain
1696,15_9_19,C:\Users\user\Downloads\eilink_ra_ds\eilink_ra_ds\data\raw_pdfs\15_9_19_S_1992_12_04.pdf,1992-12-04,03:00,2531.0,interruption,m,fail,5,state:fail(+5),CIRCULATED DUE TO OVERLOAD ON ELECTROMOTOR ON TOP DRIVE. aintain
1639,15_9_19,C:\Users\user\Downloads\eilink_ra_ds\eilink_ra_ds\data\raw_pdfs\15_9_19_S_1992_11_27.pdf,1992-11-27,08:00,0.0,drilling,casing,fail,5,state:fail(+5),REMOVED STUCK DRIFT FROM PLUG LAUNCHER IN CASING HANGER JOINT.
1616,15_9_19,C:\Users\user\Downloads\eilink_ra_ds\eilink_ra_ds\data\raw_pdfs\15_9_19_S_1992_11_24.pdf,1992-11-24,08:00,780.0,interruption,maint,fail,5,state:fail(+5),"ATTEMPTED TO DUMP SHAKERBOX, NO-GO. UNPLUGGED DUMP LINE AND CLEANED OUT SHAKERBOX. ain"
1606,15_9_19,C:\Users\user\Downloads\eilink_ra_ds\eilink_ra_ds\data\raw_pdfs\15_9_19_S_1992_11_23.pdf,1992-11-23,08:00,525.0,interruption,repair,fail,5,state:fail(+5),"ATTEMPTED TO TEST ACOUSTIC CONTROL SYSTEM, NEG. TROUBLE SHOOTING. RE-TESTED OK."
1764,15_9_19,C:\Users\user\Downloads\eilink_ra_ds\eilink_ra_ds\data\raw_pdfs\15_9_19_S_1992_12_14.pdf,1992-12-14,17:00,2188.0,interruption,maintain,fail,5,state:fail(+5),CHANGED SAVER SUB AND LOWER VALVE IN TDS.
1761,15_9_19,C:\Users\user\Downloads\eilink_ra_ds\eilink_ra_ds\data\raw_pdfs\15_9_19_S_1992_12_14.pdf,1992-12-14,12:00,2188.0,interruption,lost circulation,fail,5,state:fail(+5),WORKED PIPE BACK TO 2188M. ROTATED STRING AND RE-ESTABLISHED FULL CIRCULATION.
1758,15_9_19,C:\Users\user\Downloads\eilink_ra_ds\eilink_ra_ds\data\raw_pdfs\15_9_19_S_1992_12_14.pdf,1992-12-14,00:00,1266.0,interruption,sidetrack,ok,5,EQUIPMENT_FAILURE(+4)|REPAIR(+1),CONT. MU BHA FOR SIDE TRACKING. DRIFTED AND SERVICE BROKE CONNECTIONS ON HWDP. RAN IN TO 1266M. LOST RETURN S.
1750,15_9_19,C:\Users\user\Downloads\eilink_ra_ds\eilink_ra_ds\data\raw_pdfs\15_9_19_S_1992_12_13.pdf,1992-12-13,05:30,0.0,interruption,fish,fail,5,state:fail(+5),PREPARED TO RUN IN WITH JRC CUTTER AND CCL.
1749,15_9_19,C:\Users\user\Downloads\eilink_ra_ds\eilink_ra_ds\data\raw_pdfs\15_9_19_S_1992_12_13.pdf,1992-12-13,02:00,2584.0,interruption,fish,fail,5,state:fail(+5),"RAN IN WITH FREE-POINT INDICATOR AND CCL. CHECKED AND CALIBRATED TOOL AT 1400M, OK. FOUND 5"" DP TO BE FREE. CHECKED INSIDE HWDP A T 2530 AND 2584M, POSSIBLY FREE. POOH."
1748,15_9_19,C:\Users\user\Downloads\eilink_ra_ds\eilink_ra_ds\data\raw_pdfs\15_9_19_S_1992_12_13.pdf,1992-12-13,00:00,0.0,interruption,fish,fail,5,state:fail(+5),FOUND SHORT ON MONOCONDUCTOR EXTENSION CABLE. CUT OFF DAMAGED CABLE AND RETERMINATED.
2934,15_9_F_10,C:\Users\user\Downloads\eilink_ra_ds\eilink_ra_ds\data\raw_pdfs\15_9_F_10_2009_04_13.pdf,2009-04-13,22:30,660.0,drilling,drill,ok,5,EQUIPMENT_FAILURE(+4)|REPAIR(+1),"Drilled 26"" hole / slided from 620 m to 660 m MD. Drilling parameters Flow 3100-4500 lpm / SPP 95-180 bar/ 130-220 RPM / WOB 4-15 MT / Torque 5-12 kNm / ROP 30-50 m/hr. Per formed gMWD/MWD on every connection. Pumped 2-3 hivis pills per stand. Equipment Failure Information Start Depth Sub Equip -- Operation Equipment Remark time mMD mTVD Syst Class Downtime Repaired ((min)) 00:00 231 pipe handling eq 0 00:00 When drilling 26"" hole section it was observed that the PS-21 slips was damaged. One of the guides where partly loose and a bolt was damaged. The P u syst -- other S-21 was removed for repair and the operation continued using manual slips. Repaired PS-21 and re-inserted in"
2855,15_9_F_10,C:\Users\user\Downloads\eilink_ra_ds\eilink_ra_ds\data\raw_pdfs\15_9_F_10_2009_04_08.pdf,2009-04-08,09:00,36.0,interruption,maintain,ok,5,EQUIPMENT_FAILURE(+4)|REPAIR(+1),Investigated and repaired leak on AFT Iron roughneck.
4660,15_9_F_11,C:\Users\user\Downloads\eilink_ra_ds\eilink_ra_ds\data\raw_pdfs\15_9_F_11_B_2013_07_05.pdf,2013-07-05,14:30,3099.7,completion,completion string,ok,5,EQUIPMENT_FAILURE(+4)|REPAIR(+1),"Picked up until weight observed. Marked pipe. POOH with 7"" tubing on 5 1/2"" DP. Strapped pipe while POOH. Broke out landing string. Replaced box on joint 14 due to poor threads. Meanwhile: Prepared space out and picked up space out joints from cantilever."
4643,15_9_F_11,C:\Users\user\Downloads\eilink_ra_ds\eilink_ra_ds\data\raw_pdfs\15_9_F_11_B_2013_07_03.pdf,2013-07-03,02:00,971.0,interruption,maintain,ok,5,EQUIPMENT_FAILURE(+4)|REPAIR(+1),Replaced broken hydraulic fitting on elevator.
4598,15_9_F_11,C:\Users\user\Downloads\eilink_ra_ds\eilink_ra_ds\data\raw_pdfs\15_9_F_11_B_2013_06_29.pdf,2013-06-29,02:45,0.0,completion,bop/wellhead equipment,ok,5,EQUIPMENT_FAILURE(+4)|REPAIR(+1),"Picked up and RIH with annulus insert retrieval tool. Tagged and engaged annulus insert at 140,2 meter, Not able to release annulus insert. POOH with RT. Redressed RT, replaced torque pins with torque keys. Ran back in with RT and engaged same. Released annulus insert with 4000 Nm. POOH with RT and redressed same with torque pins. RIH and retrieved annulus insert. Broke out and laid down annulus RT to cantilever."
1601,15_9_19,C:\Users\user\Downloads\eilink_ra_ds\eilink_ra_ds\data\raw_pdfs\15_9_19_S_1992_11_22.pdf,1992-11-22,22:30,0.0,interruption,main,fail,5,state:fail(+5),"INSTALLED SPIDER AND DIVERTER RUNNING TOOL. PICKED UP DIVERTER AND CHANGED OUT O-RINGS ON CONNECTION BETWEEN THE DIVERTER AND THE tain SLIP- JOINT INNER BARREL. RE-INSTALLED DIVERTER, OK."
1583,15_9_19,C:\Users\user\Downloads\eilink_ra_ds\eilink_ra_ds\data\raw_pdfs\15_9_19_S_1992_11_20.pdf,1992-11-20,00:00,0.0,interruption,maintain,fail,5,state:fail(+5),CONT. WORKING ON SHEAR RAM. FOUND T-SEAL TO BE DAMAGED.
1582,15_9_19,C:\Users\user\Downloads\eilink_ra_ds\eilink_ra_ds\data\raw_pdfs\15_9_19_S_1992_11_19.pdf,1992-11-19,22:30,0.0,interruption,maintain,fail,5,state:fail(+5),WORKED ON SHEAR RAM.
1450,15_9_19,C:\Users\user\Downloads\eilink_ra_ds\eilink_ra_ds\data\raw_pdfs\15_9_19_S_1992_09_16.pdf,1992-09-16,01:00,0.0,moving,anchor,ok,5,text:emergency(+5),ATTEMTED TO SET OUT CTS ANCHOR. WIRE FROM RIG TO NORMAND BORG WAS ACRO SS EMERGENCY TOWING LINE.
2802,15_9_19,C:\Users\user\Downloads\eilink_ra_ds\eilink_ra_ds\data\raw_pdfs\15_9_19_ST2_1997_07_21.pdf,1997-07-21,18:30,0.0,interruption,repair,fail,5,state:fail(+5),M/U AND RIH W/ JET SUB. WASHED AND CLEANED WH AREA. POOH.
2801,15_9_19,C:\Users\user\Downloads\eilink_ra_ds\eilink_ra_ds\data\raw_pdfs\15_9_19_ST2_1997_07_21.pdf,1997-07-21,16:30,0.0,interruption,repair,fail,5,state:fail(+5),ATTEMPTED TO SET WB. NEGATIVE. POOH.
2786,15_9_19,C:\Users\user\Downloads\eilink_ra_ds\eilink_ra_ds\data\raw_pdfs\15_9_19_ST2_1997_07_19.pdf,1997-07-19,20:30,0.0,drilling,tri,ok,5,text:emergency(+5),P/U AND M/U FMC EMERGENCY HANGOFF TOOL. RACKED SAME IN DERRICK. p
4514,15_9_F_11,C:\Users\user\Downloads\eilink_ra_ds\eilink_ra_ds\data\raw_pdfs\15_9_F_11_B_2013_06_22.pdf,2013-06-22,21:15,0.0,completion,other,ok,5,EQUIPMENT_FAILURE(+4)|REPAIR(+1),Rigged up to pull diverter. Pulled diverter. Installed master bushings. Laid diverter out to cantilever. Prepared to pull bell nipple. Equipment Failure Information Start time Depth mMD Depth mTVD Sub Equip -- Syst Class Operation Downtime ((min)) Equipment Repaired Remark 00:00 167 hoisting equ -- top drive 0 00:00 Troubleshot brake release failure. 00:00 2796 pipe handling equ syst -- vertical pipe handling equ syst 0 00:00 Top drive collided with drill pipe stand in pipe racking machine.
4436,15_9_F_11,C:\Users\user\Downloads\eilink_ra_ds\eilink_ra_ds\data\raw_pdfs\15_9_F_11_B_2013_06_18.pdf,2013-06-18,00:00,167.0,interruption,o,ok,5,EQUIPMENT_FAILURE(+4)|REPAIR(+1),Troubleshot brake release failure on top drive. Assembled top drive brake without hydraulic connections. ther Meanwhile: Prepared brine and cut weight from 1.20 sg to 1.03 sg. Inspected handrails and gates in derrick. Cleaned upper and lower shakers. Cleaned and tidied well bay ar ea. Prepared fast line sheave for NDT inspection. Performed general maintanence. Equipment Failure Information Start time Depth mMD Depth mTVD Sub Equip -- Syst Class Operation Downtime ((min)) Equipment Repaired Remark 00:00 1558 pipe handling equ syst -- other 0 00:00 Issue with blocks and pipe racking syste m
4229,15_9_F_11,C:\Users\user\Downloads\eilink_ra_ds\eilink_ra_ds\data\raw_pdfs\15_9_F_11_A_2013_05_29.pdf,2013-05-29,08:30,2627.0,drilling,drill,ok,5,EQUIPMENT_FAILURE(+4)|REPAIR(+1),"Drilled cement and new formation with restricted ROP 5 meter/hour from 2575 m MD to 2627m MD with 2807 liter/min, 164-168 bar, 155 rpm, 9-13 kNm, W OB 6-13 MT. At 11:30 hrs observed 50% new formation in returns. At 14:30 hrs observed 100% new formation in returns. Continue reporting on well F-11 B. Equipment Failure Information Start time Depth mMD Depth mTVD Sub Equip -- Syst Class Operation Downtime ((min)) Equipment Repaired Remark 00:00 3646 hoisting equ -- top drive 0 00:00 TDS not able to maintain rpm due to loss of power. 00:00 207 hoisting equ -- top drive 0 00:00 Discovered leak on TDS oil cooler, isolated hydraulic system and dismantled cooler. 00:00 14.3 hoisting equ -- top drive 0 00:00 Alignment cylinder Bit Record Run Bit IADC Manufacturer Hrs Start End Hole Made ((last Hours Drilled ((last Form Total Hole Total Hrs No.. Size Type Code Drilled mMD 2244HH)) 2244HH)) ROP Made Drilled 2 12.25 in QD507X M423 Hughes Christense 10.4 2585 2585 19.4 18.5 264 14.3 n"
4226,15_9_F_11,C:\Users\user\Downloads\eilink_ra_ds\eilink_ra_ds\data\raw_pdfs\15_9_F_11_A_2013_05_29.pdf,2013-05-29,00:00,2494.0,interruption,other,ok,5,EQUIPMENT_FAILURE(+4)|REPAIR(+1),Isolated TDS hydraulically. Repaired leaking hydraulic pipe fitting and installed overhauled hydraulic cooler.
4143,15_9_F_11,C:\Users\user\Downloads\eilink_ra_ds\eilink_ra_ds\data\raw_pdfs\15_9_F_11_A_2013_05_16.pdf,2013-05-16,00:00,2536.0,interruption --,,ok,5,EQUIPMENT_FAILURE(+4)|REPAIR(+1),Repaired leaking connection on hydraulic hose on top drive. maintain Meanwhile: Performed general maintanence and housekeeping.
4142,15_9_F_11,C:\Users\user\Downloads\eilink_ra_ds\eilink_ra_ds\data\raw_pdfs\15_9_F_11_A_2013_05_15.pdf,2013-05-15,17:30,2536.0,interruption,other,ok,5,EQUIPMENT_FAILURE(+4)|REPAIR(+1),Inspected top drive for hydraulic leak. Repaired leaking connection on hydraulic hose. Meanwhile: Performed general maintanence and housekeeping.
2623,15_9_19,C:\Users\user\Downloads\eilink_ra_ds\eilink_ra_ds\data\raw_pdfs\15_9_19_ST2_1993_04_14.pdf,1993-04-14,06:00,0.0,interruptio,,ok,5,EQUIPMENT_FAILURE(+4)|REPAIR(+1),"CHANGED OUT LEAKING SPM-VALVE, UAP CLOSING FUNCTION ON YELLOW POD. PREPARED BOP FOR RUNNING. MOVED BOP CARRIER IN PLACE. n -- repair"
2622,15_9_19,C:\Users\user\Downloads\eilink_ra_ds\eilink_ra_ds\data\raw_pdfs\15_9_19_ST2_1993_04_14.pdf,1993-04-14,03:00,0.0,interruptio,,ok,5,EQUIPMENT_FAILURE(+4)|REPAIR(+1),"PRESSURE TESTED LAP TO 20/345 BAR, 5/10 MINS. ATTEMPTED PRESSURE TESTING UAP, NEGATIVE ON LOW PRESSURE. OPERATED UAP 3 TIMES. PRESSURE TEST n -- repair ED UAP TO 20/240 BAR, 5/10 MINS. PRESSURE TESTED REMAINING FAIL SAFE VALVES AND SHEAR RAM TO 20/345 BAR, 5/10 MINS."
2619,15_9_19,C:\Users\user\Downloads\eilink_ra_ds\eilink_ra_ds\data\raw_pdfs\15_9_19_ST2_1993_04_13.pdf,1993-04-13,21:30,0.0,interruption,r,fail,5,state:fail(+5),"CHANGED OUT 2 EA SPM VALVES FOR LAP, ON YELLOW POD. epair"
2764,15_9_19,C:\Users\user\Downloads\eilink_ra_ds\eilink_ra_ds\data\raw_pdfs\15_9_19_ST2_1993_04_30.pdf,1993-04-30,05:30,0.0,interruption,maintain,fail,5,state:fail(+5),ELECTRICAL ASSIGNMENT PROBLEMS IN SCR ROOM FOR ANCHOR WINCHES.
2760,15_9_19,C:\Users\user\Downloads\eilink_ra_ds\eilink_ra_ds\data\raw_pdfs\15_9_19_ST2_1993_04_30.pdf,1993-04-30,00:30,158.0,plug abandon,circulat,fail,5,state:fail(+5),DISPLACED TO PACKER FLUID FROM 160M TO WELLHEAD. ing conditioning
2759,15_9_19,C:\Users\user\Downloads\eilink_ra_ds\eilink_ra_ds\data\raw_pdfs\15_9_19_ST2_1993_04_30.pdf,1993-04-30,00:00,158.0,interruption,repair,fail,5,state:fail(+5),"CIRCULATED DOWN DRILL PIPE AND UP RISER AT 1050 LPM. MAX GAS WAS 0,06% FROM DEPTH OF WELL HEAD (C1=491 PPM)"
2757,15_9_19,C:\Users\user\Downloads\eilink_ra_ds\eilink_ra_ds\data\raw_pdfs\15_9_19_ST2_1993_04_29.pdf,1993-04-29,22:30,158.0,interruption,rep,fail,5,state:fail(+5),"CIRCULATED DOWN DRILL PIPE AND UP RISER AT 1050 LPM. MAX GAS WAS 0,26% FROM DEPTH OF WELL HEAD (C1=1969 PPM) air"
2753,15_9_19,C:\Users\user\Downloads\eilink_ra_ds\eilink_ra_ds\data\raw_pdfs\15_9_19_ST2_1993_04_29.pdf,1993-04-29,19:00,158.0,interruption,rep,fail,5,state:fail(+5),"CIRCULATED DOWN CHOKE LINE AND UP RISER AT 1050 LPM. MAX GAS WAS 2.83% FROM BOTTOMS UP (C1=17242,C2=1412,C3=760,IC4=15 AND NC4=169 ALL PPM) air CIRCULATED GAS DOWN TO 0,12%. OBSERVED WELL FOR 30 MIN. CONTINUED CIRCULATION DOWN CHOKE UP RISER AT 1050 LPM. MAX GAS AT BOTTOMS UP WAS 0,19% ( ONLY C1=2036 PPM)."
2752,15_9_19,C:\Users\user\Downloads\eilink_ra_ds\eilink_ra_ds\data\raw_pdfs\15_9_19_ST2_1993_04_29.pdf,1993-04-29,18:00,158.0,interruption,rep,fail,5,state:fail(+5),"OPENED UPR AND RECORDED WELL ON TRIP TANK, GAINED 100 LTRS ON TRIP TANK AND GAS BOILED OUT OF RISER. air"
2751,15_9_19,C:\Users\user\Downloads\eilink_ra_ds\eilink_ra_ds\data\raw_pdfs\15_9_19_ST2_1993_04_29.pdf,1993-04-29,17:30,158.0,interruption,rep,fail,5,state:fail(+5),"OBSERVED WELL ON CHOKE MANIFOLD FOR 15 MIN. NO PRESSURE ON CHOKE, NO GAS READINGS IN TRIP TANK. air"
2726,15_9_19,C:\Users\user\Downloads\eilink_ra_ds\eilink_ra_ds\data\raw_pdfs\15_9_19_ST2_1993_04_27.pdf,1993-04-27,22:30,4305.0,interruption,repai,fail,5,state:fail(+5),"VENTLINE ON NBS/BJ SURGETANK PLUGGED UP WITH SEMISOLID CEMENT, UNPLUGGED SAME. r"
2714,15_9_19,C:\Users\user\Downloads\eilink_ra_ds\eilink_ra_ds\data\raw_pdfs\15_9_19_ST2_1993_04_26.pdf,1993-04-26,08:00,0.0,formation evaluation,rig,ok,5,EQUIPMENT_FAILURE(+4)|REPAIR(+1),PICKED UP AND BROKE OFF TUBING JOINT FROM SURFACE FLOW TREE AND SERVICE BROKE SAME. up/down
2711,15_9_19,C:\Users\user\Downloads\eilink_ra_ds\eilink_ra_ds\data\raw_pdfs\15_9_19_ST2_1993_04_26.pdf,1993-04-26,00:00,15.0,formation evaluation,rig,ok,5,EQUIPMENT_FAILURE(+4)|REPAIR(+1),POOH AND LAID DOWN TESTING STRING. SERVICE BROKE DST TOOLS AND PACKER WHILE POOH. up/down
2708,15_9_19,C:\Users\user\Downloads\eilink_ra_ds\eilink_ra_ds\data\raw_pdfs\15_9_19_ST2_1993_04_25.pdf,1993-04-25,01:30,4202.0,formation evaluation,rig up/down,ok,5,EQUIPMENT_FAILURE(+4)|REPAIR(+1),SERVICE BROKE AND LAID DOWN EZ-TREE. CLEARED DRILL FLOOR OF TESTING EQUIMENT .
4855,15_9_F_11,C:\Users\user\Downloads\eilink_ra_ds\eilink_ra_ds\data\raw_pdfs\15_9_F_11_B_2015_10_26.pdf,2015-10-26,22:00,0.0,workover,wire line,ok,5,EQUIPMENT_FAILURE(+4)|REPAIR(+1),Built lubricator horizontally using tugger and catwalk. Meanwhile built GIH. Equipment Failure Information Start Depth Sub Equip -- Syst Operation Equipment Remark time mMD mTVD Class Downtime ((min)) Repaired 00:00 4420 service equ -- other 0 00:00 Lost communication with perforation BHA # 3. Pulled assembly to surface and identified failure in cablehead connection. Cablehe ad cut and sent to shore for investigation.
4683,15_9_F_11,C:\Users\user\Downloads\eilink_ra_ds\eilink_ra_ds\data\raw_pdfs\15_9_F_11_B_2013_07_07.pdf,2013-07-07,21:30,0.0,completion,bop/wellhead equipment,ok,5,EQUIPMENT_FAILURE(+4)|REPAIR(+1),Removed A annulus test hose from wellhead deck. Installed split hatches onto riser on tensioner deck. Removed hatch from F-11. Transferred XMT from overhead crane TDS. Not able to run XMT through hatch. Equipment Failure Information Start time Depth mMD Depth mTVD Sub Equip -- Syst Class Operation Downtime ((min)) Equipment Repaired Remark 00:00 0 service equ -- wellhead tubular equ 0 00:00 Not able to lock RT into riser due to internal hydraulic leak i RT .
2542,15_9_19,C:\Users\user\Downloads\eilink_ra_ds\eilink_ra_ds\data\raw_pdfs\15_9_19_ST2_1993_04_04.pdf,1993-04-04,14:30,217.0,formation evaluation --,,ok,5,EQUIPMENT_FAILURE(+4)|REPAIR(+1),"PRESS TESTED BHA BELOW LPR-N VALVE AGAINST BLIND PLUG TO 200 BAR - NEG FOUND LEAK ON X-OVER ABOVE BLANKING PLUG, REPAIRED S drill stem test AME. PRESS TESTED AGAINST BLIND PLUG 200 BAR/15 MIN"
2528,15_9_19,C:\Users\user\Downloads\eilink_ra_ds\eilink_ra_ds\data\raw_pdfs\15_9_19_ST2_1993_04_02.pdf,1993-04-02,12:00,4200.0,interruption,repair,ok,5,EQUIPMENT_FAILURE(+4)|REPAIR(+1),"HRS WORKED ON REPAIRING LEAKING ST`S RECEIVED NEW ST WITH HELICOPTER, PRESS TESTED SAME ON DECK PRIOR TO P/U ON DRILL FLOOR"
2526,15_9_19,C:\Users\user\Downloads\eilink_ra_ds\eilink_ra_ds\data\raw_pdfs\15_9_19_ST2_1993_04_02.pdf,1993-04-02,07:00,4220.0,formation evaluation,rig,ok,5,EQUIPMENT_FAILURE(+4)|REPAIR(+1),SERVICE BROKE ST AND L/D SAME. P/U BACK-UP ST AND M/U TO TEST STRING. H/U CONTROL LINES AND FUNCTION TESTED ST. PRESS T up/down ESTED STRING AGAINST LPR-N TO 350 BAR/20 MIN.
2479,15_9_19,C:\Users\user\Downloads\eilink_ra_ds\eilink_ra_ds\data\raw_pdfs\15_9_19_ST2_1993_03_26.pdf,1993-03-26,04:30,173.0,drilling,drill,fail,5,state:fail(+5),"STARTED RIH WITH 3 1/2"" DRILLPIPE, COULD NOT FIND A X-OVER NEEDED TO PUT 7"" SCRAPER IN THE MIDDLE OF THE 3 1/2"" DRILL PIPE. POOH. (X-OVER 3 1/ 2""IF PINN X 4 1/2""FULL-HOLE PINN)"
2478,15_9_19,C:\Users\user\Downloads\eilink_ra_ds\eilink_ra_ds\data\raw_pdfs\15_9_19_ST2_1993_03_26.pdf,1993-03-26,04:00,0.0,drilling,drill,fail,5,state:fail(+5),"HAD TO CHANGE 3 1/2"" ELEVATORS. THE ELEVATORS THAT WERE MOUNTED DID NOT WORK."
2462,15_9_19,C:\Users\user\Downloads\eilink_ra_ds\eilink_ra_ds\data\raw_pdfs\15_9_19_ST2_1993_03_24.pdf,1993-03-24,01:00,0.0,drilling,drill,fail,5,state:fail(+5),"SLUGGED PIPE AND POOH. LAID DOWN 24 JOINTS OF 5"" DRILL PIPE WHILE POOH."
5259,15_9_F_11,C:\Users\user\Downloads\eilink_ra_ds\eilink_ra_ds\data\raw_pdfs\15_9_F_11_B_2016_09_24.pdf,2016-09-24,17:45,1944.0,interruption --,,ok,5,EQUIPMENT_FAILURE(+4)|REPAIR(+1),Located and repaired/changed leaking hose on aft PRS maintain
5244,15_9_F_11,C:\Users\user\Downloads\eilink_ra_ds\eilink_ra_ds\data\raw_pdfs\15_9_F_11_B_2016_09_23.pdf,2016-09-23,23:45,3050.0,plug aban,,ok,5,EQUIPMENT_FAILURE(+4)|REPAIR(+1),"R/B stand, P/U single and pump in assembly don -- ce ment plug Equipment Failure Information Start time Depth mMD Depth mTVD Sub Equip -- Syst Class Operation Downtime ((min)) Equipment Repaired Remark 00:00 2589 pipe handling equ syst -- drill floor tube handl syst 0 00:00 Troubleshoot and changed linear transducer on Iron roughneck"
5181,15_9_F_11,C:\Users\user\Downloads\eilink_ra_ds\eilink_ra_ds\data\raw_pdfs\15_9_F_11_B_2016_09_21.pdf,2016-09-21,23:00,0.0,plug abandon,,ok,5,EQUIPMENT_FAILURE(+4)|REPAIR(+1),"L/D lubricator, tool string, R/D sheaves -- other Equipment Failure Information Start time Depth mMD Depth mTVD Sub Equip -- Syst Class Operation Downtime ((min)) Equipment Repaired Remark 00:00 0 miscellaneous equ syst -- other 0 00:00 During pressure test leak observed on bleed off manifold"
5102,15_9_F_11,C:\Users\user\Downloads\eilink_ra_ds\eilink_ra_ds\data\raw_pdfs\15_9_F_11_B_2016_04_23.pdf,2016-04-23,22:25,2050.0,workover,wir,ok,5,EQUIPMENT_FAILURE(+4)|REPAIR(+1),"RIH w/ run #2 (563-700 Straddle-Resolve-TuffTRAC; max OD 5.63"" straddle) from surface to 2050 mMD. Performed PU every 500 m. e line Equipment Failure Information Start Depth Sub Equip -- Syst Operation Downtime Equipment Remark time mMD mTVD Class ((min)) Repaired 00:00 0 service equ -- other 0 00:00 N/A 00:00 0 service equ -- other 0 00:00 Grease injection pump not working properly. Unable to deliver sufficient grease pressure from pum p. 00:00 0 service equ -- other 0 00:00 Unable to open HMV with pump 00:00 0 service equ -- other 0 00:00 Leakage in O-ring on X-over between XMT and lower riser."
4954,15_9_F_11,C:\Users\user\Downloads\eilink_ra_ds\eilink_ra_ds\data\raw_pdfs\15_9_F_11_B_2015_11_02.pdf,2015-11-02,21:35,3860.0,workover,perf,ok,5,EQUIPMENT_FAILURE(+4)|REPAIR(+1),Swiched over to logging and performed first correlation pass at 10 m/min from 4030 to 3860 m. Run back in and repeated sequence for orientation of guns. Run back in wit orate h tractor. Equipment Failure Information Start Depth Sub Equip -- Syst Operation Downtime Equipment Remark time mMD mTVD Class ((min)) Repaired 00:00 2800 service equ -- other 0 00:00 Not able to get contact with tractor. Checked surface equipment and reconnected power supply. Power supply worked again. Perforation Information Time of Opening Well Perf Time of Closing Well Perf Top of Perf mMD Bottom of Perf Top of Perf TVD Bottom of Perf mMD TVD 07:00 3960 3969
4936,15_9_F_11,C:\Users\user\Downloads\eilink_ra_ds\eilink_ra_ds\data\raw_pdfs\15_9_F_11_B_2015_11_01.pdf,2015-11-01,23:30,4020.0,workover,perfor,ok,5,EQUIPMENT_FAILURE(+4)|REPAIR(+1),Tractored back down prior to position guns for perforation. ate Equipment Failure Information Start Depth Sub Equip -- Syst Operation Downtime Equipment Remark time mMD mTVD Class ((min)) Repaired 00:00 3570 service equ -- other 0 00:00 Altus computer froze. Had to restart computer to be able to continue to RIH with tractor. 00:00 3986 service equ -- other 0 00:00 Had trouble with the tractor power supply. Synergi will be linked when complete 00:00 0 service equ -- other 0 00:00 Not able to communicate properly with Altus VPM. 00:00 2800 service equ -- other 0 00:00 Leak on the one drum for the hose running from the grease skid up to GIH. Isolated same and continued POOH with only o ne hose injecting grease to GIH.
2707,15_9_19,C:\Users\user\Downloads\eilink_ra_ds\eilink_ra_ds\data\raw_pdfs\15_9_19_ST2_1993_04_25.pdf,1993-04-25,00:00,4212.0,formation evaluation,rig up/down,ok,5,EQUIPMENT_FAILURE(+4)|REPAIR(+1),SERVICE BROKE AND LAID DOWN LUB.VALVE. POOH AND LAID DOWN LANDING STRING.
2640,15_9_19,C:\Users\user\Downloads\eilink_ra_ds\eilink_ra_ds\data\raw_pdfs\15_9_19_ST2_1993_04_16.pdf,1993-04-16,01:30,443.0,formation eval,,fail,5,state:fail(+5),"PRESSURE TESTED SURFACE LINES TO 20/345 BAR. ATTEMPTED PRESSURE TESTING DST-STRING AGAINST LPR-N. 20 BAR OK. 345 BAR, NEGATIVE, PRESSURE DRO uation -- drill s PPED 0,5 BAR/SEC. tem test"
2638,15_9_19,C:\Users\user\Downloads\eilink_ra_ds\eilink_ra_ds\data\raw_pdfs\15_9_19_ST2_1993_04_15.pdf,1993-04-15,10:30,404.0,formation,,ok,5,EQUIPMENT_FAILURE(+4)|REPAIR(+1),"CLEANED RIG FLOOR AND PREPARED FOR RUNNING DST-STRING. RIH WITH DST-BHA. PRESSURE TESTED RTTS-PACKER, LPR-N, BUNDLE CARRIER AND FU evaluation -- rig up/ LL-FLO BYPASS VALVE TO 200 BAR/10 MINS. SERVICE BROKE AND CHECKED EACH CONNECTION ON 4 3/4"" DC. down"
2628,15_9_19,C:\Users\user\Downloads\eilink_ra_ds\eilink_ra_ds\data\raw_pdfs\15_9_19_ST2_1993_04_14.pdf,1993-04-14,20:30,105.0,interruptio,,fail,5,state:fail(+5),"SPACED OUT AND MADE UP SPRING LOADED TOOL AND RIH TO RETRIEVE SEAL ASSEMBLY. LANDED OFF IN WELLHEAD. CLOSED LAP AND ESTABLISHED CIRCULATION n -- repair DOWN KILL, UP CHOKE LINE. PULLED BACK TO RETRIEVE SEAL ASSEMBLY, NO PRESSURE BUILD-UP. POOH, MISRUN."
5511,15_9_F_11,C:\Users\user\Downloads\eilink_ra_ds\eilink_ra_ds\data\raw_pdfs\15_9_F_11_T2_2013_03_27.pdf,2013-03-27,07:30,0.0,interruption --,,ok,5,EQUIPMENT_FAILURE(+4)|REPAIR(+1),"Prepared for changing out fast-line sheave in crown block. Transferred high-torque tools to derrick. Loosened all bolts on sheave and secured same in de maintain rrick. Meanwhile: Performed general rig maintenance, changed wires on overhead cranes, detected leakage on BOP annular function and trouble shoot same."
2461,15_9_19,C:\Users\user\Downloads\eilink_ra_ds\eilink_ra_ds\data\raw_pdfs\15_9_19_ST2_1993_03_24.pdf,1993-03-24,00:00,3207.0,drilling,circulating,fail,5,state:fail(+5),FINISHED CIRCULATING BOTTOMS UP. conditioning
2460,15_9_19,C:\Users\user\Downloads\eilink_ra_ds\eilink_ra_ds\data\raw_pdfs\15_9_19_ST2_1993_03_23.pdf,1993-03-23,23:00,3207.0,drilling,circulatin,fail,5,state:fail(+5),STARTED CIRCULATING BOTTOMS UP. g conditioning
2459,15_9_19,C:\Users\user\Downloads\eilink_ra_ds\eilink_ra_ds\data\raw_pdfs\15_9_19_ST2_1993_03_23.pdf,1993-03-23,22:30,3207.0,drilling,drill,fail,5,state:fail(+5),"CONTINUED RIH AND HAD A SINGLE POINT OF TORQUE INCREASE FROM 5200NM TO 9600NM AT 3205M, BEFORE HITTING LINER TOP AT 3207M. HIT TOP OF LINE R AT 3207M, (HAD TORQUE INCREASE FROM 5200NM TO 7400NM) AND DRESSED SAME WITH MAX TORQUE 11000NM."
2458,15_9_19,C:\Users\user\Downloads\eilink_ra_ds\eilink_ra_ds\data\raw_pdfs\15_9_19_ST2_1993_03_23.pdf,1993-03-23,20:00,2770.0,drilling,drill,fail,5,state:fail(+5),"RE-RACKED 3 1/2"" DRILL PIPE IN DERRICK."
2457,15_9_19,C:\Users\user\Downloads\eilink_ra_ds\eilink_ra_ds\data\raw_pdfs\15_9_19_ST2_1993_03_23.pdf,1993-03-23,15:00,2770.0,drilling,drill,fail,5,state:fail(+5),"MADE UP PBR AND TOP DRESS MILL (DRESSED WITH TUBE-LOCK ON MILL SURFACES), PICKED UP 3 JOINTS 6 1/2"" DRILL COLLARS AND RIH TO 2770M."
2455,15_9_19,C:\Users\user\Downloads\eilink_ra_ds\eilink_ra_ds\data\raw_pdfs\15_9_19_ST2_1993_03_23.pdf,1993-03-23,08:00,0.0,interruption,rep,fail,5,state:fail(+5),CIRCULATED KILL/CHOKE LINES AND CYCLE RAMS ON BOP WHILE PREPARING TO RUN CCL/JUNKBASKET/GAUGERING. air
2454,15_9_19,C:\Users\user\Downloads\eilink_ra_ds\eilink_ra_ds\data\raw_pdfs\15_9_19_ST2_1993_03_23.pdf,1993-03-23,06:00,0.0,formation evaluati,,fail,5,state:fail(+5),"RIGGED UP TO RUN GR/CCL/CBL/VDL, RIGGED DOWN SAME DUE TO DRILL PIPE FLOAT FALLING INTO WELL. on -- log"
2449,15_9_19,C:\Users\user\Downloads\eilink_ra_ds\eilink_ra_ds\data\raw_pdfs\15_9_19_ST2_1993_03_22.pdf,1993-03-22,17:30,4607.0,drilling,drill,fail,5,state:fail(+5),"DRILLED EXCESS CEMENT IN 7"" LINER FROM 4588M TO 4607M."
2447,15_9_19,C:\Users\user\Downloads\eilink_ra_ds\eilink_ra_ds\data\raw_pdfs\15_9_19_ST2_1993_03_22.pdf,1993-03-22,11:30,4529.0,drilling,drill,fail,5,state:fail(+5),CIRCULATED REMAINDER OF THICK MUD OUT OF WELL UNTIL SURFACE SYSTEMS WERE OPERATING PROPERLY.
2446,15_9_19,C:\Users\user\Downloads\eilink_ra_ds\eilink_ra_ds\data\raw_pdfs\15_9_19_ST2_1993_03_22.pdf,1993-03-22,06:00,4529.0,drilling,drill,fail,5,state:fail(+5),FINISHED CLEANING SHAKERS AND FLOW LINE OF THICK MUD.
2445,15_9_19,C:\Users\user\Downloads\eilink_ra_ds\eilink_ra_ds\data\raw_pdfs\15_9_19_ST2_1993_03_22.pdf,1993-03-22,03:00,4529.0,drilling,drill,fail,5,state:fail(+5),"FIRST ROUND CIRCULATION ARRIVED AT SURFACE, AND IT WAS SO THICK IT MADE THE SHAKER TRAYS OVERFLOW. CLEANED SHAKERS F ROM THICK MUD."
5313,15_9_F_11,C:\Users\user\Downloads\eilink_ra_ds\eilink_ra_ds\data\raw_pdfs\15_9_F_11_B_2016_09_25.pdf,2016-09-25,23:15,0.0,plug abandon,c,ok,5,EQUIPMENT_FAILURE(+4)|REPAIR(+1),RIH w/ 9 5/8in casing cutter BHA (run#18) to 805m. Average tripping speed 1070m/hour ut Equipment Failure Information Start time Depth mMD Depth mTVD Sub Equip -- Syst Class Operation Downtime ((min)) Equipment Repaired Remark 00:00 20 mud and bulk syst -- mud supply 0 00:00 Unable to control mud pumps from rig floor due to PLC issue
2599,15_9_19,C:\Users\user\Downloads\eilink_ra_ds\eilink_ra_ds\data\raw_pdfs\15_9_19_ST2_1993_04_10.pdf,1993-04-10,23:00,104.0,interruption,r,fail,5,state:fail(+5),"POOH. CLOSED SHEAR RAM. ATTEMPTED PRESSURE TESTING SHEAR RAM, NEG. epair"
2595,15_9_19,C:\Users\user\Downloads\eilink_ra_ds\eilink_ra_ds\data\raw_pdfs\15_9_19_ST2_1993_04_10.pdf,1993-04-10,16:30,104.0,interruption,r,fail,5,state:fail(+5),"RIH TO RETRIEVE WEAR BUSHING. ENGAGED WEAR BUSHING. POOH, LEFT WEAR BUSHING IN WELLHEAD. REPEATED ATTEMPT TO RETRIEVE WEAR BUSHING, NE epair GATIVE."
2592,15_9_19,C:\Users\user\Downloads\eilink_ra_ds\eilink_ra_ds\data\raw_pdfs\15_9_19_ST2_1993_04_10.pdf,1993-04-10,11:30,0.0,interruption,r,fail,5,state:fail(+5),INSTALLED NEW KILL HOSE. PRESSURE TESTED SAME TO 345 BAR/15 MINS. epair
2384,15_9_19,C:\Users\user\Downloads\eilink_ra_ds\eilink_ra_ds\data\raw_pdfs\15_9_19_ST2_1993_03_14.pdf,1993-03-14,18:30,57.0,interruption,r,fail,5,state:fail(+5),HAD PROBLEMS WITH GEAR BOX ON ATLAS WIRELINE UNIT. epair
2349,15_9_19,C:\Users\user\Downloads\eilink_ra_ds\eilink_ra_ds\data\raw_pdfs\15_9_19_ST2_1993_03_10.pdf,1993-03-10,18:00,105.0,interruption,r,fail,5,state:fail(+5),"ATTEMPTED FUNCTIONING UPR AND MPR WITH ACOUSTIC FROM THE BRIDGE, GOT ERRATIC RESPONSE/NO VERIFICATION OF OPERATION. VERIFIED CLOSED RAM epair S BY OPENING SAME FROM THE KOOMEY UNIT."
2342,15_9_19,C:\Users\user\Downloads\eilink_ra_ds\eilink_ra_ds\data\raw_pdfs\15_9_19_ST2_1993_03_10.pdf,1993-03-10,06:00,1667.0,interruption,m,fail,5,state:fail(+5),RE-ARRANGED SET-BACK IN DERRICK. aintain
2308,15_9_19,C:\Users\user\Downloads\eilink_ra_ds\eilink_ra_ds\data\raw_pdfs\15_9_19_ST2_1993_03_07.pdf,1993-03-07,13:00,700.0,interruption,maintain,fail,5,state:fail(+5),RAPAIRED UPPER RACKING ARM.
5680,15_9_F_11,C:\Users\user\Downloads\eilink_ra_ds\eilink_ra_ds\data\raw_pdfs\15_9_F_11_T2_2013_04_17.pdf,2013-04-17,22:00,1780.0,interruption,waiting on we,ok,5,EQUIPMENT_FAILURE(+4)|REPAIR(+1),"Waited on weather. ather Not able to back load cuttings from ISO tanks to supply vessel due to heavy wind and sea. Meanwhile: Circulated with 1420 liter/min, 65 bar. Equipment Failure Information Start time Depth mMD Depth mTVD Sub Equip -- Syst Class Operation Downtime ((min)) Equipment Repaired Remark 00:00 0 miscellaneous equ syst -- other 0 00:00 Installed wash pipe 00:00 1264.8 mud and bulk syst -- mud mixing storage 0 00:00 Leak on longitudinal flowline on main deck. 00:00 1400 miscellaneous equ syst -- other 0 00:00 5 ea. cuttings screw conveyors plugged up. 00:00 1500 miscellaneous equ syst -- other 0 00:00 Lost power supply from generators"
5650,15_9_F_11,C:\Users\user\Downloads\eilink_ra_ds\eilink_ra_ds\data\raw_pdfs\15_9_F_11_T2_2013_04_13.pdf,2013-04-13,02:30,1264.8,interruption,other,ok,5,EQUIPMENT_FAILURE(+4)|REPAIR(+1),Stopped drilling and repaired leak.
5629,15_9_F_11,C:\Users\user\Downloads\eilink_ra_ds\eilink_ra_ds\data\raw_pdfs\15_9_F_11_T2_2013_04_10.pdf,2013-04-10,18:00,139.0,interruption,repair,ok,5,EQUIPMENT_FAILURE(+4)|REPAIR(+1),Troubleshot leak in surface lines. Replaced lo-torq valve. Pressure tested lines and hose to 150 bar / 10 min.
5623,15_9_F_11,C:\Users\user\Downloads\eilink_ra_ds\eilink_ra_ds\data\raw_pdfs\15_9_F_11_T2_2013_04_10.pdf,2013-04-10,03:30,127.0,interruption,repair,ok,5,EQUIPMENT_FAILURE(+4)|REPAIR(+1),Repaired broken spindle on riser guide funnel. Meanwhile: Worked with installation of new washpipe.
5611,15_9_F_11,C:\Users\user\Downloads\eilink_ra_ds\eilink_ra_ds\data\raw_pdfs\15_9_F_11_T2_2013_04_08.pdf,2013-04-08,22:00,65.0,interruption,wait,ok,5,EQUIPMENT_FAILURE(+4)|REPAIR(+1),Broke out connection between riser joints #6 and #7 and inspected same. Replaced o-ring.
5571,15_9_F_11,C:\Users\user\Downloads\eilink_ra_ds\eilink_ra_ds\data\raw_pdfs\15_9_F_11_T2_2013_04_04.pdf,2013-04-04,14:00,656.0,drilling,casing,ok,5,EQUIPMENT_FAILURE(+4)|REPAIR(+1),"Ran in hole with 20"" casing from 201 m MD to 656 m MD. Average running speed 3-5 joints/hour. Filled every joint with SW. Performed pre-job meeting with oncoming crews prior to run 20"". Checked all equipment and barriers. Equipment Failure Information Start Depth Sub Equip -- Syst Class Operation Downtime Equipment Remark time mMD mTVD ((min)) Repaired 00:00 454 hoisting equ -- crown block 0 00:00 Detected unusual noise from crown block fast-line sheave. Inspected and found bearings to have failed. 00:00 460 mud and bulk syst -- mud supply 0 00:00 All mud motors shut down simultanously. Awaiting report from Maersk. 00:00 36 pipe handling equ syst -- drill floor tube han 0 00:00 Not able to pick up casing joints from pipedeck to catwalk. Awaiting report from Maersk. dl syst"
5567,15_9_F_11,C:\Users\user\Downloads\eilink_ra_ds\eilink_ra_ds\data\raw_pdfs\15_9_F_11_T2_2013_04_04.pdf,2013-04-04,09:30,188.0,drilling,casing,ok,5,EQUIPMENT_FAILURE(+4)|REPAIR(+1),Replaced TDS wash pipe and pressure tested same to 100 bar / 10 minutes. Meanwhile changed leaking hydraulic fittings on elevators.
5519,15_9_F_11,C:\Users\user\Downloads\eilink_ra_ds\eilink_ra_ds\data\raw_pdfs\15_9_F_11_T2_2013_03_29.pdf,2013-03-29,00:00,0.0,interruption --,,ok,5,EQUIPMENT_FAILURE(+4)|REPAIR(+1),Continued installing fast-line sheave in derrick. maintain Meanwhile: Repaired leakage on BOP annular function. Prepared to function test same.
5518,15_9_F_11,C:\Users\user\Downloads\eilink_ra_ds\eilink_ra_ds\data\raw_pdfs\15_9_F_11_T2_2013_03_28.pdf,2013-03-28,15:00,0.0,interruption,ma,ok,5,EQUIPMENT_FAILURE(+4)|REPAIR(+1),"Transferred fast-line sheave from drill floor to derrick. Installed sheave. intain Meanwhile: Performed general rig maintenance, trouble shoot leakage on BOP annular function."
5515,15_9_F_11,C:\Users\user\Downloads\eilink_ra_ds\eilink_ra_ds\data\raw_pdfs\15_9_F_11_T2_2013_03_28.pdf,2013-03-28,06:00,0.0,interruption,ma,ok,5,EQUIPMENT_FAILURE(+4)|REPAIR(+1),Repaired failed fast line sheave and re-assembled bearing assembly. intain Meanwhile: Performed service and visual inspection of forward and aft Pipe Racking System. Continued BOP annular repair. Tested backup MWD tools. Serviced TDS t ravelling block and dolly. Repaired TDS hangoff wire.
5514,15_9_F_11,C:\Users\user\Downloads\eilink_ra_ds\eilink_ra_ds\data\raw_pdfs\15_9_F_11_T2_2013_03_28.pdf,2013-03-28,00:00,0.0,interruption,ma,ok,5,EQUIPMENT_FAILURE(+4)|REPAIR(+1),"Transferred fast-line sheave from derrick to drill floor, and lifted same from rig floor to welders workshop. intain Meanwhile: Performed general rig maintenance, trouble shoot leakage on BOP annular function."
5513,15_9_F_11,C:\Users\user\Downloads\eilink_ra_ds\eilink_ra_ds\data\raw_pdfs\15_9_F_11_T2_2013_03_27.pdf,2013-03-27,19:30,0.0,interruption --,,ok,5,EQUIPMENT_FAILURE(+4)|REPAIR(+1),"Prepared for transferring fast-line sheave from derrick to drill floor. maintain Meanwhile: Performed general rig maintenance, trouble shoot leakage on BOP annular function."
2140,15_9_19,C:\Users\user\Downloads\eilink_ra_ds\eilink_ra_ds\data\raw_pdfs\15_9_19_ST2_1993_01_27.pdf,1993-01-27,17:00,34.0,drilling,casing,fail,5,state:fail(+5),"ATTEMPTED TO RUN IN WITH GUNS, NEGATIVE. HUNG UP AT 34 M. POOH. INSTALLED CENTRALIZER."
2134,15_9_19,C:\Users\user\Downloads\eilink_ra_ds\eilink_ra_ds\data\raw_pdfs\15_9_19_ST2_1993_01_27.pdf,1993-01-27,07:30,0.0,interruption,m,fail,5,state:fail(+5),"ATTEMPTED TO RELEASE JAMMED SEAL ASSEMBLY FROM RUNNING TOOL, NEGATIVE. aintain"
2112,15_9_19,C:\Users\user\Downloads\eilink_ra_ds\eilink_ra_ds\data\raw_pdfs\15_9_19_ST2_1993_01_25.pdf,1993-01-25,12:30,0.0,drilling,casing,fail,5,state:fail(+5),M/U BAKER CEMENT RETAINER AND RIH TO 85M. PIPE DID NOT FILL. POOH AND L/D RETAINER.
2099,15_9_19,C:\Users\user\Downloads\eilink_ra_ds\eilink_ra_ds\data\raw_pdfs\15_9_19_ST2_1993_01_24.pdf,1993-01-24,06:00,0.0,interruption,other,fail,5,state:fail(+5),"RIGGED UP WIRELINE. RIH WITH GYRO, UNABLE TO PASS 1230M. POOH."
2078,15_9_19,C:\Users\user\Downloads\eilink_ra_ds\eilink_ra_ds\data\raw_pdfs\15_9_19_ST2_1993_01_20.pdf,1993-01-20,21:00,0.0,drilling,casing,ok,5,EQUIPMENT_FAILURE(+4)|REPAIR(+1),"SERVICE-BROKE TAM-PACKER, L/D ON DECK"
2048,15_9_19,C:\Users\user\Downloads\eilink_ra_ds\eilink_ra_ds\data\raw_pdfs\15_9_19_ST2_1993_01_17.pdf,1993-01-17,17:30,3569.0,drilling,casi,fail,5,state:fail(+5),"DISPLACED CEMENT WITH 1,55 SG PETROFREE MUD PUMPING WITH RIG PUMPS. PRESS BUILD UP TO 190 BAR AFTER 89,9 M3 PUMPED. CALCULATED VOLUME 1 ng 26,2 M3 TO BUMP PLUG."
6043,15_9_F_12,C:\Users\user\Downloads\eilink_ra_ds\eilink_ra_ds\data\raw_pdfs\15_9_F_12_2007_06_20.pdf,2007-06-20,22:30,0.0,drilling,bop/wellhea,ok,5,EQUIPMENT_FAILURE(+4)|REPAIR(+1),"Rigged TDS with long slings for running diverter. Removed master bushing. Lifted diverter into diverter housing. d equipment Failure Information Start time Depth mMD Depth mTVD Sub Equip -- Syst Class Operation Downtime ((min)) Equipment Repaired Remark 00:00 140 hoisting equ -- top drive 0 00:00 Hydraulic leak on TDS. Repair time / downtime 0,5 hrs."
6022,15_9_F_12,C:\Users\user\Downloads\eilink_ra_ds\eilink_ra_ds\data\raw_pdfs\15_9_F_12_2007_06_18.pdf,2007-06-18,21:30,21.0,drilling,bop/,ok,5,EQUIPMENT_FAILURE(+4)|REPAIR(+1),"Picked up Stress joint / DCI joint - 1st double, by simultaneous lift by deckcrane and TDS. Landed double in spider. Removed handling flange and installed guide rods on flange, installe wellhead equi d gasket ring. Picked up 2nd double and landed on flange. Made up nuts according to Bandak procedure. pment Equipment Failure Information Start Depth Sub Equip -- Syst Class Operation Downtime Equipment Remark time mMD mTVD ((min)) Repaired 00:00 0 material handling syst -- dec 0 00:00 Halted opertion due to problem with FWD PORT crane. Not able to start lifting in 30"" conductor joints from pipedeck t k cranes o drillfloor. 00:00 251 service equ -- cementing uni 0 00:00 Cement control screen froze / hung up after accidentally overpressuring the unit. Pressure was released physically b t ut the software did not accept it."
6013,15_9_F_12,C:\Users\user\Downloads\eilink_ra_ds\eilink_ra_ds\data\raw_pdfs\15_9_F_12_2007_06_18.pdf,2007-06-18,11:30,140.0,interruption --,,ok,5,EQUIPMENT_FAILURE(+4)|REPAIR(+1),Repaired hydraulic leak on TDS. other
5980,15_9_F_12,C:\Users\user\Downloads\eilink_ra_ds\eilink_ra_ds\data\raw_pdfs\15_9_F_12_2007_06_16.pdf,2007-06-16,19:30,96.0,drilling,casing,ok,5,EQUIPMENT_FAILURE(+4)|REPAIR(+1),"Ran 30"" conductor shoe joint, 6 x intermediate joints and ST-2 x RL-4 x-over from RT to 96 m MD. Checked float - ok. Equipment Failure Information Start Depth Sub Equip -- Syst Class Operation Downtime Equipment Remark time mMD mTVD ((min)) Repaired 00:00 0 pipe handling equ syst -- vertical pipe handling eq 0 00:00 Problems with PRS. PRS outputs a signal that the pipe has been set down, when u syst it is not. Bit Record Run Bit Type IADC Manufacturer Hrs Start End Hole Made ((last Hours Drilled ((last Form Total Hole Total Hrs No.. Size Code Drilled mMD 2244HH)) 2244HH)) ROP Made Drilled 1 36 in HOLEOPEN 435X Smith Red Baro 1.6 250 250 5 5 8 1.6 n 1 17.5 in GS03BDODGVC 415X Smith 1.6 250 250 5 5 8 1.6 PD International"
5948,15_9_F_11,C:\Users\user\Downloads\eilink_ra_ds\eilink_ra_ds\data\raw_pdfs\15_9_F_11_T2_2013_05_15.pdf,2013-05-15,11:00,2586.0,drilling,drill,ok,5,EQUIPMENT_FAILURE(+4)|REPAIR(+1),"Kicked off to F-11 A by drilling from 2578m MD to 2586m MDwith 1800 lpm, 120 bar and 60 rpm. 50% cement / formation in returns verified at 2586m M D. ****Transferred operations to F-11 A**** Equipment Failure Information Start Depth Sub Equip -- Syst Operation Downtime Equipment Remark time mMD mTVD Class ((min)) Repaired 00:00 2570 miscellaneous equ syst - 0 00:00 NOV service engineer was onboard to trouble shoot problems lately discovered in the rigs V-icis system. - other To continue with failure analysis a fail over test had to be performed. This was done after the BHA was pulled into th e shoe and lasted 1,25 h. Maer"
5869,15_9_F_11,C:\Users\user\Downloads\eilink_ra_ds\eilink_ra_ds\data\raw_pdfs\15_9_F_11_T2_2013_05_08.pdf,2013-05-08,23:30,4562.0,drilling,other,ok,5,EQUIPMENT_FAILURE(+4)|REPAIR(+1),Picked up and made up wireline toolstring #2 (Gyro). Performed prejob tests. Equipment Failure Information Start time Depth mMD Depth mTVD Sub Equip -- Syst Class Operation Downtime ((min)) Equipment Repaired Remark 00:00 1780 miscellaneous equ syst -- other 0 00:00 Was unable to start screw conveyor when about to backload cuttings to boat .
5862,15_9_F_11,C:\Users\user\Downloads\eilink_ra_ds\eilink_ra_ds\data\raw_pdfs\15_9_F_11_T2_2013_05_07.pdf,2013-05-07,23:15,4562.0,drilling,circulating,ok,5,EQUIPMENT_FAILURE(+4)|REPAIR(+1),"Staged up pumps to 2300 lpm and 154 bar. Circulated bottoms up with 60 rpm. conditioning Equipment Failure Information Start Depth Sub Equip -- Syst Operation Equipment Remark time mMD mTVD Class Downtime ((min)) Repaired 00:00 2424 drill floor -- draw wor 0 00:00 0600 hrs the ET was called to the floor because the driller faced problems with draw work. ks Investigation showed that the draw work motors torque up attempting to take the load from the draw work brake, but when the b reak released the casing lowered 2-3 Bit Record Run Bit IADC Manufacturer Hrs Start End Hole Made ((last Hours Drilled ((last Form Total Hole Total Hrs No.. Size Type Code Drilled mMD 2244HH)) 2244HH)) ROP Made Drilled 11 8.5 in QD606F M323 Hughes Christense 112.7 2577 2577 17.6 17.6 1985 112.7 X n 12 8.5 in RC347 347 Hughes Christense 4562 4562 n"
5820,15_9_F_11,C:\Users\user\Downloads\eilink_ra_ds\eilink_ra_ds\data\raw_pdfs\15_9_F_11_T2_2013_05_03.pdf,2013-05-03,18:00,4162.0,drilling,drill,ok,5,EQUIPMENT_FAILURE(+4)|REPAIR(+1),"Drilled and orientated 8 1/2"" hole from 4084m to 4162m with 2200 lpm, 209-211 bar, 180 rpm, 19-21 kNm, WOB 1-5 MT, ECD 1.45-1.46 sg. Average ROP: 13 m/hr. Equipment Failure Information Start Depth Sub Equip -- Operation Equipment Remark time mMD mTVD Syst Class Downtime Repaired ((min)) 00:00 901 hoisting equ -- top 0 00:00 While running 14"" 169.65 kg/m casing a bolt on one out of four U-clamps sheared off. Potential 0.12kg*4m*9.81=5J. drive Series of event. Came down with top drive to approximately 3 m to P/U 14"" csg. joint. Moved horizontal tubular feeding machine in and tilte 00:00 15 service equ -- spe 0 00:00 When attempting to test SoundTrack (APX) tools it was found that the software was not updated in tool from the UK sector and incombateble with the cial service equ OnTrack tool. Updated software in APX and OnTrack with assistance from onshore org. The component does NOT 00:00 2629 service equ -- spe 0 00:00 De-coding error - High speed decoding need a start up sequence to decode.When starting to drill the 8 1/2"" section startup sequence inisiated by it se cial service equ lf. After picking up of bottom to make connection startup sequence did NOT inisiate. Found decoding sequen"
5732,15_9_F_11,C:\Users\user\Downloads\eilink_ra_ds\eilink_ra_ds\data\raw_pdfs\15_9_F_11_T2_2013_04_24.pdf,2013-04-24,01:00,901.0,interruption,rep,ok,5,EQUIPMENT_FAILURE(+4)|REPAIR(+1),Isolated drilling equipment replaced broken U-clamp and inspected remaining three U-clamps. No wear or damage observed. air
2392,15_9_19,C:\Users\user\Downloads\eilink_ra_ds\eilink_ra_ds\data\raw_pdfs\15_9_19_ST2_1993_03_15.pdf,1993-03-15,20:30,3512.0,interruption,repa,fail,5,state:fail(+5),"WHILE REPLACING TRANSMISSION ON ATLAS UNIT: TENSIONED UP, RETERMINATED AND LANDED CABLE IN DRILL PIPE. SLUGGED PIPE. ir"
1962,15_9_19,C:\Users\user\Downloads\eilink_ra_ds\eilink_ra_ds\data\raw_pdfs\15_9_19_ST2_1993_01_06.pdf,1993-01-06,09:30,3188.0,interrupti,,fail,5,state:fail(+5),"ATTEMPTED TO TAKE SURVEY, NEGATIVE. LOST 40 MINUTES. on -- side track"
1952,15_9_19,C:\Users\user\Downloads\eilink_ra_ds\eilink_ra_ds\data\raw_pdfs\15_9_19_ST2_1993_01_06.pdf,1993-01-06,00:00,3141.0,interrupti,,fail,5,state:fail(+5),UNABLE TO OBTAIN READABLE SIGNALS FROM MWD. 45 MIN LOST TIME. on -- rep air
1930,15_9_19,C:\Users\user\Downloads\eilink_ra_ds\eilink_ra_ds\data\raw_pdfs\15_9_19_ST2_1993_01_03.pdf,1993-01-03,20:00,3137.0,interruption,repair,fail,5,state:fail(+5),UNABLE TO OBTAIN TOOL PHASE FOR STEARING. MUD PUMP NO 1 DOWN. TO MUCH NOISE IN SYSTEM TO OBTAIN READABLE SIGNAL FROM MWD.
1861,15_9_19,C:\Users\user\Downloads\eilink_ra_ds\eilink_ra_ds\data\raw_pdfs\15_9_19_ST2_1992_12_25.pdf,1992-12-25,18:00,2968.0,interruption,lost c,fail,5,state:fail(+5),RAN IN FROM 2952M TO 2968M. ESTABLISHED ROTATION AND CIRCULATION. ONLY PARTIAL RETURNS WHEN PUMPING MORE THAN 1200 LPM. irculation
1853,15_9_19,C:\Users\user\Downloads\eilink_ra_ds\eilink_ra_ds\data\raw_pdfs\15_9_19_ST2_1992_12_24.pdf,1992-12-24,00:00,1485.0,interruption,maint,fail,5,state:fail(+5),INVESTIGATED ALARM ON TDS. FOUND AIR BLOWER HOSE TO HAVE JUMPED OFF. RE-INSTALLED SAME. ain
6279,15_9_F_12,C:\Users\user\Downloads\eilink_ra_ds\eilink_ra_ds\data\raw_pdfs\15_9_F_12_2007_07_16.pdf,2007-07-16,09:30,0.0,interruption,maintain,ok,5,EQUIPMENT_FAILURE(+4)|REPAIR(+1),Replaced broken dog collar links.
6193,15_9_F_12,C:\Users\user\Downloads\eilink_ra_ds\eilink_ra_ds\data\raw_pdfs\15_9_F_12_2007_07_10.pdf,2007-07-10,15:45,1369.0,drilling,drill,ok,5,EQUIPMENT_FAILURE(+4)|REPAIR(+1),"RIH to TD, circulated hole clean with SW 4500 lpm 165 bar, 80 rpm, 8 - 12 KNm. One mud pump out of services. Equipment Failure Information Start Depth Sub Equip -- Syst Class Operation Downtime Equipment Remark time mMD mTVD ((min)) Repaired 00:00 376 miscellaneous equ syst -- subsea inspectio 0 00:00 Oil leakage. Pulled ROV for repair. n syst 00:00 376 pipe handling equ syst -- drill floor tube han 0 00:00 Mærsk synergi # 76443 - nearmis 3½"" DP came out of single latch and leaned over the wind dl syst wall. Mærsk gradering: Green 10 Under udlægning af 3½"" DP, faldt en dobble std ud af DP parkering finger og lagde sig tvers over drill floor. Banksman stod ca. 0,5 -"
6170,15_9_F_12,C:\Users\user\Downloads\eilink_ra_ds\eilink_ra_ds\data\raw_pdfs\15_9_F_12_2007_07_07.pdf,2007-07-07,16:15,376.0,interruption --,,ok,5,EQUIPMENT_FAILURE(+4)|REPAIR(+1),"Racked back one std due to ROV failure. Meanwhile circ at reduced rate 2013 lpm, 21.4 bars SPP. Inspected TDS. Terminated operation. Due to one double 3 ½"" DP came out of other derrick single latch and leaned over the windwall across the drill floor. Meanwhile continued repairing ROV."
6142,15_9_F_12,C:\Users\user\Downloads\eilink_ra_ds\eilink_ra_ds\data\raw_pdfs\15_9_F_12_2007_07_04.pdf,2007-07-04,18:30,1350.0,drilling,casing,ok,5,EQUIPMENT_FAILURE(+4)|REPAIR(+1),"MU cement stinger to 3 1/2"" DP and RIH. Stabbed into conductor housing assisted by ROV. When RIH with 338 m of 3 1/2"" DP, crossed over to 5 1/2"" and continu ed RIH with cement stinger. Equipment Failure Information Start Depth Sub Equip -- Syst Operation Downtime Equipment Remark time mMD mTVD Class ((min)) Repaired 00:00 0 pipe handling equ syst -- 0 00:00 Under vedlikeholdsarbeid ble styrestrømmen til PLS'ene isolert. Da erbeidet var ferdig og styrestrømmen tilbakeført other , virket ikke PRS'ene."
6141,15_9_F_12,C:\Users\user\Downloads\eilink_ra_ds\eilink_ra_ds\data\raw_pdfs\15_9_F_12_2007_07_04.pdf,2007-07-04,17:30,0.0,interruption,other,ok,5,EQUIPMENT_FAILURE(+4)|REPAIR(+1),Trouble-shooted and repaired PRS software failure.
6075,15_9_F_12,C:\Users\user\Downloads\eilink_ra_ds\eilink_ra_ds\data\raw_pdfs\15_9_F_12_2007_06_25.pdf,2007-06-25,00:00,0.0,drilling,wait,ok,5,EQUIPMENT_FAILURE(+4)|WAIT(+1),Waiting on trouble-shooting of raw water pump failure. Meanwhile worked on flowline valve and actuator and stopped observed leakage.
6074,15_9_F_12,C:\Users\user\Downloads\eilink_ra_ds\eilink_ra_ds\data\raw_pdfs\15_9_F_12_2007_06_24.pdf,2007-06-24,12:00,0.0,drilling,wai,ok,5,EQUIPMENT_FAILURE(+4)|WAIT(+1),"Waiting on trouble-shooting of raw water pump failure. t -Meanwhile removed master busing, installed 18"" and 10"" diverter inserts and re-installed master bushing. -Meanwhile worked with mechanic on TDS. -Meanwhile observed leak rate of 250 l/hour. Found leaking valve on flowline valve. Actuator misaligned and unable to fully close flowline -Meanwhile dumped pit 6 (active) and filled with fresh seawater. Dressed all 6 shakers with 20/80 mesh screens."
6073,15_9_F_12,C:\Users\user\Downloads\eilink_ra_ds\eilink_ra_ds\data\raw_pdfs\15_9_F_12_2007_06_24.pdf,2007-06-24,06:00,0.0,drilling,trip,ok,5,EQUIPMENT_FAILURE(+4)|REPAIR(+1),"MU and RB 3 1/2"" DP. Meanwhile trouble-shooted raw water pump failure and performed rig maintenance, housekeeping and monitored well on trip tank. Found leak rate of 200 l/hour ."
6070,15_9_F_12,C:\Users\user\Downloads\eilink_ra_ds\eilink_ra_ds\data\raw_pdfs\15_9_F_12_2007_06_23.pdf,2007-06-23,17:30,112.0,drilling,wait,ok,5,EQUIPMENT_FAILURE(+4)|REPAIR(+1),"Raw water pumpe failed and left rig with only 1 out of 3 pumpes available. Due to the criticality of the pump delivering firewater, cooling water etc the drilling operation is p ostphoned until the pump is replaced. -Meanwhile held tool box meeting to install diverter elements. Removed master bushing and replaced torn 22"" outer diverter elements by new 18"" elements. -Meanwhile held tool box meeting prior to POOH. POOH with 8 1/2"" BHA from 212 m to 32 m. -Meanwhile cleared rig floor before handling radioactive sources. Removed batteries. - Meanwhile continued POOH to 17 m. Bit Record Run Bit IADC Manufacturer Hrs Start End Hole Made ((last Hours Drilled ((last Form Total Hole Total Hrs No.. Size Type Code Drilled mMD 2244HH)) 2244HH)) ROP Made Drilled 2 12.25 in HP21G 217 REED 3 250 250 6.2"
6051,15_9_F_12,C:\Users\user\Downloads\eilink_ra_ds\eilink_ra_ds\data\raw_pdfs\15_9_F_12_2007_06_21.pdf,2007-06-21,09:00,180.0,interruption,other,ok,5,EQUIPMENT_FAILURE(+4)|REPAIR(+1),"Worked to function flowline isolation valve. Meanwhile : -Changed conveyer belt on HTS -Treated pit #5,#6 and #7 with H2S scavanger -Laid out HPDR on pipedeck Equipment Failure Information Start time Depth mMD Depth mTVD Sub Equip -- Syst Class Operation Downtime ((min)) Equipment Repaired Remark 00:00 0 hoisting equ -- top drive 0 00:00 Had to make repairs on TDS. Simultaneously installed new flowline isolation valve actuator. 00:00 0 hoisting equ -- top drive 0 00:00 Changed dye brackets on TDS."
2183,15_9_19,C:\Users\user\Downloads\eilink_ra_ds\eilink_ra_ds\data\raw_pdfs\15_9_19_ST2_1993_02_01.pdf,1993-02-01,07:30,0.0,interruption,maintai,fail,5,state:fail(+5),HAD TO STOP ANCHOR HANDLING DUE TO FAUTY TYRISTOR IN SCR. CHANGED SAME. n
6444,15_9_F_12,C:\Users\user\Downloads\eilink_ra_ds\eilink_ra_ds\data\raw_pdfs\15_9_F_12_2007_07_29.pdf,2007-07-29,09:45,1337.0,drilling,trip,ok,5,TIGHT_HOLE(+3)|text:swabbing(+2),"POOH with 17 1/2"" drillling BHA on 5 1/2"" DP from 1337m to 1335 m MD. Tight hole at 1335 m MD when stabilizer entering shoetrack. Unable to pull without swabbing."
1841,15_9_19,C:\Users\user\Downloads\eilink_ra_ds\eilink_ra_ds\data\raw_pdfs\15_9_19_ST2_1992_12_21.pdf,1992-12-21,06:00,250.0,interruption,si,fail,5,state:fail(+5),"CONTINUED MAKING UP BOTTOMHOLE ASSEMBLY. ORIENTED TOOL FACE. RAN IN TO 250M. ATTEMPTED TESTING THE MWD TOOL, NEGATIVE. detrack"
876,15_9_19,C:\Users\user\Downloads\eilink_ra_ds\eilink_ra_ds\data\raw_pdfs\15_9_19_B_1997_12_06.pdf,1997-12-06,14:30,2911.0,interruption,fish,fail,5,state:fail(+5),DRILLED CMT. FROM 2903 - 2911 M; DRESSING-OFF SIDETRACK PLUG.
875,15_9_19,C:\Users\user\Downloads\eilink_ra_ds\eilink_ra_ds\data\raw_pdfs\15_9_19_B_1997_12_06.pdf,1997-12-06,12:00,2903.0,interruption,fish,fail,5,state:fail(+5),CONTINUED TO WASH/REAM FROM 2730 - 2903 M; TAGGED TOP OF SIDETRACK PLUG Ø 2903 M.
874,15_9_19,C:\Users\user\Downloads\eilink_ra_ds\eilink_ra_ds\data\raw_pdfs\15_9_19_B_1997_12_06.pdf,1997-12-06,10:00,2730.0,interruption,repair,fail,5,state:fail(+5),WASH/REAM FROM 2600 - 2730 M. HAD TO WORK THROUGH OBSTRUCTION/LEDGE Ø 2714 M.
871,15_9_19,C:\Users\user\Downloads\eilink_ra_ds\eilink_ra_ds\data\raw_pdfs\15_9_19_B_1997_12_05.pdf,1997-12-05,22:00,23.0,interrupti,,fail,5,state:fail(+5),PU NEW BUTTON BIT & BACK-UP MOTOR DUE TO EARLIER MISHAP. FOUND SOLIDS- 90% CMT.-PACKED IN MWD'S IN-LINE SCREEN. TESTED MOTOR & MWD - OK. on -- rep air
869,15_9_19,C:\Users\user\Downloads\eilink_ra_ds\eilink_ra_ds\data\raw_pdfs\15_9_19_B_1997_12_05.pdf,1997-12-05,15:30,2716.0,interrupti,,fail,5,state:fail(+5),"WHILE RIH, DRILLER RAN INTO OBSTRUCTION AT 2716M. SET DOWN 50 TON, THIS INCLUDES PARTIAL WT. OF TDS/BLOCK. PULLED FREE WITH 30TON O.PULL. STOOD BACK on -- rep 1 STD. & TRIED TO ESTABLISH CIRC.BIT OR DRILLSTRING PLUGGED EVENTUALLY ABLE TO PARTIALLY/MOMENTARILY UNPLUG WITH 241 BAR BUT BIT- STRING PLUGGED A air GAIN.TRIED TO BREAK PLUG W/275 BAR - UNSUCCESSFUL."
6429,15_9_F_12,C:\Users\user\Downloads\eilink_ra_ds\eilink_ra_ds\data\raw_pdfs\15_9_F_12_2007_07_27.pdf,2007-07-27,21:45,2444.0,interruption,,ok,5,EQUIPMENT_FAILURE(+4)|REPAIR(+1),"Had leakage on TDS washpipe. Installed manual slips. Installed side entry circulation sub. Connected cement hose and circulated 1300 lpm while working on washpipe. Parked topdriv -- other e and changed washpipe. Equipment Failure Information Start Depth Sub Equip -- Operation Equipment Remark time mMD mTVD Syst Class Downtime Repaired ((min)) 00:00 1859 mud and bulk sys 0 00:00 During drilling the 17 1/2"" section, mudpump#2 had to be shut down due to washout in one of the suction valve seats. Drilling had to be halted as mud p t -- mud supply ump #1 was being repaired due to breakdown the same day. Only mud pump #3 up and running which was not su 00:00 2146 mud and bulk sys 0 00:00 Mudpumps 1 & 2 shut down. t -- mud supply 00:00 2486 hoisting equ -- to 0 00:00 Leakage on TDS washpipe p drive"
6425,15_9_F_12,C:\Users\user\Downloads\eilink_ra_ds\eilink_ra_ds\data\raw_pdfs\15_9_F_12_2007_07_27.pdf,2007-07-27,03:00,2417.0,drilling,dri,ok,5,EQUIPMENT_FAILURE(+4)|REPAIR(+1),"Due to decreasing ROP, picked 0,3 m off bottom to clean the bit. Increased pump rate to 4700 lpm and rotated at 220 rpm and held for 10 mins. Got problems with mud pump #3, took p ll ump out of service, reciprocated on stand pumping 2000 lpm. Lined up mud pump #2. RIH and stepped up pumps to 4500 lpm for commencement of drilling."
6420,15_9_F_12,C:\Users\user\Downloads\eilink_ra_ds\eilink_ra_ds\data\raw_pdfs\15_9_F_12_2007_07_26.pdf,2007-07-26,03:30,2150.0,interruptio,,ok,5,EQUIPMENT_FAILURE(+4)|REPAIR(+1),"Troubleshot problems with mudpumps, isolated one pump at the time. Problem with mud pump #2, took pump out of service. Attempted to drill ahead using mud pump #1 and #3. Got prob n -- other lem with mud pump #1."
6418,15_9_F_12,C:\Users\user\Downloads\eilink_ra_ds\eilink_ra_ds\data\raw_pdfs\15_9_F_12_2007_07_25.pdf,2007-07-25,18:00,2080.0,drilling,drill,ok,5,EQUIPMENT_FAILURE(+4)|REPAIR(+1),"Continued drilling 17 1/2"" hole from 1959 m to 2080 m MD. Drilling parameters : Flow 4500 lpm / SPP 246 bar / 180 rpm / 3-4 MT WOB / 21 kNm / ECD 1,37-1,38. Performed survey and reamed stand on connection. Downlinked Powerdrive as required. Meanwhile ROV attached DCI hose to subsea clumpweights - ok. Equipment Failure Information Start Depth Sub Equip -- Syst Class Operation Downtime Equipment Remark time mMD mTVD ((min)) Repaired 00:00 1422 mud and bulk syst -- mud solids c 0 00:00 Conveyer belt bringing cuttings to dump shute stopped. Cuttings piled up and jammed the belt. Had t ontrol o stop drilling. 00:00 1959 hoisting equ -- top drive 0 00:00 Changed die retainer plates on TDS"
6407,15_9_F_12,C:\Users\user\Downloads\eilink_ra_ds\eilink_ra_ds\data\raw_pdfs\15_9_F_12_2007_07_24.pdf,2007-07-24,23:00,1859.0,interruption --,,ok,5,EQUIPMENT_FAILURE(+4)|REPAIR(+1),"Mud pump #1 down failed, washout in valve seat, shut down pump. Mud pump #1 also out of service. Had to stop drilling. Reciprocated on stand while working on mud pump #2. other"
6401,15_9_F_12,C:\Users\user\Downloads\eilink_ra_ds\eilink_ra_ds\data\raw_pdfs\15_9_F_12_2007_07_23.pdf,2007-07-23,19:00,1354.0,interruption,,ok,5,EQUIPMENT_FAILURE(+4)|REPAIR(+1),"Made modifications to cuttings conveyer belt : -- other -Cut and fitted drainage hatch -Prepared IBC underneath drain -Fit bracket for flushing with fire hoses -Narrowed orifice of discharge shute Meanwhile serviced top drive. Tested path for cuttings transport and fluid discharge through the DCI system - ok. Static losses 30 l/hrs. Equipment Failure Information Start Depth Sub Equip -- Syst Class Operation Downtime Equipment Remark time mMD mTVD ((min)) Repaired 00:00 0 pipe handling equ syst -- other 0 00:00 Broke dog collar links when handling 26"" drilling BHA. Fixed and continued operation. Do wntime 0,5 hrs. 00:00 217 pipe handling equ syst -- vertical pipe handling 0 00:00 - equ syst"
6383,15_9_F_12,C:\Users\user\Downloads\eilink_ra_ds\eilink_ra_ds\data\raw_pdfs\15_9_F_12_2007_07_22.pdf,2007-07-22,23:30,1431.0,drilling,drill,ok,5,EQUIPMENT_FAILURE(+4)|REPAIR(+1),Continued cycling rate at 3800/4500 lpm to set Powerdrive. Continued drilling from 1422 m to 1431 m MD. Equipment Failure Information Start time Depth mMD Depth mTVD Sub Equip -- Syst Class Operation Downtime ((min)) Equipment Repaired Remark 00:00 1355 mud and bulk syst -- hp equipment 0 00:00 Worked on standpipe valves.
6351,15_9_F_12,C:\Users\user\Downloads\eilink_ra_ds\eilink_ra_ds\data\raw_pdfs\15_9_F_12_2007_07_21.pdf,2007-07-21,07:45,1100.0,interruption,other,ok,5,EQUIPMENT_FAILURE(+4)|REPAIR(+1),Leakage observed on mudpump #1. Liner spray on mudpump #3 not working. Repaired mudpumps.
6286,15_9_F_12,C:\Users\user\Downloads\eilink_ra_ds\eilink_ra_ds\data\raw_pdfs\15_9_F_12_2007_07_16.pdf,2007-07-16,20:00,0.0,drilling,bop/wellhead,ok,5,EQUIPMENT_FAILURE(+4)|REPAIR(+1),Prepared and picked up Tie Back Connector and stress jnt. Made up Tie Back Connector and stress jnt. equipment Failure Information Start time Depth mMD Depth mTVD Sub Equip -- Syst Class Operation Downtime ((min)) Equipment Repaired Remark 00:00 1045 pipe handling equ syst -- other 0 00:00 -
6853,15_9_F_12,C:\Users\user\Downloads\eilink_ra_ds\eilink_ra_ds\data\raw_pdfs\15_9_F_12_2007_09_03.pdf,2007-09-03,22:30,0.0,drilling --,,ok,5,EQUIPMENT_FAILURE(+4)|REPAIR(+1),"Hung off RTTS in rotary and made up to stand of 5 1/2"" HWDP. Installed automatic slips. casing Equipment Failure Information Start Depth Sub Equip -- Syst Class Operation Equipment Remark time mMD mTVD Downtime ((min)) Repaired 00:00 3177 miscellaneous equ syst -- other 0 00:00 Performed FG inspection due to falling lock nut. 00:00 798 pipe handling equ syst -- drill floor t 0 00:00 Found leakage on hydraulic fitting on BX3 elevator. Changed hydraulic fitting and bolt head connection for return line ube handl syst on 10 3/4"" BX3 elevator. Downtime 0,75 hrs."
6818,15_9_F_12,C:\Users\user\Downloads\eilink_ra_ds\eilink_ra_ds\data\raw_pdfs\15_9_F_12_2007_08_31.pdf,2007-08-31,23:30,0.0,drilling,casing,ok,5,EQUIPMENT_FAILURE(+4)|REPAIR(+1),"Made up Wear Bushing Running and Retrieving Tool (WBRRT) to stand of 5 1/2"" HWDP. Checked tool. Equipment Failure Information Start time Depth mMD Depth mTVD Sub Equip -- Syst Class Operation Downtime ((min)) Equipment Repaired Remark 00:00 1748 drill floor -- draw works 0 00:00 Brakes on draw work unable to release. Bit Record Run Bit IADC Manufacturer Hrs Start End Hole Made ((last Hours Drilled ((last Form Total Hole Total Hrs No.. Size Type Code Drilled mMD 2244HH)) 2244HH)) ROP Made Drilled 16 6 in N.A. Unknown"
6727,15_9_F_12,C:\Users\user\Downloads\eilink_ra_ds\eilink_ra_ds\data\raw_pdfs\15_9_F_12_2007_08_25.pdf,2007-08-25,14:00,3352.0,drilling,trip,ok,5,EQUIPMENT_FAILURE(+4)|REPAIR(+1),Initiated Stethoscope and commenced taking pressure points according to Schlumberger procedure. Took 6 pressure points before midnight Equipment Failure Information Start Depth Sub Equip -- Syst Operation Downtime Equipment Remark time mMD mTVD Class ((min)) Repaired 00:00 3430 service equ -- mud 0 00:00 During taking pressure points in reservoir. Geoservices unit shut down due to two gas detectors activated. Caused by wat logging equ er in on of two the gas detectors. The gas detector was overrided and the unit was re-booted. The geoservices unit having one gas det
6719,15_9_F_12,C:\Users\user\Downloads\eilink_ra_ds\eilink_ra_ds\data\raw_pdfs\15_9_F_12_2007_08_24.pdf,2007-08-24,06:00,3457.0,drilling,drill,ok,5,EQUIPMENT_FAILURE(+4)|REPAIR(+1),"Continued drilling 8½"" hole from 3200 m to 3457 m . Parameters: 2200 lpm, 208-215 bars SPP 130-140 rpm, 17-23 KNm, 3-8 MT WOB, 15-28 m/hr ROP, 1.46-1.47 ECD. Equipment Failure Information Start Depth Sub Equip -- Syst Operation Equipment Remark time mMD mTVD Class Downtime ((min)) Repaired 00:00 1586 pipe handling equ sy 0 00:00 RIH w/ 8½"" BHA on 5"" DP. Changed out surface handling equipment to run w/ 5½"" DP. Trouble shot PS-21 slips, could not rectify proble st -- other m in table, changed out slips to PS-30 slips. 00:00 3480 hoisting equ -- top dr 0 00:00 Drilling 8½"" hole @3480m. Wash pipe, washed out pulled 1 stand up to 3441m and installed a pump in sub, established circulation at 1 ive 900 lpm had good returns over the shackers with cuttings. Held tool box talk prior to change out wash pipe. Commenced cha"
6672,15_9_F_12,C:\Users\user\Downloads\eilink_ra_ds\eilink_ra_ds\data\raw_pdfs\15_9_F_12_2007_08_20.pdf,2007-08-20,23:30,3113.0,drilling,cas,ok,5,EQUIPMENT_FAILURE(+4)|REPAIR(+1),"Displaced cement with 51.36 m³ (2341strokes) OBM at 2500 lpm, bumped plug, FCP 52 bar. Wiper plug sheared @ 1181 strokes and 250 bar. Rotated 20 rpm, final torque 20 kNm. ing Equipment Failure Information Start Depth Sub Equip -- Operation Equipment Remark time mMD mTVD Syst Class Downtime ((min)) Repaired 00:00 3113 service equ -- ce 0 00:00 During mixing of cement, when chemical were supposed to be added. No communication between chemical injection software and mixing pump. menting unit Through dialog with Halliburton town the system was re-booted and the job performed."
6635,15_9_F_12,C:\Users\user\Downloads\eilink_ra_ds\eilink_ra_ds\data\raw_pdfs\15_9_F_12_2007_08_17.pdf,2007-08-17,06:00,3080.0,drilling,drill,ok,5,EQUIPMENT_FAILURE(+4)|REPAIR(+1),"Continued drilling 12 1/4"" hole from 3030 m to 3080 m MD with 1.40 sg OBM, 3540 lpm, 239-241 bar, 140 rpm, 10-45 kNm, 7-10 MT WOB, ECD 1.40-1.41, ROP 2-5 m/ hr. Down linked and performed survey as required. Equipment Failure Information Start time Depth mMD Depth mTVD Sub Equip -- Syst Class Operation Downtime ((min)) Equipment Repaired Remark 00:00 3017 pipe handling equ syst -- vertical pipe handling equ syst 0 00:00 Wash pipe started leaking during drilling of the 12 1/4"" section."
6627,15_9_F_12,C:\Users\user\Downloads\eilink_ra_ds\eilink_ra_ds\data\raw_pdfs\15_9_F_12_2007_08_15.pdf,2007-08-15,23:45,2964.0,drilling,drill,ok,5,EQUIPMENT_FAILURE(+4)|REPAIR(+1),"Drilled 12 1/4"" hole from 2855 m to 2965 m MD with 1.35 sg OBM, 3430 lpm, 215 bar, 150 rpm, 20-45 kNm, 8-9 MT WOB, ECD 1.38-1.39, ROP 5-9 m/hr. Equipment Failure Information Start Depth Sub Equip -- Operation Equipment Remark time mMD mTVD Syst Class Downtime Repaired ((min)) 00:00 2576 service equ -- spe 0 00:00 MWD was working but transmission signal was very weak. Trouble-shot to find probable noise source. The sinal was excellent befor the well was displ cial service equ aced to OBM. Found signal to be present at low flow rates. Managed to minipulate drilling parameters to have 00:00 2965 service equ -- mu 0 00:00 In an attempt to clean out the rig drains, water entered the geoservices unit through the sink. Due to a carpet blocking the drain, the water flooded the u d logging equ nit and resulted in av black-out."
6626,15_9_F_12,C:\Users\user\Downloads\eilink_ra_ds\eilink_ra_ds\data\raw_pdfs\15_9_F_12_2007_08_15.pdf,2007-08-15,19:45,2963.0,interruption --,,ok,5,EQUIPMENT_FAILURE(+4)|REPAIR(+1),Trouble shot MWD transmission failure. Worked mud pumps at different rates and different configurations while rotated and resiprocated pipe. Down linked tool to 3 bit signal densit repair y. Started with bit on bottom and reduced pump rate to keep tool in sync. Got good signal with valid drilling parameters.
6623,15_9_F_12,C:\Users\user\Downloads\eilink_ra_ds\eilink_ra_ds\data\raw_pdfs\15_9_F_12_2007_08_14.pdf,2007-08-14,19:30,2842.0,drilling,drill,ok,5,EQUIPMENT_FAILURE(+4)|REPAIR(+1),"Drilled 12 1/4"" hole from 2811 m to 2842 m MD with 1.35 sg OBM, 3560 lpm, 220-224 bar, 150 rpm, 30-37 kNm, 7-10 MT WOB, ECD 1.38, ROP 2-14 m/hr. Down linked and p erformed survey as required. Meanwhile built stds of 5"" DP in derrick with forward PRS. Equipment Failure Information Start Depth Sub Equip -- Syst Class Operation Downtime Equipment Remark time mMD mTVD ((min)) Repaired 00:00 2771 pipe handling equ syst -- drill floor tube handl s 0 00:00 Mærsk Synergi #85482 - incident - Mærsk grading Green 1 - Dies on pipehandler fell out yst The dies from the TDS pipehandler came out while unscrewing TDS due to torque wrench not unclamping. Repaired die carrier and implemented new procedure to release 00:00 2811 pipe handling equ syst -- vertical pipe handling 0 00:00 During connection the forward PRS blocked the way of the aft PRS. equ syst"
6606,15_9_F_12,C:\Users\user\Downloads\eilink_ra_ds\eilink_ra_ds\data\raw_pdfs\15_9_F_12_2007_08_13.pdf,2007-08-13,00:00,2576.0,interruption --,,ok,5,EQUIPMENT_FAILURE(+4)|REPAIR(+1),Continued to trouble shoot MWD transmision failure. Down linked tool to 3 bit signal density. Started with bit on bottom and reduced pump rate to keep tool in sync. Got good signal wit repair h valid drilling parameters.
6605,15_9_F_12,C:\Users\user\Downloads\eilink_ra_ds\eilink_ra_ds\data\raw_pdfs\15_9_F_12_2007_08_12.pdf,2007-08-12,19:15,2576.0,interruption -,,ok,5,EQUIPMENT_FAILURE(+4)|REPAIR(+1),"Trouble shot MWD transmission failure. Worked mud pumps at different rates and different configurations while rotated and resiprocated pipe. Bleed down and increased pressure on pu - repair lsation dampners, 300 psi/1100 psi. Closed one stand pipe. Managed to get good signal. Equipment Failure Information Start time Depth mMD Depth mTVD Sub Equip -- Syst Class Operation Downtime ((min)) Equipment Repaired Remark 00:00 1327 drillstring downhole -- other 0 00:00 Float did not hold pressure."
6522,15_9_F_12,C:\Users\user\Downloads\eilink_ra_ds\eilink_ra_ds\data\raw_pdfs\15_9_F_12_2007_08_02.pdf,2007-08-02,20:15,236.0,drilling,casi,ok,5,EQUIPMENT_FAILURE(+4)|REPAIR(+1),"Ran 14"" casing according to tally from 68 m to 236 m MD. Filled every joint while running. Average running speed 3-4 jnts/hr. ng Equipment Failure Information Start time Depth mMD Depth mTVD Sub Equip -- Syst Class Operation Downtime ((min)) Equipment Repaired Remark 00:00 830 pipe handling equ syst -- drill floor tube handl syst 0 00:00 Burst hose on iron roughneck"
6491,15_9_F_12,C:\Users\user\Downloads\eilink_ra_ds\eilink_ra_ds\data\raw_pdfs\15_9_F_12_2007_07_31.pdf,2007-07-31,23:30,2572.5,drilling,d,ok,5,EQUIPMENT_FAILURE(+4)|REPAIR(+1),Circulated bottoms up at 4500 lpm to obtain bottom sample. rill Equipment Failure Information Start time Depth mMD Depth mTVD Sub Equip -- Syst Class Operation Downtime ((min)) Equipment Repaired Remark 00:00 40 pipe handling equ syst -- vertical pipe handling equ syst 0 00:00 Problems with fingerboard 00:00 2535 mud and bulk syst -- mud supply 0 00:00 Failure on MP#1 and #3
6474,15_9_F_12,C:\Users\user\Downloads\eilink_ra_ds\eilink_ra_ds\data\raw_pdfs\15_9_F_12_2007_07_30.pdf,2007-07-30,21:15,2238.0,drilling,trip,ok,5,EQUIPMENT_FAILURE(+4)|REPAIR(+1),"RIH with 17 1/2"" drilling BHA on 5 1/2 DP from 1345 m to 2238 m MD - hole condition good. Equipment Failure Information Start Depth Sub Equip -- Operation Equipment Remark time mMD mTVD Syst Class Downtime Repaired ((min)) 00:00 38 service equ -- spe 0 00:00 Could not realease RA source in ADN. Decided to pull RA source regardless with the possible implication that the ADN tool could not be run as there wa cial service equ s no spare transfer shield onboard. RA source came out without shearing when using tugger to release. The 00:00 9 hoisting equ -- top 0 00:00 Had to check TDS due to unexpected noise while rotating. Changed gear oil on TDS. drive"
6456,15_9_F_12,C:\Users\user\Downloads\eilink_ra_ds\eilink_ra_ds\data\raw_pdfs\15_9_F_12_2007_07_30.pdf,2007-07-30,00:45,9.0,drilling,trip,ok,5,EQUIPMENT_FAILURE(+4)|REPAIR(+1),"Broke out an laid down ADN, Sonic and ARC tools. RIH with Powerdrive and hung off same in rotary. Cleared drillfloor and prepared for service on TDS."
6454,15_9_F_12,C:\Users\user\Downloads\eilink_ra_ds\eilink_ra_ds\data\raw_pdfs\15_9_F_12_2007_07_29.pdf,2007-07-29,23:45,0.0,drilling,trip,ok,5,EQUIPMENT_FAILURE(+4)|REPAIR(+1),"Picked up 17 1/2"" drilling BHA and lifted above rotary. Inspected bit. Prepared for breaking bit. Equipment Failure Information Start time Depth mMD Depth mTVD Sub Equip -- Syst Class Operation Downtime ((min)) Equipment Repaired Remark 00:00 2486 mud and bulk syst -- mud supply 0 00:00 Mud pumnps #2 and #3 out of service. Bit Record Run Bit IADC Manufacturer Hrs Start End Hole Made ((last Hours Drilled ((last Form Total Hole Total Hrs No.. Size Type Code Drilled mMD 2244HH)) 2244HH)) ROP Made Drilled 6 17.5 in RSX616 M322 Reed-Hycalog 53.8 1369 1369 21.3 21.3 1144 53.8 M"
811,15_9_19,C:\Users\user\Downloads\eilink_ra_ds\eilink_ra_ds\data\raw_pdfs\15_9_19_B_1997_11_29.pdf,1997-11-29,17:00,3241.0,interruption --,,fail,5,state:fail(+5),TOP DRIVE WOULD NOT ROTATE. INVESTIGATED PROBLEM AND CORRECTED SAME. maintain
806,15_9_19,C:\Users\user\Downloads\eilink_ra_ds\eilink_ra_ds\data\raw_pdfs\15_9_19_B_1997_11_28.pdf,1997-11-28,13:30,3248.0,interruption -,,fail,5,state:fail(+5),"WORKED STRING WITH REDUCED PUMP RATE WHILE MIXING LCM PILL. BEGAN EXPERIENCING ERRATIC TORQUE AND LOSSES OF 12 M3/HR. PICKED UP TO 3248M WHE - lost circulat RE COMPLETE RETURNS WERE LOST AND PIPE STUCK - NO RETURNS, NO ROTATION, NO RECIPROCATION POSSIBLE. ion"
805,15_9_19,C:\Users\user\Downloads\eilink_ra_ds\eilink_ra_ds\data\raw_pdfs\15_9_19_B_1997_11_28.pdf,1997-11-28,11:00,3272.0,interruption -,,fail,5,state:fail(+5),AT 3272 METERS STARTED LOSING MUD AT 20-30 M3/HR. PICKED UP FROM BOTTOM - NO UNUSUAL DRAG. REDUCED PUMP RATE TO 800 LPM. STILL LOSING MUD. QUIT - lost circulat CIRCULATING AND MONITORED ANNULUS ON TRIP TANK. HOLE STAYING FULL. STAGED PUMPS TO 600 LPM WHERE MUD LOSSES RESUMED. RACKED BACK 1 STAND. R ion EDUCED RATE TO 300 LPM WITH FULL RETURNS. MIXED LCM PILL.
797,15_9_19,C:\Users\user\Downloads\eilink_ra_ds\eilink_ra_ds\data\raw_pdfs\15_9_19_B_1997_11_27.pdf,1997-11-27,21:00,3103.0,drilling,drill,fail,5,state:fail(+5),CUTTINGS TRANSPORT PIPE TO BAGGING STATION PLUGGED - CLEARED SAME (NOT DUE TO ANY LARGE VOLUME OF CUTTINGS AT THE TIME).
795,15_9_19,C:\Users\user\Downloads\eilink_ra_ds\eilink_ra_ds\data\raw_pdfs\15_9_19_B_1997_11_27.pdf,1997-11-27,13:00,3054.0,interruption,lost cir,fail,5,state:fail(+5),WASHED DOWN TO 2973M. DRILLED SOFT TO FIRM CEMENT 2973M TO 3054M. CIRCULATION RATE 1500 LPM. ECD 1.59-1.60 SG. NO LOSSES. culation
794,15_9_19,C:\Users\user\Downloads\eilink_ra_ds\eilink_ra_ds\data\raw_pdfs\15_9_19_B_1997_11_27.pdf,1997-11-27,10:00,2920.0,interruption,lost cir,fail,5,state:fail(+5),EXCESSIVE CUTTINGS AND CAVINGS AT SHAKERS. CIRCULATED UNTIL CUTTINGS VOLUME DECREASED AND ECD REDUCED FROM 1.63 SG TO 1.59 SG culation . CIRCULATION RATE 1500 LPM - 1000 LPM - 1500 LPM.
793,15_9_19,C:\Users\user\Downloads\eilink_ra_ds\eilink_ra_ds\data\raw_pdfs\15_9_19_B_1997_11_27.pdf,1997-11-27,06:00,2920.0,interruption,lost cir,fail,5,state:fail(+5),CONTINUED WASHING DOWN FROM 2651M TO 2920M WITH 1500 LPM PUMP RATE. culation
792,15_9_19,C:\Users\user\Downloads\eilink_ra_ds\eilink_ra_ds\data\raw_pdfs\15_9_19_B_1997_11_27.pdf,1997-11-27,05:00,2651.0,interruption,lost cir,fail,5,state:fail(+5),"BEGAN WASHING TO BOTTOM FROM 2600 M. 1500 LPM PUMP RATE - NO LOSSES. ECD FROM ANNULAR PRESSURE SUB 1.58 SG EMW. NO GAINS, NO L culation OSSES OF MUD FOR THE DAY."
791,15_9_19,C:\Users\user\Downloads\eilink_ra_ds\eilink_ra_ds\data\raw_pdfs\15_9_19_B_1997_11_27.pdf,1997-11-27,03:30,2600.0,interruption,lost cir,fail,5,state:fail(+5),CONTINUED RIH. NO OBSTRUCTIONS IN HOLE. culation
790,15_9_19,C:\Users\user\Downloads\eilink_ra_ds\eilink_ra_ds\data\raw_pdfs\15_9_19_B_1997_11_27.pdf,1997-11-27,02:30,2150.0,interruption,lost cir,fail,5,state:fail(+5),CIRCULATED BOTTOMS UP. MAX. GAS 7%. ECD AT 2000 LPM FROM ANNULAR PRESSURE SUB 1.59 SG EMW (CALCULATED 1.57 SG EMW.) ORIENTED M culation OTOR TO PASS THROUGH WINDOW.
789,15_9_19,C:\Users\user\Downloads\eilink_ra_ds\eilink_ra_ds\data\raw_pdfs\15_9_19_B_1997_11_27.pdf,1997-11-27,00:00,2150.0,interruption,lost cir,fail,5,state:fail(+5),CONTINUED RIH. culation
6905,15_9_F_12,C:\Users\user\Downloads\eilink_ra_ds\eilink_ra_ds\data\raw_pdfs\15_9_F_12_2007_09_08.pdf,2007-09-08,20:30,2253.0,drilling,casing,ok,5,EQUIPMENT_FAILURE(+4)|REPAIR(+1),"Continued to run 10 3/4"" tie-back casing from 1920 m to 2253 m MD. Equipment Failure Information Start Depth Sub Equip -- Syst Class Operation Equipment Remark time mMD mTVD Downtime ((min)) Repaired 00:00 1505 pipe handling equ syst -- drill floor t 0 00:00 Prb. with conveyer belt ube handl syst 00:00 1920 pipe handling equ syst -- vertical pi 0 00:00 During casing handling the Monkey arm on the HTS jammed in upper position. Operations had to be halted. Evidently a softwa pe handling equ syst re problem. Was fixed by the Mærsk ET technican. Downtime 0,5 hrs."
6897,15_9_F_12,C:\Users\user\Downloads\eilink_ra_ds\eilink_ra_ds\data\raw_pdfs\15_9_F_12_2007_09_07.pdf,2007-09-07,15:45,374.0,drilling,c,ok,5,EQUIPMENT_FAILURE(+4)|REPAIR(+1),"RIH with 9 5/8"" tie-back casing from surface to 374 m MD. Observed high thread torque on several joints.Observed some dry boxes. Had to lay out joint #57, #52 and #48 due to 70% thr asing ead torque on JAM unit and damaged threads. Used contingency dope LubeSeal API mod as required on pin end after joint #48. Average running speed less 4 jnts/hr. Equipment Failure Information Start time Depth mMD Depth mTVD Sub Equip -- Syst Class Operation Downtime ((min)) Equipment Repaired Remark 00:00 7 pipe handling equ syst -- vertical pipe handling equ syst 0 00:00 Hydraulic leakage on BX elevator fitting."
6889,15_9_F_12,C:\Users\user\Downloads\eilink_ra_ds\eilink_ra_ds\data\raw_pdfs\15_9_F_12_2007_09_06.pdf,2007-09-06,21:00,0.0,drilling,casi,ok,5,EQUIPMENT_FAILURE(+4)|REPAIR(+1),"Laid down WBRRT. Installed swedge and tested IBOP valves on TDS and standpipe valve to 35/345 bar 5/10 mins. ng Meanwhile : -Backloaded used casing. Loaded, tallied and laid out new casing in stb pipedeck bays. -Repaired hydraulic hose on topdrive -Tested valves on kill manifold to 35/345 bar 5/10 mins. Equipment Failure Information Start time Depth mMD Depth mTVD Sub Equip -- Syst Class Operation Downtime ((min)) Equipment Repaired Remark 00:00 2350 pipe handling equ syst -- vertical pipe handling equ syst 0 00:00 Hydraulic leak on PRS"
6884,15_9_F_12,C:\Users\user\Downloads\eilink_ra_ds\eilink_ra_ds\data\raw_pdfs\15_9_F_12_2007_09_06.pdf,2007-09-06,12:45,2350.0,interruption --,,ok,5,EQUIPMENT_FAILURE(+4)|REPAIR(+1),Repaired hydraulic leak on aft PRS. other
6874,15_9_F_12,C:\Users\user\Downloads\eilink_ra_ds\eilink_ra_ds\data\raw_pdfs\15_9_F_12_2007_09_05.pdf,2007-09-05,22:00,140.0,drilling,casing,ok,5,EQUIPMENT_FAILURE(+4)|REPAIR(+1),Broke TDS connection and parked travelling block for maintenance.
787,15_9_19,C:\Users\user\Downloads\eilink_ra_ds\eilink_ra_ds\data\raw_pdfs\15_9_19_B_1997_11_26.pdf,1997-11-26,17:30,150.0,interruption,,fail,5,state:fail(+5),MADE UP BIT TO MOTOR. DUMPED MEMORY AND CHANGED OUT MWD'S. SET AKO AT 1.2 DEG. AND CHECKED ALIGNMENT WITH MWD. FINISHED RIH WITH BHA. -- lost circu lation
785,15_9_19,C:\Users\user\Downloads\eilink_ra_ds\eilink_ra_ds\data\raw_pdfs\15_9_19_B_1997_11_26.pdf,1997-11-26,07:30,0.0,interruption,,fail,5,state:fail(+5),FINISHED POOH. CHANGED SAVER SUB ON TDS. -- lost circu lation
782,15_9_19,C:\Users\user\Downloads\eilink_ra_ds\eilink_ra_ds\data\raw_pdfs\15_9_19_B_1997_11_26.pdf,1997-11-26,04:00,2223.0,interruption,,fail,5,state:fail(+5),"BLED PRESSURE OFF DRILL PIPE - 0.9 M3 MUD BLED BACK. 17 BAR PRESSURE REMAINED ON ANNULUS. BLED OFF PRESSURE AND 1.1 M3. CIRCULATED BOTTOMS UP. M -- lost circu AX GAS 8.5%. NO GAINS, NO LOSSES - 2000 LPM CIRCULATING RATE. lation"
781,15_9_19,C:\Users\user\Downloads\eilink_ra_ds\eilink_ra_ds\data\raw_pdfs\15_9_19_B_1997_11_26.pdf,1997-11-26,02:00,2223.0,interruption,,fail,5,state:fail(+5),HELD AND MONITORED PRESSURE ON WELL. PRESSURE DROPPED FROM 27.1 BAR TO 20.6 BAR IN 1.5 HOURS AND STABILIZED FOR .5 HOURS. -- lost circu lation
780,15_9_19,C:\Users\user\Downloads\eilink_ra_ds\eilink_ra_ds\data\raw_pdfs\15_9_19_B_1997_11_26.pdf,1997-11-26,00:30,2223.0,interruption,,fail,5,state:fail(+5),"CLOSED UPR AND LINED UP HALLIBURTON. SQUEEZED 1.5 M3 MUD DOWN DRILL PIPE 100 LITERS AT A TIME, HESITATING 1 MINUTE BETWEEN PUMPING. PRESSURE AFTE -- lost circu R STOPPING PUMP 28-30 BAR, AFTER 1 MINUTE 27-29 BAR. TOTAL MUD PUMPED DOWN DRILL PIPE 2.2 M3 (.8 M3 TO REACH LEAK OFF PRESSURE AND 1.5 M3 SQUEEZED) lation ."
779,15_9_19,C:\Users\user\Downloads\eilink_ra_ds\eilink_ra_ds\data\raw_pdfs\15_9_19_B_1997_11_26.pdf,1997-11-26,00:00,2223.0,interruption,,fail,5,state:fail(+5),"FINISHED POOH TO INSIDE CASING WINDOW. NO LOSSES, NO GAINS. -- lost circu lation"
778,15_9_19,C:\Users\user\Downloads\eilink_ra_ds\eilink_ra_ds\data\raw_pdfs\15_9_19_B_1997_11_25.pdf,1997-11-25,21:00,2356.0,interruption -,,fail,5,state:fail(+5),RACKED BACK CEMENT STAND AND POOH 7 STANDS DP TO 2852M - PIPE CAME OUT OF PLUG SLIGHTLY WET. PUMPED 3 M3 MUD TO CLEAR STINGER AND SLUG PIPE. - lost circulati CONTINUED POOH. on
777,15_9_19,C:\Users\user\Downloads\eilink_ra_ds\eilink_ra_ds\data\raw_pdfs\15_9_19_B_1997_11_25.pdf,1997-11-25,19:00,3052.0,interruption -,,fail,5,state:fail(+5),"M/U CEMENTING STAND WHILE BOOSTING RISER. TESTED CEMENT LINE TO 100 BAR. PUMPED 4 M3 1.55 SG SPACER, 5.5 M3 1.65 SG CEMENT. DISPLACED CEMENT WI - lost circulati TH .5 M3 SPACER AND 24 M3 MUD TO BALANCE. LOST .4 M3 MUD AND GAINED 6 BAR PRESSURE AFTER CEMENT PASSED STINGER. on"
776,15_9_19,C:\Users\user\Downloads\eilink_ra_ds\eilink_ra_ds\data\raw_pdfs\15_9_19_B_1997_11_25.pdf,1997-11-25,16:00,3054.0,interruption -,,fail,5,state:fail(+5),"CONTINUED WASHING DOWN TO 3054M. CIRCULATED BOTTOMS UP AT 1000 LPM. NO GAINS, NO LOSSES. MAX GAS 11.5%. NO FILL. - lost circulati on"
775,15_9_19,C:\Users\user\Downloads\eilink_ra_ds\eilink_ra_ds\data\raw_pdfs\15_9_19_B_1997_11_25.pdf,1997-11-25,14:00,3030.0,interruption -,,fail,5,state:fail(+5),BLED 5 M3 MUD FROM ANNULUS THROUGH CHOKE. BLEED OFF RATE DECREASED FROM 360 LPM TO 250 LPM. CLOSED CHOKE - SICP/SIDPP 11 BAR/16 BAR. BLED OF - lost circulati F 2 M3 MUD FROM ANNULUS - BLEED RATE DECREASED TO 200 LPM. SICP/SIDPP 11 BAR/11 BAR. BLED REMAINING PRESSURE OFF WELL. TOTAL MUD GAINED BACK 2 on 1 M3.
774,15_9_19,C:\Users\user\Downloads\eilink_ra_ds\eilink_ra_ds\data\raw_pdfs\15_9_19_B_1997_11_25.pdf,1997-11-25,13:00,3030.0,interruption -,,fail,5,state:fail(+5),GAINED 3.5 M3 WHILE MAKING CONNECTION. CLOSED IN WELL. INITIAL SICP/SIDPP 17 BAR/17 BAR. LEVELED OUT AT 20 BAR/20 BAR. TOTAL GAINED 4.5 M3. - lost circulati on
773,15_9_19,C:\Users\user\Downloads\eilink_ra_ds\eilink_ra_ds\data\raw_pdfs\15_9_19_B_1997_11_25.pdf,1997-11-25,06:00,3020.0,interruption -,,fail,5,state:fail(+5),"CONTINUED WASHING DOWN TO 3030M. AT 3030M CIRCULATION RATE 1000 LPM, ROTARY RPM 130. LOST 1.5 M3 MUD WHILE WASHING DOWN FROM CASING WINDOW - lost circulati . on"
772,15_9_19,C:\Users\user\Downloads\eilink_ra_ds\eilink_ra_ds\data\raw_pdfs\15_9_19_B_1997_11_25.pdf,1997-11-25,04:00,2410.0,interruption -,,fail,5,state:fail(+5),BEGAN WASHING TO BOTTOM AT 2000 LPM WHILE REDUCING MUD WEIGHT TO 1.49 SG. NO MUD LOSSES. BGG - 1.6%. TOTAL MUD LOST FOR THE DAY - 51.5 M3. - lost circulati on
770,15_9_19,C:\Users\user\Downloads\eilink_ra_ds\eilink_ra_ds\data\raw_pdfs\15_9_19_B_1997_11_25.pdf,1997-11-25,00:00,2165.0,interruption -,,fail,5,state:fail(+5),FINISHED POOH TO JUST ABOVE CASING WINDOW (WINDOW AT 2178M). DRAG OK. GAINED 1.1 M3 MUD. - lost circulati on
7071,15_9_F_12,C:\Users\user\Downloads\eilink_ra_ds\eilink_ra_ds\data\raw_pdfs\15_9_F_12_2008_01_03.pdf,2008-01-03,22:45,45.0,drilling,c,ok,5,EQUIPMENT_FAILURE(+4)|REPAIR(+1),"Picked/made up 9.567"" drift. RIH with 9.567"" drift from surface to 45 m. asing Equipment Failure Information Start time Depth mMD Depth mTVD Sub Equip -- Syst Class Operation Downtime ((min)) Equipment Repaired Remark 00:00 27.5 miscellaneous equ syst -- wellhead subsea run tes 0 00:00 Unable to make the Adjustment sub. t"
6993,15_9_F_12,C:\Users\user\Downloads\eilink_ra_ds\eilink_ra_ds\data\raw_pdfs\15_9_F_12_2007_09_15.pdf,2007-09-15,19:00,0.0,drilling,bop/wellhead,ok,5,EQUIPMENT_FAILURE(+4)|REPAIR(+1),Removed security bolt on RT from PR and POOH. LD RT and 20 ft pup joint. Installed hatch on F-12 and suspended operation to F-7. equipment Failure Information Start time Depth mMD Depth mTVD Sub Equip -- Syst Class Operation Downtime ((min)) Equipment Repaired Remark 00:00 0 miscellaneous equ syst -- other 0 00:00 Changed leaking tension cylinders . 00:00 139 drill floor -- draw works 0 00:00 Software problem on drawworks
7648,15_9_F_12,C:\Users\user\Downloads\eilink_ra_ds\eilink_ra_ds\data\raw_pdfs\15_9_F_12_2016_08_16.pdf,2016-08-16,23:15,0.0,plug abandon,mechanical plug,ok,5,EQUIPMENT_FAILURE(+4)|REPAIR(+1),Closed SV and inflow tested same Meanwhile lined up cement unit for pressure test plug Equipment Failure Information Start time Depth mMD Depth mTVD Sub Equip -- Syst Class Operation Downtime ((min)) Equipment Repaired Remark 00:00 0 service equ -- other 0 00:00 Not able to achieve stable running speed with winch. Suspected overheating of hydraulic system
7618,15_9_F_12,C:\Users\user\Downloads\eilink_ra_ds\eilink_ra_ds\data\raw_pdfs\15_9_F_12_2014_11_28.pdf,2014-11-28,05:40,0.0,workover,wire line,ok,5,EQUIPMENT_FAILURE(+4)|REPAIR(+1),Mounted top cap on XMT. Disconnected chickasn on kill wing cap and mounted kill wing cap. Pressure tested Top cap & KW cap to 20/345 bar for 5/10 min. Change WL hatch with permanent hatch. Prepared for skidding to F-1C. ----------------------------------------- END OF OPERATION ------------------------------------------------ Equipment Failure Information Start Depth Sub Equip -- Syst Operation Equipment Remark time mMD mTVD Class Downtime ((min)) Repaired 00:00 0 service equ -- other 0 00:00 Observed leak in the test hose from the pump during low pressure test. Changed hose and continued with leak test. 00:00 1400 service equ -- electr 0 00:00 Lost communication with toolstring. Decision made to POOH and troubleshoot. When out of hole not able to detect failure. Decision logging equ made to re-build cablehead and run full back up string.
769,15_9_19,C:\Users\user\Downloads\eilink_ra_ds\eilink_ra_ds\data\raw_pdfs\15_9_19_B_1997_11_24.pdf,1997-11-24,22:30,2584.0,interruption -,,fail,5,state:fail(+5),SLUGGED PIPE AND BEGAN POOH TO CASING WINDOW. NORMAL DRAG. - lost circulat ion
768,15_9_19,C:\Users\user\Downloads\eilink_ra_ds\eilink_ra_ds\data\raw_pdfs\15_9_19_B_1997_11_24.pdf,1997-11-24,21:30,3025.0,interruption -,,fail,5,state:fail(+5),"CIRCULATED AT 250 LPM - LOSSES AT 2 M3/HR, AT 400 LPM - LOSSES AT 4 M3/HR, AT 500 LPM - LOSSES AT 13 M3/HR. 91T STRING WEIGHT DOWN, 95T STRING WEIGHT UP. - lost circulat BACK PRESSURE ON DP 18-30 BAR EACH TIME PUMPS SHUT DOWN. MEANWHILE CONTINUED REDUCING MUD WEIGHT FROM 1.53SG TO 1.51SG. HAVE NOW LOST 52.6 ion M3 MUD. MAX GAS 6%."
759,15_9_19,C:\Users\user\Downloads\eilink_ra_ds\eilink_ra_ds\data\raw_pdfs\15_9_19_B_1997_11_23.pdf,1997-11-23,06:00,2131.0,interruption,waiting on weather,fail,5,state:fail(+5),W.O.W. WIND 22 M/S DECREASING TO 16 M/S. SEAS 6-8 M DECREASING TO 3-5 M. HEAVE 3M DECREASING TO 1.8M.
758,15_9_19,C:\Users\user\Downloads\eilink_ra_ds\eilink_ra_ds\data\raw_pdfs\15_9_19_B_1997_11_23.pdf,1997-11-23,00:00,2121.0,interruption,waiting on weather,fail,5,state:fail(+5),CONTINUED W.O.W. WIND 16-22 M/S AND SLOWLY SUBSIDING. HEAVE 3.3-4.3M AND SLOWLY SUBSIDING.
757,15_9_19,C:\Users\user\Downloads\eilink_ra_ds\eilink_ra_ds\data\raw_pdfs\15_9_19_B_1997_11_22.pdf,1997-11-22,10:00,2121.0,interruption,waitin,fail,5,state:fail(+5),CONTINUED W.O.W. WIND 32 M/S DECREASING TO 20 M/S THEN INCREASING TO 25 M/S. HEAVE 5.5M DECREASING TO 4.0M THEN INCREASING TO 5.0M. g on weather
756,15_9_19,C:\Users\user\Downloads\eilink_ra_ds\eilink_ra_ds\data\raw_pdfs\15_9_19_B_1997_11_22.pdf,1997-11-22,06:00,2121.0,interruption,waitin,fail,5,state:fail(+5),"CONTINUED W.O.W. WIND 26-32 M/S, RIG HEAVE 5.0-5.5M, MAX 8.5M. RAPID, REPEATED HIGH HEAVE 7.0-8.5M FROM 0730. DISPLACED RISER TO SEAWATER g on weather AND DISCONNECTED AT 0850 HRS. DEBALLASTED RIG TO SURVIVAL DRAFT AT 1000 HRS."
755,15_9_19,C:\Users\user\Downloads\eilink_ra_ds\eilink_ra_ds\data\raw_pdfs\15_9_19_B_1997_11_22.pdf,1997-11-22,00:00,2121.0,interruption,waitin,fail,5,state:fail(+5),"CONTINUED W.O.W. WIND 20-30 M/S, RIG HEAVE 4M- 5M, MAX 7.6M. g on weather"
754,15_9_19,C:\Users\user\Downloads\eilink_ra_ds\eilink_ra_ds\data\raw_pdfs\15_9_19_B_1997_11_21.pdf,1997-11-21,06:00,2121.0,interruption,waiting on weather,fail,5,state:fail(+5),"CONTINUED W.O.W. WIND 20-30 M/S, RIG HEAVE 4.5M - 5.5M, MAX 8.5M."
7573,15_9_F_12,C:\Users\user\Downloads\eilink_ra_ds\eilink_ra_ds\data\raw_pdfs\15_9_F_12_2014_11_26.pdf,2014-11-26,01:30,0.0,interruption --,,ok,5,EQUIPMENT_FAILURE(+4)|WAIT(+1),"Checked valves and inlets into XMT cross for possible leaks, together with production operator. Found that valve for MEG pump was leaking into XMT cross. Closed another valve wait on the MEG inlet line. Bled off pressure."
7399,15_9_F_12,C:\Users\user\Downloads\eilink_ra_ds\eilink_ra_ds\data\raw_pdfs\15_9_F_12_2008_02_03.pdf,2008-02-03,23:45,0.0,drilling,bop/wellhead equipment,ok,5,EQUIPMENT_FAILURE(+4)|REPAIR(+1),"Removed the communication collar. Equipment Failure Information Start Depth Sub Equip -- Syst Class Operation Downtime Equipment Remark time mMD mTVD ((min)) Repaired 00:00 0 pipe handling equ syst -- eleva 0 00:00 Problems with elevators malfunction, investigated same. Changed out elevators and function teste tor d same."
7357,15_9_F_12,C:\Users\user\Downloads\eilink_ra_ds\eilink_ra_ds\data\raw_pdfs\15_9_F_12_2008_01_31.pdf,2008-01-31,23:00,1500.0,workover,,ok,5,EQUIPMENT_FAILURE(+4)|REPAIR(+1),"Equalized and opened blind rams. RIH with WL toolstring to 450 m MDRKB and verified that TRSCSSV was fully open. Continued RIH with WL toolstring from 450 to 1500 m MDRKB. -- wire lin e Equipment Failure Information Start Depth Sub Equip -- Operation Equipment Remark time mMD mTVD Syst Class Downtime Repaired ((min)) 00:00 3007 service equ -- o 0 00:00 Gauge line broke while wrapping it around tubing hanger neck. Inconel gauge lines comes in three different qualities: 26, 35 and 45. This line was of # ther 26 quality, paper thin and would break if it was slightly bent in two different directions. It was thus a"
7302,15_9_F_12,C:\Users\user\Downloads\eilink_ra_ds\eilink_ra_ds\data\raw_pdfs\15_9_F_12_2008_01_24.pdf,2008-01-24,22:30,3315.7,completion,perf,ok,5,EQUIPMENT_FAILURE(+4)|REPAIR(+1),"Tagged TOL at 3315.7 m MD and landed no-go locator on top of PBR. Sat down 5 MT. Pulled to up-weight and marked the string ( 1.9 m stretch in string). Reciprocat orate ed string 10 times to orientate the guns. Tagged TOL again at 3315.6 m and landed no-go locator on top PBR. Sat down 5 MT. Pulled to up-weight and verified mark on string. PO 9 m with 4 1/2"" TCP guns to locate top shot at 3130 m MD. Slacked off weight by releasing 0.5 m stretch in string. Held tool box meeting before pressuring up the well when reciprocating string. Equipment Failure Information Start time Depth mMD Depth mTVD Sub Equip -- Syst Class Operation Downtime ((min)) Equipment Repaired Remark 00:00 1311 pipe handling equ syst -- manual tong 0 00:00 VFD-fault (electrical problem) on PRS racking arm ."
7224,15_9_F_12,C:\Users\user\Downloads\eilink_ra_ds\eilink_ra_ds\data\raw_pdfs\15_9_F_12_2008_01_15.pdf,2008-01-15,20:30,0.0,drilling,casing,ok,5,EQUIPMENT_FAILURE(+4)|REPAIR(+1),"Picked up and RIH with nominal bowl protector at 20,8 m MD. Set bowl protector and pulled stand. Equipment Failure Information Start Depth Sub Equip -- Syst Class Operation Downtime Equipment Remark time mMD mTVD ((min)) Repaired 00:00 2175 miscellaneous equ syst -- o 0 00:00 ESD/Siemens testing interrupting main power supply. Had to re-set and calibrate rig equipment after powe ther r shut down. 00:00 440 miscellaneous equ syst -- o 0 00:00 Derrick inspection due to falling object. ther"
7178,15_9_F_12,C:\Users\user\Downloads\eilink_ra_ds\eilink_ra_ds\data\raw_pdfs\15_9_F_12_2008_01_13.pdf,2008-01-13,19:00,2175.0,interruption,other,ok,5,EQUIPMENT_FAILURE(+4)|REPAIR(+1),Re-set V-ICIS-system. Calibrated block. Meanwhile tested valves in standpipe manifold to 30/345 bar 5/10 min. Cleaned and tidied in wellhead module. Equipment Failure Information Start Depth Sub Equip -- Syst Class Operation Equipment Remark time mMD mTVD Downtime ((min)) Repaired 00:00 2290 pipe handling equ syst -- vertical pipe 0 00:00 Securing pins for vertical hose bundle were torn off due to high winds cathcing the hose bundle itself. Halted operation a handling equ syst s aloft work was impossible because of the high winds. 00:00 2578 pipe handling equ syst -- other 0 00:00 Not able to released PS-21 slips after connectin.
7848,15_9_F_12,C:\Users\user\Downloads\eilink_ra_ds\eilink_ra_ds\data\raw_pdfs\15_9_F_12_2016_08_22.pdf,2016-08-22,23:45,0.0,plug aban,,ok,5,EQUIPMENT_FAILURE(+4)|REPAIR(+1),Started POOH from 147m don -- perf orate Equipment Failure Information Start time Depth mMD Depth mTVD Sub Equip -- Syst Class Operation Downtime ((min)) Equipment Repaired Remark 00:00 0 miscellaneous equ syst -- wellhead subsea run tes 0 00:00 back up THRT not being able to communicate with DHSV t
7818,15_9_F_12,C:\Users\user\Downloads\eilink_ra_ds\eilink_ra_ds\data\raw_pdfs\15_9_F_12_2016_08_21.pdf,2016-08-21,23:45,0.0,plug abandon,,ok,5,EQUIPMENT_FAILURE(+4)|REPAIR(+1),"M/U to X-over. All connections M/U to 67kNm, Saver sub M/U to 50kNm. RIH to 117m -- other Equipment Failure Information Start Depth Sub Equip -- Syst Operation Equipment Remark time mMD mTVD Class Downtime ((min)) Repaired 00:00 2356 pipe handling equ sys 0 00:00 Loose std in Derrick, recovered std using FWD PRS and return to TDS. Hold std with AFT PRS to lower down TDS to inspect Elevator t -- elevator s. Elevators found to be damaged, changed out to spare set."
749,15_9_19,C:\Users\user\Downloads\eilink_ra_ds\eilink_ra_ds\data\raw_pdfs\15_9_19_B_1997_11_19.pdf,1997-11-19,16:00,2121.0,interruption --,,fail,5,state:fail(+5),MADE UP DRILL PIPE HANG OFF TOOL AND RIH TO WELLHEAD. HUNG OFF CEMENT STRING AT 2121M AT 1820 HRS. POOH WITH LANDING STRING. waiting on weathe r
747,15_9_19,C:\Users\user\Downloads\eilink_ra_ds\eilink_ra_ds\data\raw_pdfs\15_9_19_B_1997_11_19.pdf,1997-11-19,09:00,2010.0,interruption,lost,fail,5,state:fail(+5),"MADE UP 3 1/2"" MULESHOE ON 3 1/2"" DP, TOTAL 290 M AS CEMENTING STINGER CONTINUED RIH WITH 5"" DP TO 2010M. circulation"
746,15_9_19,C:\Users\user\Downloads\eilink_ra_ds\eilink_ra_ds\data\raw_pdfs\15_9_19_B_1997_11_19.pdf,1997-11-19,06:00,0.0,interruption,lost,fail,5,state:fail(+5),"CONTINUED POOH WITH DRILLING BHA. FLOW CHECKED, OK BEFORE PULLING ABOVE BOP. RACKED BACK BHA. circulation"
744,15_9_19,C:\Users\user\Downloads\eilink_ra_ds\eilink_ra_ds\data\raw_pdfs\15_9_19_B_1997_11_19.pdf,1997-11-19,00:00,3050.0,interruption,lost,fail,5,state:fail(+5),"CIRCULATED HOLE WITH 1500 L/M. LOST 22,4 M3 MUD TO FORMATION. circulation"
743,15_9_19,C:\Users\user\Downloads\eilink_ra_ds\eilink_ra_ds\data\raw_pdfs\15_9_19_B_1997_11_18.pdf,1997-11-18,23:00,3050.0,interruption,,fail,5,state:fail(+5),"POOH WET TO 2940M. GOT TOTAL FLOWBACK OF 18,2 M3 FROM FORMATION. RIH TO 3050M. -- lost circu lation"
742,15_9_19,C:\Users\user\Downloads\eilink_ra_ds\eilink_ra_ds\data\raw_pdfs\15_9_19_B_1997_11_18.pdf,1997-11-18,22:00,3054.0,interruption,,fail,5,state:fail(+5),"CIRCULATED AND ATTEMPTED TO ESTABLISH 100% RETURNS, NO SUCCESS PUMP RATE 1500 L/M; LOSS RATE 12 M3/HR AND DECLINED TO 5 M3/HR. TOTAL LOSS 45,3 M3 -- lost circu MUD TO FORMATION. lation"
740,15_9_19,C:\Users\user\Downloads\eilink_ra_ds\eilink_ra_ds\data\raw_pdfs\15_9_19_B_1997_11_18.pdf,1997-11-18,18:30,3039.0,interruption,,fail,5,state:fail(+5),"DRILLED CMT AT CONTROLLED RATE FROM 2995M TO 3039M. STARTED TO LOOSE FROM 3035M. ATTEMPTED TO ESTABLISH PUMP RATE TO MINIMIZE MUD LOSS, AT 2100 -- lost circu L/MIN: LOST 29 M3/HR. 1500 L/MIN: LOST 16 M3/HR. lation"
739,15_9_19,C:\Users\user\Downloads\eilink_ra_ds\eilink_ra_ds\data\raw_pdfs\15_9_19_B_1997_11_18.pdf,1997-11-18,17:30,2995.0,interruption,,fail,5,state:fail(+5),CIRCULATED HOLE CLEAN DUE TO 20T DRAG INCREASE. REGAINED NORMAL STRING WEIGHT. -- lost circu lation
738,15_9_19,C:\Users\user\Downloads\eilink_ra_ds\eilink_ra_ds\data\raw_pdfs\15_9_19_B_1997_11_18.pdf,1997-11-18,16:00,2995.0,interruption,,fail,5,state:fail(+5),DRILLED INCONSISTENT CMT FROM 2880M TO 2983M. CONTINUED DRILLING FIRM CMT FROM 2983M TO 2995M. -- lost circu lation
737,15_9_19,C:\Users\user\Downloads\eilink_ra_ds\eilink_ra_ds\data\raw_pdfs\15_9_19_B_1997_11_18.pdf,1997-11-18,13:30,2880.0,interruption,,fail,5,state:fail(+5),WASHED AND ROTATED FROM 2700M TO 2785M. REAMED AND DRILLED FROM 2785 TO 2880M. -- lost circu lation
7724,15_9_F_12,C:\Users\user\Downloads\eilink_ra_ds\eilink_ra_ds\data\raw_pdfs\15_9_F_12_2016_08_19.pdf,2016-08-19,03:45,0.0,interruption,repair,ok,5,text:back-off(+5),"R/D cementing hose, chiksans. Attempted to back off weco1502 swedge. Collar backing off together with swedge. Torqued up collar to 15000 ft*lbs and manage to break off swedge, L/D same"
7703,15_9_F_12,C:\Users\user\Downloads\eilink_ra_ds\eilink_ra_ds\data\raw_pdfs\15_9_F_12_2016_08_18.pdf,2016-08-18,14:45,0.0,interruption --,,ok,5,EQUIPMENT_FAILURE(+4)|REPAIR(+1),"P/U primary THRT, broke off damaged pup joint and L/D same. repair Replaced with new pup joint and M/U to THRT"
7699,15_9_F_12,C:\Users\user\Downloads\eilink_ra_ds\eilink_ra_ds\data\raw_pdfs\15_9_F_12_2016_08_18.pdf,2016-08-18,13:15,0.0,interruption --,,ok,5,EQUIPMENT_FAILURE(+4)|REPAIR(+1),Broke off 2x pup joints from first landing string joint repair
7698,15_9_F_12,C:\Users\user\Downloads\eilink_ra_ds\eilink_ra_ds\data\raw_pdfs\15_9_F_12_2016_08_18.pdf,2016-08-18,12:15,0.0,interruption --,,ok,5,EQUIPMENT_FAILURE(+4)|REPAIR(+1),"Overtorqued connection between THRT and first joint due to wrong tong setting. repair Troubleshoot, broke out and inspected treads. Damaged. L/D damaged pup joint and THRT"
7916,15_9_F_12,C:\Users\user\Downloads\eilink_ra_ds\eilink_ra_ds\data\raw_pdfs\15_9_F_12_2016_08_25.pdf,2016-08-25,09:30,0.0,interruption --,,ok,5,EQUIPMENT_FAILURE(+4)|REPAIR(+1),Stopped milling and P/U off bottom due to leaking Pod on BOPs. Found and repaired leak in hard pipe for gauge repair
7914,15_9_F_12,C:\Users\user\Downloads\eilink_ra_ds\eilink_ra_ds\data\raw_pdfs\15_9_F_12_2016_08_25.pdf,2016-08-25,04:30,0.0,interruption --,,ok,5,EQUIPMENT_FAILURE(+4)|REPAIR(+1),Observed leak on TDS. Stopped milling. Repaired leak on the wash pipe repair
736,15_9_19,C:\Users\user\Downloads\eilink_ra_ds\eilink_ra_ds\data\raw_pdfs\15_9_19_B_1997_11_18.pdf,1997-11-18,13:00,2700.0,interruption,,fail,5,state:fail(+5),CONTINUED RIH TO 2700M. -- lost circu lation
734,15_9_19,C:\Users\user\Downloads\eilink_ra_ds\eilink_ra_ds\data\raw_pdfs\15_9_19_B_1997_11_18.pdf,1997-11-18,11:00,2580.0,interruption,,fail,5,state:fail(+5),RIH TO 2580M. -- lost circu lation
733,15_9_19,C:\Users\user\Downloads\eilink_ra_ds\eilink_ra_ds\data\raw_pdfs\15_9_19_B_1997_11_18.pdf,1997-11-18,10:30,1905.0,interruption,,fail,5,state:fail(+5),PERFORMED SAFE JOB ANALYSIS WITH ALL INVOLVED PERSONNEL. TOPIC; HANDLING PIPE WITHOUT STANDLIFT. -- maintain
729,15_9_19,C:\Users\user\Downloads\eilink_ra_ds\eilink_ra_ds\data\raw_pdfs\15_9_19_B_1997_11_17.pdf,1997-11-17,06:00,1905.0,interruption,,fail,5,state:fail(+5),CONTINUED RIH TO 1905M. AT 0850 HRS. DRILLER SET PIPE ELEVATOR ONTO UPPER PIPE RACKING ARM AND DAMAGED ARM. -- lost circu lation
728,15_9_19,C:\Users\user\Downloads\eilink_ra_ds\eilink_ra_ds\data\raw_pdfs\15_9_19_B_1997_11_17.pdf,1997-11-17,04:30,549.0,interruption,,fail,5,state:fail(+5),RIH WITH DRILLING AND ORIENTING BHA. -- lost circu lation
727,15_9_19,C:\Users\user\Downloads\eilink_ra_ds\eilink_ra_ds\data\raw_pdfs\15_9_19_B_1997_11_17.pdf,1997-11-17,01:00,0.0,interruption,,fail,5,state:fail(+5),"PICKED UP BHA AND CHECKED OUT AKO, FOUND 4-5 MM BURR ON MIDDLE OF AKO HOUSING. CHANGE TO NEW AKO. CHECKED FOR DEBRIS INSIDE MWD AND DOWNLOA -- lost circu D ED SAME. SET AKO TO 1,2 DEGR AND CHECKED SCRIBE LINE. TESTED MOTOR OK. MADE UP BIT AND NEAR BIT STABILIZER. lation"
726,15_9_19,C:\Users\user\Downloads\eilink_ra_ds\eilink_ra_ds\data\raw_pdfs\15_9_19_B_1997_11_17.pdf,1997-11-17,00:00,0.0,interruption,,fail,5,state:fail(+5),"CONTINUED POOH. RACKED BACK 3 1/2"" CMT STINGER. -- lost circu lation"
725,15_9_19,C:\Users\user\Downloads\eilink_ra_ds\eilink_ra_ds\data\raw_pdfs\15_9_19_B_1997_11_16.pdf,1997-11-16,21:00,620.0,interruption,l,fail,5,state:fail(+5),PUMPED SLUG AND LAID DOWN CMT STAND. POOH TO 620M. ost circulation
724,15_9_19,C:\Users\user\Downloads\eilink_ra_ds\eilink_ra_ds\data\raw_pdfs\15_9_19_B_1997_11_16.pdf,1997-11-16,19:00,2742.0,interruption,l,fail,5,state:fail(+5),"CIRCULATED HOLE THE LONG WAY. ROTATED AND RECIPROCATED STRING. MAX CIRULATION RATE 2200 L/M. GOT WOOD FIBRE FROM LCM PILL OVER SHAKERS AT ost circulation END OF CIRCULATION AND REDUCED CIRCULATION RATE TO 1200 L/M. NO MUD LOSSES. FLOW CHECKED, WELL STATIC."
723,15_9_19,C:\Users\user\Downloads\eilink_ra_ds\eilink_ra_ds\data\raw_pdfs\15_9_19_B_1997_11_16.pdf,1997-11-16,18:00,2742.0,interruption,l,fail,5,state:fail(+5),"CLOSED BOP AND PUMPED 0,55 M3 AND OBTAINED 32 BAR ON CMT PLUG, OK EQUALS 1,69 SG ECD. BLED BACK 0,39 M3 TO CMT UNIT. ost circulation"
722,15_9_19,C:\Users\user\Downloads\eilink_ra_ds\eilink_ra_ds\data\raw_pdfs\15_9_19_B_1997_11_16.pdf,1997-11-16,17:00,2742.0,interruption,l,fail,5,state:fail(+5),POOH TO 2742M. ost circulation
721,15_9_19,C:\Users\user\Downloads\eilink_ra_ds\eilink_ra_ds\data\raw_pdfs\15_9_19_B_1997_11_16.pdf,1997-11-16,15:30,3037.0,interruption,l,fail,5,state:fail(+5),"TAGGED BTM AT 3037M. DRILLED DEPTH 3039M. PUMPED 3 M3 SPACER WITH CMT UNIT AND MIXED AND PUMPED 4 M3 1,65 SG CMT SLURRY. DISPLACED CMT WITH ost circulation RIG PUMPS. NO LOSSES DURING TRIP IN, LOST 1 M3 DURING CEMENTING AND DISPLACING AND 0,2 M3 WHEN CMT ENTERED OPEN HOLE."
7912,15_9_F_12,C:\Users\user\Downloads\eilink_ra_ds\eilink_ra_ds\data\raw_pdfs\15_9_F_12_2016_08_25.pdf,2016-08-25,00:00,0.0,interruption --,,ok,5,EQUIPMENT_FAILURE(+4)|REPAIR(+1),"Identified leak on the wash pipe, re-tighten wash pipe, performed drops inspection on TDS. Put on hydraulic power and discovered hydraulic leak: loose connection from one of t repair he hoses on TDS. Repaired leak."
7911,15_9_F_12,C:\Users\user\Downloads\eilink_ra_ds\eilink_ra_ds\data\raw_pdfs\15_9_F_12_2016_08_24.pdf,2016-08-24,23:15,0.0,interruption,,ok,5,EQUIPMENT_FAILURE(+4)|REPAIR(+1),Investigated water leak on TDS -- repair
8508,15_9_F_14,C:\Users\user\Downloads\eilink_ra_ds\eilink_ra_ds\data\raw_pdfs\15_9_F_14_2008_05_22.pdf,2008-05-22,23:30,2268.0,formation evaluation,rft/fi,ok,5,EQUIPMENT_FAILURE(+4)|REPAIR(+1),Performed XLOT cycle #2. Pressured up on well to ~98 bar at 92 lpm. Observed fall off trend for 15 min. t Equipment Failure Information Start time Depth mMD Depth mTVD Sub Equip -- Syst Class Operation Downtime ((min)) Equipment Repaired Remark 00:00 140 hoisting equ -- top drive 0 00:00 Changed allignement cylinder on TDS.
720,15_9_19,C:\Users\user\Downloads\eilink_ra_ds\eilink_ra_ds\data\raw_pdfs\15_9_19_B_1997_11_16.pdf,1997-11-16,13:30,3037.0,interruption,l,fail,5,state:fail(+5),CONTINUED RIH TO 3030M. MADE UP CMT STAND AND CMT LINE. TESTED CMT LINE WITH 200 BAR. ost circulation
718,15_9_19,C:\Users\user\Downloads\eilink_ra_ds\eilink_ra_ds\data\raw_pdfs\15_9_19_B_1997_11_16.pdf,1997-11-16,08:30,2000.0,interruption,l,fail,5,state:fail(+5),"MADE UP 3 1/2"" MULESHOE ON 290 M 3 1/2"" DP AND RIH TO 2000M. NO LOSSES OBSERVED. ost circulation"
716,15_9_19,C:\Users\user\Downloads\eilink_ra_ds\eilink_ra_ds\data\raw_pdfs\15_9_19_B_1997_11_16.pdf,1997-11-16,06:00,0.0,interruption,l,fail,5,state:fail(+5),CONTINUED POOH. FLOW CHECKED OK BEFORE PULLED BHA ABOVE BOP. ost circulation
715,15_9_19,C:\Users\user\Downloads\eilink_ra_ds\eilink_ra_ds\data\raw_pdfs\15_9_19_B_1997_11_16.pdf,1997-11-16,01:30,667.0,interruption,l,fail,5,state:fail(+5),"PUMPED SLUG. LOST TOTAL 8 M3 MUD TO FORMATION WHEN ATTEMPTING REGAIN CIRC AND PUMP SLUG. POOH. FLOW CHECKED AT 1917M, WELL STATIC. WELL F ost circulation LOWED BACK DURING TRIP TOTAL 10,6 M3. TOOK NORMAL VOLUME FROM 800M."
714,15_9_19,C:\Users\user\Downloads\eilink_ra_ds\eilink_ra_ds\data\raw_pdfs\15_9_19_B_1997_11_16.pdf,1997-11-16,01:00,2130.0,interruption,l,fail,5,state:fail(+5),"ATTEMPTED TO CIRCULATE INSIDE CSG. NOT ABLE TO GET RETURNS ABOVE 400 L/MIN LEVEL. FLOW CHECKED, WELL STATIC. 2 % GAS IN RETURNS. ost circulation"
713,15_9_19,C:\Users\user\Downloads\eilink_ra_ds\eilink_ra_ds\data\raw_pdfs\15_9_19_B_1997_11_16.pdf,1997-11-16,00:00,2130.0,interruption,l,fail,5,state:fail(+5),CONTINUED POOH INTO CSG WINDOW. ost circulation
712,15_9_19,C:\Users\user\Downloads\eilink_ra_ds\eilink_ra_ds\data\raw_pdfs\15_9_19_B_1997_11_15.pdf,1997-11-15,23:00,2530.0,interruption,,fail,5,state:fail(+5),"POOH TO 2530M. FLOWED BACK 14 M3, THEN HOLE TOOK NORMAL AMOUNT OF MUD -- lost circu lation"
711,15_9_19,C:\Users\user\Downloads\eilink_ra_ds\eilink_ra_ds\data\raw_pdfs\15_9_19_B_1997_11_15.pdf,1997-11-15,22:30,2927.0,interruption,,fail,5,state:fail(+5),"FLOW CHECKED, WELL STATIC. -- lost circu lation"
710,15_9_19,C:\Users\user\Downloads\eilink_ra_ds\eilink_ra_ds\data\raw_pdfs\15_9_19_B_1997_11_15.pdf,1997-11-15,21:30,2927.0,interruption,,fail,5,state:fail(+5),ATTEMPTED TO ESTABLISH CIRC. LOSSES TO FORMATION STARTED ABOVE 400 L/MIN. LOST TOTAL 43 M3 MUD. POOH WET TO 2927M. -- lost circu lation
709,15_9_19,C:\Users\user\Downloads\eilink_ra_ds\eilink_ra_ds\data\raw_pdfs\15_9_19_B_1997_11_15.pdf,1997-11-15,18:30,3039.0,interruption,,fail,5,state:fail(+5),"PUMPED 8 M3 NUT PLUG COARSE, MICA COARSE AND LIGNOCEL (WOOD FIBRE) TOTAL CONCENTRATION, 222,8 KG/M3/1,8 SG. CLEARED SUCTION STRAINERS ON MUD P -- lost circu UMPS PRIOR TO DISPLACING PILL. DURING DISPLACING; DRILLED FROM 3035M TO 3039M NO RETURNS. OBSERVED 17-18 BAR PRESS INCREASE WHEN LCM PASSED BH lation A. PULLED BACK TO 3030M. STAGED PUMPS TO REGAIN CIRC."
708,15_9_19,C:\Users\user\Downloads\eilink_ra_ds\eilink_ra_ds\data\raw_pdfs\15_9_19_B_1997_11_15.pdf,1997-11-15,15:30,3035.0,interruption,,fail,5,state:fail(+5),"FLOW CHECKED, WELL STATIC. ATTEMPTED TO REGAIN CIRCULATION BY STAGING PUMPS, 100 % RETURNS BELOW 400 L/MIN. MIXED LCM PILL. -- lost circu lation"
696,15_9_19,C:\Users\user\Downloads\eilink_ra_ds\eilink_ra_ds\data\raw_pdfs\15_9_19_B_1997_11_13.pdf,1997-11-13,17:00,2619.0,interruption,rep,fail,5,state:fail(+5),"GEOSERVICE COMPUTER SERVER CRASHED, RE-STARTED SYSTEM. CIRCULATED AND RECIPROCATED PIPE. air"
8418,15_9_F_14,C:\Users\user\Downloads\eilink_ra_ds\eilink_ra_ds\data\raw_pdfs\15_9_F_14_2008_05_17.pdf,2008-05-17,22:00,207.0,drilling,ca,ok,5,EQUIPMENT_FAILURE(+4)|REPAIR(+1),"Ran 14"" 96,6# casing from 74 m to 207 m MD. Filled every casing joint with 1,30 sg WBM. sing Equipment Failure Information Start Depth Sub Equip -- Syst Class Operation Equipment Remark time mMD mTVD Downtime Repaired ((min)) 00:00 0 miscellaneous equ syst -- h 0 00:00 Trip on drillinghydraulics ydr pneum power packs 00:00 0 pipe handling equ syst -- 0 00:00 When running 14"" casing the elevator tilt adaptor for the BX-2 frame was missing. Hence it was not possible to tilit the elevator for picking up c elevator asing from the HTS (catwalk). In order to get going with the casing running, a tugger was attached to an eye b 00:00 49 pipe handling equ syst -- 0 00:00 Hooked up elevator tilt adaptor. Not able to function elevator tilt when recommencing casing running. elevator"
8202,15_9_F_14,C:\Users\user\Downloads\eilink_ra_ds\eilink_ra_ds\data\raw_pdfs\15_9_F_14_2007_12_06.pdf,2007-12-06,23:00,233.0,drilling --,,ok,5,EQUIPMENT_FAILURE(+4)|REPAIR(+1),"Slided 26"" drilling BHA from 226 m to 233 m MD. Drilling parameters : Flow 3100 lpm / SPP 62 bar / 2-6 MT WOB / Rotation 95 RPM (bit rpm) / String torque 0-1 kNm. drill Equipment Failure Information Start Depth Sub Equip -- Syst Class Operation Downtime Equipment Remark time mMD mTVD ((min)) Repaired 00:00 63 miscellaneous equ syst -- subsea inspection 0 00:00 ROV lost 3-finger claw in well. Remedial junk run needed in to remove/dislodge the syst junk. 00:00 211 service equ -- special service equ 0 00:00 Pull out of hole to fix problem with UBHO sleeve. Bit Record Run Bit IADC Manufacturer Hrs Start End Hole Made ((last Hours Drilled ((last Form Total Hole Total Hrs No.. Size Type Code Drilled mMD 2244HH)) 2244HH)) ROP Made Drilled 2 26 in XR+ 117 Smith Internation .2 204 204 10 13.5 23 1.7 al"
7960,15_9_F_12,C:\Users\user\Downloads\eilink_ra_ds\eilink_ra_ds\data\raw_pdfs\15_9_F_12_2016_08_26.pdf,2016-08-26,22:15,0.0,plug abandon,perforate,ok,5,EQUIPMENT_FAILURE(+4)|REPAIR(+1),P/U and M/U gun assembly to 18 m Equipment Failure Information Start time Depth mMD Depth mTVD Sub Equip -- Syst Class Operation Downtime ((min)) Equipment Repaired Remark 00:00 0 hoisting equ -- top drive 0 00:00 Leak developed from the topdrive while milling (wash pipe) Leak developed in the connection of hydraulic hose Leak developed from the topdrive while milling (wash pipe) POD on BOP leaked
1340,15_9_19,C:\Users\user\Downloads\eilink_ra_ds\eilink_ra_ds\data\raw_pdfs\15_9_19_BT2_1998_01_26.pdf,1998-01-26,20:30,1465.0,interruptio,,fail,5,state:fail(+5),"UNABLE TO WEIGHT-UP MUD TO 1,40 SG BECAUSE COULDN'T OBTAIN BARITE INTO PUMP ROOM'S SURGE CAN. NOTE: RIG DOWNTIME. n -- maintain"
1400,15_9_19,C:\Users\user\Downloads\eilink_ra_ds\eilink_ra_ds\data\raw_pdfs\15_9_19_BT2_1998_02_01.pdf,1998-02-01,13:30,98.0,interruption,repair,fail,5,state:fail(+5),POSITIONED RIG FROM STB SIDE TO WELL CENTER.
1399,15_9_19,C:\Users\user\Downloads\eilink_ra_ds\eilink_ra_ds\data\raw_pdfs\15_9_19_BT2_1998_02_01.pdf,1998-02-01,08:30,98.0,interruption,repair,fail,5,state:fail(+5),RAN IN WITH LMRP TO 9 M ABOVE GUIDE POSTS.
1398,15_9_19,C:\Users\user\Downloads\eilink_ra_ds\eilink_ra_ds\data\raw_pdfs\15_9_19_BT2_1998_02_01.pdf,1998-02-01,06:00,0.0,interruption,repair,fail,5,state:fail(+5),MOUNTED POD FEMALE RECEPTICALS AND INSTALLED 1 POD AND 2 GUIDELINES
1397,15_9_19,C:\Users\user\Downloads\eilink_ra_ds\eilink_ra_ds\data\raw_pdfs\15_9_19_BT2_1998_02_01.pdf,1998-02-01,00:00,0.0,interruption,repair,fail,5,state:fail(+5),MADE UP NEW FLEX JOINT AND INSTALL ON LMRP. TRANSPORTED LMRP ONTO LANDING BEAMS AND MADE UP TO RISER JT.
1396,15_9_19,C:\Users\user\Downloads\eilink_ra_ds\eilink_ra_ds\data\raw_pdfs\15_9_19_BT2_1998_01_31.pdf,1998-01-31,12:00,0.0,interruption,repair,fail,5,state:fail(+5),MOVED LMRP TO FWD SIDE IN MOONPOOL. DISCONECTED KILL AND CHOKE LINE COFLEX HOSES AND FLEX JOINT.
1395,15_9_19,C:\Users\user\Downloads\eilink_ra_ds\eilink_ra_ds\data\raw_pdfs\15_9_19_BT2_1998_01_31.pdf,1998-01-31,10:30,0.0,interruption,repair,fail,5,state:fail(+5),REMOVED BULLSEYE AND POSITION BEACON AND DISCONNECTED RISER JOINT. INSPECTED FLEX JOINT AND FOUND 3 KEY SEATS.
1394,15_9_19,C:\Users\user\Downloads\eilink_ra_ds\eilink_ra_ds\data\raw_pdfs\15_9_19_BT2_1998_01_31.pdf,1998-01-31,06:30,0.0,interruption,repair,fail,5,state:fail(+5),SECURED LMRP AND DISMANTLED POD FEMALE RECEPTICALS IN ORDER TO LAND LMRP ONTO SKID BEAMS. SET DOWN LMPR OK.
1393,15_9_19,C:\Users\user\Downloads\eilink_ra_ds\eilink_ra_ds\data\raw_pdfs\15_9_19_BT2_1998_01_31.pdf,1998-01-31,06:00,0.0,interruption,repair,fail,5,state:fail(+5),CONTINUED PULLING LMRP TO MOONPOOL.
1392,15_9_19,C:\Users\user\Downloads\eilink_ra_ds\eilink_ra_ds\data\raw_pdfs\15_9_19_BT2_1998_01_31.pdf,1998-01-31,03:00,0.0,interruption,repair,fail,5,state:fail(+5),PULLED LMPR TO SPLASH SONE.
1391,15_9_19,C:\Users\user\Downloads\eilink_ra_ds\eilink_ra_ds\data\raw_pdfs\15_9_19_BT2_1998_01_31.pdf,1998-01-31,00:30,0.0,interruption,repair,fail,5,state:fail(+5),MOVED RIG 30M OFF LOCATION IN 020 DEGR DIRECTION.
1390,15_9_19,C:\Users\user\Downloads\eilink_ra_ds\eilink_ra_ds\data\raw_pdfs\15_9_19_BT2_1998_01_31.pdf,1998-01-31,00:00,0.0,interruption,repair,fail,5,state:fail(+5),CONTINUED RIGGING DOWN FROM SLIP JT. STORED RISER SUPPORT RING.
1388,15_9_19,C:\Users\user\Downloads\eilink_ra_ds\eilink_ra_ds\data\raw_pdfs\15_9_19_BT2_1998_01_30.pdf,1998-01-30,19:00,96.0,interruption,re,fail,5,state:fail(+5),PICKED UP 2 RISERS AND MADE UP TO SLIP JT. pair
8568,15_9_F_14,C:\Users\user\Downloads\eilink_ra_ds\eilink_ra_ds\data\raw_pdfs\15_9_F_14_2008_05_27.pdf,2008-05-27,23:00,2783.0,drilling,casing,ok,5,EQUIPMENT_FAILURE(+4)|REPAIR(+1),"Circulated casing volume and btms up, a total of 1150 strks, at 1770 lpm / 53 bar loss free rate. Observed 3 m3/hr loss at 2000 lpm but had full return at 1770 lpm. Equipment Failure Information Start Depth Sub Equip -- Syst Operation Downtime Equipment Remark time mMD mTVD Class ((min)) Repaired 00:00 1188 drill floor -- drilling control 0 00:00 Camera on PDM displayed a ""blue and blurring"" picture. Re-sat HMI software to be able to see picture on t he screen."
8546,15_9_F_14,C:\Users\user\Downloads\eilink_ra_ds\eilink_ra_ds\data\raw_pdfs\15_9_F_14_2008_05_25.pdf,2008-05-25,23:30,12.0,drilling,casing,ok,5,EQUIPMENT_FAILURE(+4)|REPAIR(+1),PU shoe joint. Equipment Failure Information Start time Depth mMD Depth mTVD Sub Equip -- Syst Class Operation Downtime ((min)) Equipment Repaired Remark 00:00 2289 service equ -- special service equ 0 00:00 Ha problems down linking to Schlumberger powerdrive and getting proper MWD signals . Bit Record Run Bit IADC Manufacturer Hrs Start End Hole Made ((last Hours Drilled ((last Form Total Hole Total Hrs No.. Size Type Code Drilled mMD 2244HH)) 2244HH)) ROP Made Drilled 6 12.25 in MDI716 M323 Smith Internation 24.9 2281 2281 20.4 18.7 541 28.9 al
8519,15_9_F_14,C:\Users\user\Downloads\eilink_ra_ds\eilink_ra_ds\data\raw_pdfs\15_9_F_14_2008_05_23.pdf,2008-05-23,19:00,2591.0,drilling,drill,ok,5,EQUIPMENT_FAILURE(+4)|REPAIR(+1),"Drilled 12 1/4"" hole section from 2460 m to 2591 m MD. Drilling parameters : Flow 3500 lpm / SPP 238-249 bar / String RPM 140 / Bit RPM 240 / WOB 3-8 MT / Torque 6-13 kNm / ECD 1,32-1,33 / ROP 30-50 m/hr. Hard stringers encountered at 2518-2519 m and 2565-2568 m MD. Meanwhile inspected CRI hose using ROV. Equipment Failure Information Start time Depth mMD Depth mTVD Sub Equip -- Syst Class Operation Downtime ((min)) Equipment Repaired Remark 00:00 2299 drill floor -- drilling control 0 00:00 Software had to be re-booted to function properly on FWD PRS."
1332,15_9_19,C:\Users\user\Downloads\eilink_ra_ds\eilink_ra_ds\data\raw_pdfs\15_9_19_BT2_1998_01_26.pdf,1998-01-26,07:30,0.0,plug aban,,fail,5,state:fail(+5),POOH - DIDN'T RECOVER SEAL ASSEMBLY. don -- cut
1303,15_9_19,C:\Users\user\Downloads\eilink_ra_ds\eilink_ra_ds\data\raw_pdfs\15_9_19_BT2_1998_01_24.pdf,1998-01-24,02:30,0.0,plug abandon,o,fail,5,state:fail(+5),"WHILE CLEANING RIG FLOOR & PREPARING TO MU BHA, VISUALLY OBSERVED ANNULUS LEVEL DROP IN RISER. CLOSED BLIND/SHEAR RAMS; RATE OF MUD LOS ther S DID NOT DECREASE; 1,3 M3 LOST IN 30 MINUTES.OPENED BLIND/SHEAR RAMS - MUD NEEDED TO FILL HOLE BELOW RAMS WAS NEGLIGIBLE."
1277,15_9_19,C:\Users\user\Downloads\eilink_ra_ds\eilink_ra_ds\data\raw_pdfs\15_9_19_BT2_1998_01_22.pdf,1998-01-22,07:00,3558.0,plug abandon -,,fail,5,state:fail(+5),"WHILE POOH FROM 3694-3558 M, PIPE STUCK Ø 3558 M. COULD ROTATE BUT UNABLE TO PULL ABOVE 3558M. WORKED STRING FREE WITH MAXIMUM OF 50 MT OVER - other PULL."
1274,15_9_19,C:\Users\user\Downloads\eilink_ra_ds\eilink_ra_ds\data\raw_pdfs\15_9_19_BT2_1998_01_22.pdf,1998-01-22,02:00,3581.0,interruption --,,ok,5,EQUIPMENT_FAILURE(+4)|WAIT(+1),DISPLACED RISER WITH OIL BASE MUD BY CIRCULATING DOWN CHOKE & KILL LINES. OPENED LPR & PULLED HANG-OFF-TOOL OUT OF WELLHEAD - 54 MT OF OVER waiting on weat PULL REQUIRED / 186 MT WEIGHT INDICATOR READING. POOH WITH HANG-OFF-TOOL TO SURFACE & BROKE-OUT SAME FROM DRILLPIPE; MUD U-TUBING UP DRILLPI her PE. SECURE DRILLPIPE WITH IBOP & STOOD BACK HANG-OFF-TOOL.
1228,15_9_19,C:\Users\user\Downloads\eilink_ra_ds\eilink_ra_ds\data\raw_pdfs\15_9_19_BT2_1998_01_17.pdf,1998-01-17,00:00,3172.0,formation,,fail,5,state:fail(+5),COMPLETED RD SIDE ENTRY SUB FROM DRILLPIPE. evaluation -- other
1227,15_9_19,C:\Users\user\Downloads\eilink_ra_ds\eilink_ra_ds\data\raw_pdfs\15_9_19_BT2_1998_01_16.pdf,1998-01-16,21:00,3171.0,formation,,fail,5,state:fail(+5),ATLAS PULLED WET CONNECTOR LOOSE - REQUIRED 65 MINUTES OF CONSTANT PULLING & WORKING ELECTRIC LINE & RECIPROCATING DRILLPIPE. FINALLY PULLED evaluation WET CONNECTOR FREE AFTER USING A MAXIMUM OF 11300 LBS- 5 MT - OF PULL. ATLAS POOH WITH ELECTRIC LINE;NOTICED A DAMAGED SECTION-2 CM LONG-OF WIRE -- other LINE WHEN THEY STARTED POOH. START RD SIDE ENTRY SUB.
1226,15_9_19,C:\Users\user\Downloads\eilink_ra_ds\eilink_ra_ds\data\raw_pdfs\15_9_19_BT2_1998_01_16.pdf,1998-01-16,19:30,3171.0,formation,,fail,5,state:fail(+5),NOTICED WASH-OUT ON SIDE ENTRY SUB'S PACKING NUT. REMOVED NUT; RUBBER PACKING NOT IN PLACE. REALIZED THAT SIDE ENTRY SUB'S PROFILE WAS ALSO WA evaluation SHED. INSTALLED A NEW RUBBER PACKING; UNSUCCESSFUL IN TIGHTENING PACKING NUT COMPLETELY - DUE TO WASH-OUT. DETERMINATION MADE THAT SIDE ENTR -- other Y SUB REQUIRED REPLACING.
9153,15_9_F_14,C:\Users\user\Downloads\eilink_ra_ds\eilink_ra_ds\data\raw_pdfs\15_9_F_14_2008_06_28.pdf,2008-06-28,23:00,0.0,interruption,,ok,5,EQUIPMENT_FAILURE(+4)|REPAIR(+1),"Attempted several times to engage and release diverter - negative. Laid down diverter release tool. -- other Equipment Failure Information Start Depth Sub Equip -- Syst Class Operation Downtime Equipment Remark time mMD mTVD ((min)) Repaired 00:00 1565 pipe handling equ syst -- elev 0 00:00 During runnig 7"" tubing a hose on the BX elevator was caught and damaged. Had to change the hose. Do ator wntime 0,5 hrs. 00:00 2596 service equ -- wellhead tubula 0 00:00 Unable to get good test on penetration fittings r equ"
9096,15_9_F_14,C:\Users\user\Downloads\eilink_ra_ds\eilink_ra_ds\data\raw_pdfs\15_9_F_14_2008_06_25.pdf,2008-06-25,21:45,2100.0,completion,,ok,5,EQUIPMENT_FAILURE(+4)|REPAIR(+1),"Took measurements. Cut, stripped and splitted control line. Dressed DHPG control line ends. Installed and made up splice cylinder according to WD procedure. Installed lower connector on -- completi chemical injection line. on string Equipment Failure Information Start time Depth mMD Depth mTVD Sub Equip -- Syst Class Operation Downtime ((min)) Equipment Repaired Remark 00:00 0 material handling syst -- utility winchs 0 00:00 Damage to tugger wire. Checked and respooled same."
9050,15_9_F_14,C:\Users\user\Downloads\eilink_ra_ds\eilink_ra_ds\data\raw_pdfs\15_9_F_14_2008_06_22.pdf,2008-06-22,23:15,20.0,completion,ci,ok,5,EQUIPMENT_FAILURE(+4)|REPAIR(+1),"Continued to POOH with cleaning string on 3 1/2"" DP from 150 m to 20 m MD. Laid down 3 1/2"" singles. rculating conditioning Equipment Failure Information Start time Depth mMD Depth mTVD Sub Equip -- Syst Class Operation Downtime ((min)) Equipment Repaired Remark 00:00 3634 hoisting equ -- top drive 0 00:00 Leakage on wash pipe during displacement."
9032,15_9_F_14,C:\Users\user\Downloads\eilink_ra_ds\eilink_ra_ds\data\raw_pdfs\15_9_F_14_2008_06_21.pdf,2008-06-21,23:30,3634.0,completion,circulati,ok,5,EQUIPMENT_FAILURE(+4)|REPAIR(+1),"Pumped 1,03 sg packer fluid at 2800 lpm / SPP 297 bar. ng conditioning Equipment Failure Information Start time Depth mMD Depth mTVD Sub Equip -- Syst Class Operation Downtime ((min)) Equipment Repaired Remark 00:00 1022 pipe handling equ syst -- elevator 0 00:00 Broken safety chain on DP elevator"
8796,15_9_F_14,C:\Users\user\Downloads\eilink_ra_ds\eilink_ra_ds\data\raw_pdfs\15_9_F_14_2008_06_10.pdf,2008-06-10,23:30,545.0,drilling,other,ok,5,EQUIPMENT_FAILURE(+4)|REPAIR(+1),Started calibration of Schlumberger MWD block height. Equipment Failure Information Start time Depth mMD Depth mTVD Sub Equip -- Syst Class Operation Downtime ((min)) Equipment Repaired Remark 00:00 28 miscellaneous equ syst -- wellhead subsea run tes 0 00:00 Unable to release Adjustment Sub Setting Tool from Adjustment Sub. t
1387,15_9_19,C:\Users\user\Downloads\eilink_ra_ds\eilink_ra_ds\data\raw_pdfs\15_9_19_BT2_1998_01_30.pdf,1998-01-30,18:00,96.0,interruption,re,fail,5,state:fail(+5),PULLED AND LAID DOWN DIVERTER ASSY. pair
1370,15_9_19,C:\Users\user\Downloads\eilink_ra_ds\eilink_ra_ds\data\raw_pdfs\15_9_19_BT2_1998_01_29.pdf,1998-01-29,07:00,211.0,interruption -,,fail,5,state:fail(+5),DISPLACED RISER FROM MUD TO SEAWATER. - maintain
1344,15_9_19,C:\Users\user\Downloads\eilink_ra_ds\eilink_ra_ds\data\raw_pdfs\15_9_19_BT2_1998_01_26.pdf,1998-01-26,23:30,1427.0,interruptio,,fail,5,state:fail(+5),AIR HOSE TO PNEUMATIC DRILLPIPE ELEVATORS BURST. REMOVED AIR HOSE & RU MANUAL DRILLPIPE ELEVATORS. n -- maintain
1341,15_9_19,C:\Users\user\Downloads\eilink_ra_ds\eilink_ra_ds\data\raw_pdfs\15_9_19_BT2_1998_01_26.pdf,1998-01-26,21:30,1465.0,interruptio,,fail,5,state:fail(+5),INVESTIGATE BARITE SITUATION - CHECK BARITE TANKS . n -- maintain
960,15_9_19,C:\Users\user\Downloads\eilink_ra_ds\eilink_ra_ds\data\raw_pdfs\15_9_19_BT2_1997_12_15.pdf,1997-12-15,22:00,2097.0,interruption,,fail,5,state:fail(+5),"STARTED TO PU TO PULL HGR. SETTING TOOL TO TOL/2097M. WHILE TRYING TO STAND BACK CMT. STAND, STAND ""DROPPED"" ACROSS DERRICK. RECOVERED/STOO -- maintain D BACK STAND."
954,15_9_19,C:\Users\user\Downloads\eilink_ra_ds\eilink_ra_ds\data\raw_pdfs\15_9_19_BT2_1997_12_15.pdf,1997-12-15,11:30,3030.0,interruption,,fail,5,state:fail(+5),"LOST POWER TO DRAWWORKS. DISCOVERED PROBLEM RELATED TO DRAWWORKS' MOTOR ""C"". -- maintain"
1199,15_9_19,C:\Users\user\Downloads\eilink_ra_ds\eilink_ra_ds\data\raw_pdfs\15_9_19_BT2_1998_01_13.pdf,1998-01-13,08:00,3760.0,interruption,maintain,fail,5,state:fail(+5),RESTORED ELECTRIC POWER TO DRAWWORKS.
1180,15_9_19,C:\Users\user\Downloads\eilink_ra_ds\eilink_ra_ds\data\raw_pdfs\15_9_19_BT2_1998_01_10.pdf,1998-01-10,06:00,4139.0,formation evaluation,o,fail,5,state:fail(+5),FINISHED REAMING FROM 4130M TO 4139M TO ACQUIRE BETTER MWD LOG. ther
1179,15_9_19,C:\Users\user\Downloads\eilink_ra_ds\eilink_ra_ds\data\raw_pdfs\15_9_19_BT2_1998_01_10.pdf,1998-01-10,03:30,4130.0,formation evaluation,o,fail,5,state:fail(+5),POOH TO 4105M. STRING STUCK BRIEFLY AT 4123M WHILE RACKING BACK STAND OF DRILL PIPE. REAMED FROM 4105M TO 4130M TO ACQUIR ther E BETTER MWD LOG.
1118,15_9_19,C:\Users\user\Downloads\eilink_ra_ds\eilink_ra_ds\data\raw_pdfs\15_9_19_BT2_1998_01_02.pdf,1998-01-02,22:00,0.0,interruption,waiting o,fail,5,state:fail(+5),"SUSPENDED OPERATIONS DUE TO HIGH WINDS AND SEA STATE. WIND 25-30 M/S, SEAS 5M AND RISING, ROLL 3-4 DEG. WITH PEAKS OF 6 DEG., PITCH n weather 1-3 DEG, HEAVE 2M AND RISING, RISER ANGLE 2-4 DEGREES."
1115,15_9_19,C:\Users\user\Downloads\eilink_ra_ds\eilink_ra_ds\data\raw_pdfs\15_9_19_BT2_1998_01_02.pdf,1998-01-02,10:30,3824.0,interruption,fish,fail,5,state:fail(+5),JARRED PIPE FREE - MAX O'PULL 75 TONS.
1079,15_9_19,C:\Users\user\Downloads\eilink_ra_ds\eilink_ra_ds\data\raw_pdfs\15_9_19_BT2_1997_12_29.pdf,1997-12-29,23:30,1873.0,interruptio,,fail,5,state:fail(+5),DISCOVERED SMOKE FROM INSIDE DRAWORKS. FOUND SMOULDERS FROM GREASE/OBM BEHIND BRAKE BANDS. EXTINGUISED SMOULDERS AND CLEANED BRAKE BA n -- maint NDS. ain
1070,15_9_19,C:\Users\user\Downloads\eilink_ra_ds\eilink_ra_ds\data\raw_pdfs\15_9_19_BT2_1997_12_29.pdf,1997-12-29,00:00,3669.0,drilling --,,fail,5,state:fail(+5),"PERFORMED FLOW CHECK AND OBSERVED WELL FLOW. CLOSE ANNULAR, NO PRESSURE OBSERVED. OPENED CHOKE AND OBSERVED WELL STATIC. FOUND MUD WEI drill GHT TO BE INSUFFICIENT AND CAUSED U TUBE EFFECT. CORRECTED MUD WEIGHT IN ACTIVE FROM 1.45 SG TO 1.40 SG WHILST RECIPROCATED STRING AND CIRCULAT ED WITH 20 SPM."
9472,15_9_F_14,C:\Users\user\Downloads\eilink_ra_ds\eilink_ra_ds\data\raw_pdfs\15_9_F_14_2010_09_14.pdf,2010-09-14,23:30,3380.0,workover,w,ok,5,EQUIPMENT_FAILURE(+4)|REPAIR(+1),Started tractor and RIH to 3380 m. ire line Equipment Failure Information Start time Depth mMD Depth mTVD Sub Equip -- Syst Class Operation Downtime ((min)) Equipment Repaired Remark 00:00 0 service equ -- other 0 00:00 WL winch suddenly stopped. Unable to find and correct problem.
9321,15_9_F_14,C:\Users\user\Downloads\eilink_ra_ds\eilink_ra_ds\data\raw_pdfs\15_9_F_14_2008_07_10.pdf,2008-07-10,23:15,0.0,workover --,,ok,5,EQUIPMENT_FAILURE(+4)|REPAIR(+1),"Held tool box meeting before operating valves due to new drilling- and production crews. Closed SV and HMV. Bled off XMT cross to 5 bar. wire line Equipment Failure Information Start Depth Sub Equip -- Operation Equipment Remark time mMD mTVD Syst Class Downtime ((min)) Repaired 00:00 1562 service equ -- oth 0 00:00 WL winch would not start and the re-set handle for 380 V power supply had broken off. Machined and installed new re-set handle, but were still er not able to start WL winch. Electrican opened ex-panel and found loose rele."
9300,15_9_F_14,C:\Users\user\Downloads\eilink_ra_ds\eilink_ra_ds\data\raw_pdfs\15_9_F_14_2008_07_09.pdf,2008-07-09,22:45,0.0,workover --,,ok,5,EQUIPMENT_FAILURE(+4)|REPAIR(+1),MU and installed BHA #7 to perforate interval #5. Lowered 30 ft gun section into lower riser section and hung off in C-plate. Connected and armed perforating gun according to Schlumb rig up/down erger procedure. Equipment Failure Information Start Depth Sub Equip -- Syst Operation Equipment Remark time mMD mTVD Class Downtime ((min)) Repaired 00:00 0 service equ -- other 0 00:00 Observed incorrect installation of hoses on lubricator and had to LD down lubricator to re-arrange hoses. 00:00 0 service equ -- other 0 00:00 The drain hose on the lubricator had been splized and the splize tore apart. This happened at a level 2.25 m above rig-floor and seaw ell had to use riding belt to be able to fix the hose.
9283,15_9_F_14,C:\Users\user\Downloads\eilink_ra_ds\eilink_ra_ds\data\raw_pdfs\15_9_F_14_2008_07_08.pdf,2008-07-08,23:30,0.0,workover --,,ok,5,EQUIPMENT_FAILURE(+4)|REPAIR(+1),"Installed tool catcher for Schlumberger cable head. rig up/down Equipment Failure Information Start Depth Sub Equip -- Syst Operation Equipment Remark time mMD mTVD Class Downtime ((min)) Repaired 00:00 2500 service equ -- electr 0 00:00 Schlumberger was unable to communicate with gun switches. Trouble shoot problem with gun switch and found faulty switch. Changed to ba logging equ ck-up switches. Checked toolstring with tractor and switches installed. Ok. 00:00 86 service equ -- other 0 00:00 WL winch would not start and the re-set handle for 380 V power supply had broken off. Machined and installed new re-set handle, but were stil l not able to start WL winch. Electrican opened ex-panel and found loose rele. 00:00 0 service equ -- other 0 00:00 Found kink on return hose and missing plug for grease head."
9262,15_9_F_14,C:\Users\user\Downloads\eilink_ra_ds\eilink_ra_ds\data\raw_pdfs\15_9_F_14_2008_07_07.pdf,2008-07-07,23:30,250.0,interruption,,ok,5,EQUIPMENT_FAILURE(+4)|REPAIR(+1),"POOH with BHA #4 from 1500 m to 250 m. Powered down logging unit with guns 70 m below seabed. -- other Equipment Failure Information Start Depth Sub Equip -- Syst Operation Equipment Remark time mMD mTVD Class Downtime ((min)) Repaired 00:00 0 service equ -- other 0 00:00 WL winch would not start and the re-set handle for 380 V power supply had broken off. Machined and installed new re-set handle, but were stil l not able to start WL winch. Electrican opened ex-panel and found loose rele. 00:00 0 service equ -- electr 0 00:00 Schlumberger unit experienced power shut down and had to restart all systems. logging equ"
9245,15_9_F_14,C:\Users\user\Downloads\eilink_ra_ds\eilink_ra_ds\data\raw_pdfs\15_9_F_14_2008_07_06.pdf,2008-07-06,23:45,0.0,workover,ri,ok,5,EQUIPMENT_FAILURE(+4)|REPAIR(+1),"Leak tested in-situ sub to 30/150 bar 5/10 min using Seawell pumpe and 100% MEG. Ok. g up/down Equipment Failure Information Start Depth Sub Equip -- Operation Equipment Remark time mMD mTVD Syst Class Downtime ((min)) Repaired 00:00 3400 service equ -- oth 0 00:00 While correlating before shooting the 4.5 "" HSD guns, the mode was changed from running Welltec tractor to logging and schlumberger co er uld no longer communicate properly with GR and the gun switches."
9226,15_9_F_14,C:\Users\user\Downloads\eilink_ra_ds\eilink_ra_ds\data\raw_pdfs\15_9_F_14_2008_07_05.pdf,2008-07-05,19:30,0.0,interruption,rig,ok,5,EQUIPMENT_FAILURE(+4)|REPAIR(+1),Made and installed new re-set handle for WL winch 380 V power supply. Trouble shoot problem with power supply. up/down Equipment Failure Information Start time Depth mMD Depth mTVD Sub Equip -- Syst Class Operation Downtime ((min)) Equipment Repaired Remark 00:00 0 service equ -- other 0 00:00 Toolcatcher was not hooked up properly.
943,15_9_19,C:\Users\user\Downloads\eilink_ra_ds\eilink_ra_ds\data\raw_pdfs\15_9_19_BT2_1997_12_14.pdf,1997-12-14,04:30,0.0,drilling,c,fail,5,state:fail(+5),"RU TO RUN 7"" LINER. HELD SAFETY MEETING. MU FLOAT SHOE TO FIRST JT.; MU FLOAT COLLAR Ø REPORT TIME. asing"
942,15_9_19,C:\Users\user\Downloads\eilink_ra_ds\eilink_ra_ds\data\raw_pdfs\15_9_19_BT2_1997_12_14.pdf,1997-12-14,00:00,0.0,drilling,c,fail,5,state:fail(+5),"CONTINUED TO POOH FROM 2146M TO SURFACE.TOTAL MUD LOSS WHILE TOH=,4M3. asing"
941,15_9_19,C:\Users\user\Downloads\eilink_ra_ds\eilink_ra_ds\data\raw_pdfs\15_9_19_BT2_1997_12_13.pdf,1997-12-13,23:30,2146.0,drilling,casi,fail,5,state:fail(+5),FLOWCHECKED WHILE CLEANING RIG FLOOR.PUMPED SLUG&POOH FROM 2172-2146M. ng
935,15_9_19,C:\Users\user\Downloads\eilink_ra_ds\eilink_ra_ds\data\raw_pdfs\15_9_19_BT2_1997_12_13.pdf,1997-12-13,10:30,2100.0,drilling,casi,fail,5,state:fail(+5),"TIH FROM 136 - 2100 M / ABOVE 9 5/8"" WINDOW. ng"
934,15_9_19,C:\Users\user\Downloads\eilink_ra_ds\eilink_ra_ds\data\raw_pdfs\15_9_19_BT2_1997_12_13.pdf,1997-12-13,07:00,136.0,drilling,casi,fail,5,state:fail(+5),MU ROTARY BHA FOR WIPER TRIP. CHANGED BHA - ADDED MWD TOOL TO BHA. ng
9698,15_9_F_14,C:\Users\user\Downloads\eilink_ra_ds\eilink_ra_ds\data\raw_pdfs\15_9_F_14_2016_08_04.pdf,2016-08-04,23:45,0.0,plug abandon,oth,ok,5,EQUIPMENT_FAILURE(+4)|REPAIR(+1),"Cleaned and cleared drill floor er Equipment Failure Information Start time Depth mMD Depth mTVD Sub Equip -- Syst Class Operation Downtime ((min)) Equipment Repaired Remark 00:00 0 service equ -- wellhead tubular equ 0 00:00 Unable to achieve acceptable connector test against BPV plug. 00:00 0 hoisting equ -- top drive 0 00:00 Changing fittings on TDS 00:00 0 service equ -- cementing unit 0 00:00 Damage on seal face on 7"" swage"
9526,15_9_F_14,C:\Users\user\Downloads\eilink_ra_ds\eilink_ra_ds\data\raw_pdfs\15_9_F_14_2010_09_21.pdf,2010-09-21,06:00,0.0,workover,rig up/do,ok,5,EQUIPMENT_FAILURE(+4)|REPAIR(+1),Leak tested x-mas tree cross. 170 bar for 10 min. Leak tested KWV end cap and XMT top cap to 20/345 bar for 5/10 min. Handed well over to Production D wn epartment. ______________________END OF OPERATION______________________ Equipment Failure Information Start time Depth mMD Depth mTVD Sub Equip -- Syst Class Operation Downtime ((min)) Equipment Repaired Remark 00:00 2630 service equ -- other 0 00:00 Short in circuit. Synergi vil bli skreve n
1069,15_9_19,C:\Users\user\Downloads\eilink_ra_ds\eilink_ra_ds\data\raw_pdfs\15_9_19_BT2_1997_12_28.pdf,1997-12-28,22:30,3679.0,interruption,repair,fail,5,state:fail(+5),"LOG SECTION FROM 3645M TO 3679M WITH MWD. OBSERVED PIT GAIN 0,5 M3."
1066,15_9_19,C:\Users\user\Downloads\eilink_ra_ds\eilink_ra_ds\data\raw_pdfs\15_9_19_BT2_1997_12_28.pdf,1997-12-28,13:00,3198.0,interruption,repair,fail,5,state:fail(+5),MADE UP BIT AND CHECKED SCRIBE LINE. RIH TO LINER SHOE. FILLED STRING EVERY 20 STANDS.
1064,15_9_19,C:\Users\user\Downloads\eilink_ra_ds\eilink_ra_ds\data\raw_pdfs\15_9_19_BT2_1997_12_28.pdf,1997-12-28,00:00,40.0,interruption,repair,fail,5,state:fail(+5),CONTINUED POOH. RE-SLUGGED AT LINER SHOE.
1063,15_9_19,C:\Users\user\Downloads\eilink_ra_ds\eilink_ra_ds\data\raw_pdfs\15_9_19_BT2_1997_12_27.pdf,1997-12-27,23:00,3350.0,interruption,repai,fail,5,state:fail(+5),PUMPED SLUG AND POOH TO 3350M. HOLE IN GOOD CONDITION. r
1062,15_9_19,C:\Users\user\Downloads\eilink_ra_ds\eilink_ra_ds\data\raw_pdfs\15_9_19_BT2_1997_12_27.pdf,1997-12-27,22:00,3570.0,interruption,repai,fail,5,state:fail(+5),REAMED SECTION FROM 3690M TO 3570M 3 TIMES. r
1050,15_9_19,C:\Users\user\Downloads\eilink_ra_ds\eilink_ra_ds\data\raw_pdfs\15_9_19_BT2_1997_12_26.pdf,1997-12-26,03:00,2325.0,interruption,maintain,fail,5,state:fail(+5),"CHANGED DIES ON IRON ROUGHNECK, SERVICED TOP DRIVE, RE-TIGHTED BOLTS ON STANDLIFT CYLINDER."
998,15_9_19,C:\Users\user\Downloads\eilink_ra_ds\eilink_ra_ds\data\raw_pdfs\15_9_19_BT2_1997_12_20.pdf,1997-12-20,06:00,3348.0,interruption,o,fail,5,state:fail(+5),CONTINUED TROUBLE SHOOT MWD DECODING. ther
997,15_9_19,C:\Users\user\Downloads\eilink_ra_ds\eilink_ra_ds\data\raw_pdfs\15_9_19_BT2_1997_12_20.pdf,1997-12-20,03:30,3348.0,interruption,o,fail,5,state:fail(+5),"OBTAINED SURVEY AT 3321M. ATTEMPTED TO GET CONTINOUS TOOLFACE READING NO SUCCESS DUE TO MWD SIGNAL DECODING PROBLEM AT SURFACE. CHAR ther GED RIG PUMP PULSATION DAMPERS TO 900 PSI, DID NOT GET IMPROVEMENT ON MWD SURFACE READOUT. CONTINUING TROUBLE SHOOT MWD DECODING."
994,15_9_19,C:\Users\user\Downloads\eilink_ra_ds\eilink_ra_ds\data\raw_pdfs\15_9_19_BT2_1997_12_19.pdf,1997-12-19,21:00,3317.0,interruption,other,fail,5,state:fail(+5),"TOOK MULTIPLE SURVEYS AT 3264 AND 3294M. OBTAINED INCOMPLETE SIGNALS. ALTERNATED RECEIVING FILTERS, SIGNALS STILL OUT OF SPEC. CALCU LATED GOOD RESULTS FROM MULTIPLE SURVEYS AND OBTAINED GOOD SURVEYS."
931,15_9_19,C:\Users\user\Downloads\eilink_ra_ds\eilink_ra_ds\data\raw_pdfs\15_9_19_BT2_1997_12_13.pdf,1997-12-13,00:00,2162.0,drilling,casi,fail,5,state:fail(+5),CONTINUED TO POOH FROM 2625 - 2162 M. 30 MT DRAG Ø 2534 & 2492 M BUT ABLE TO WIPE THROUGH ON 2ND ATTEMPT THROUGH. ng
930,15_9_19,C:\Users\user\Downloads\eilink_ra_ds\eilink_ra_ds\data\raw_pdfs\15_9_19_BT2_1997_12_12.pdf,1997-12-12,23:30,2625.0,drilling,c,fail,5,state:fail(+5),POOH FROM 2711 - 2625 M; HOLE TAKING CORRECT FILL-UP WHEN PULLING STRING. asing
928,15_9_19,C:\Users\user\Downloads\eilink_ra_ds\eilink_ra_ds\data\raw_pdfs\15_9_19_BT2_1997_12_12.pdf,1997-12-12,21:30,2827.0,drilling,c,fail,5,state:fail(+5),"CIRCULATED BOTTOMS-UP & BOOSTED RISER IN ATTEMPT TO CLEAN HOLE/REDUCE MUD LOSSES WHILE BACKREAMING-OUT. EXCESSIVE AMOUNT OF CUTTINGS STIL asing L COMING ACROSS SHAKERS AFTER 1 BTMS-UP. LOST 2,2 M3 MUD WHILE CIRC. - FINAL FLOW RATE PRIOR TO STOPPING CIRC. WAS 1600 LPM Ø 155 BAR."
926,15_9_19,C:\Users\user\Downloads\eilink_ra_ds\eilink_ra_ds\data\raw_pdfs\15_9_19_BT2_1997_12_12.pdf,1997-12-12,18:00,3076.0,drilling,c,fail,5,state:fail(+5),POOH TO 3076 M. 25 MT DRAG Ø 3090 M BUT ABLE TO WIPE THROUGH ON 2ND ATTEMPT; 30 MT DRAG Ø 3076M - UNABLE TO WIPE THROUGH AFTER 3 ATTEMPTS. asing
925,15_9_19,C:\Users\user\Downloads\eilink_ra_ds\eilink_ra_ds\data\raw_pdfs\15_9_19_BT2_1997_12_12.pdf,1997-12-12,08:30,3220.0,drilling,c,fail,5,state:fail(+5),"CIRCULATED - 1800 LPM Ø 200 BAR - UNTIL SHAKERS CLEANED-UP. BOOSTED RISER Ø 1500 LPM WHILE CIRCULATING DOWN DRILLSTRING. TOTAL MUD LOST = 16 M3 asing BUT EXCESSIVE AMOUNT OF CUTTINGS WERE CIRCULATED OUT DURING THE TIME PERIOD. FLOW-CHECKED; 0,72 M3 WERE GAINED BUT HOLE DID BECOME STATIC."
924,15_9_19,C:\Users\user\Downloads\eilink_ra_ds\eilink_ra_ds\data\raw_pdfs\15_9_19_BT2_1997_12_12.pdf,1997-12-12,06:00,3220.0,drilling,c,fail,5,state:fail(+5),CONTINUED TO TIH - WASHED/REAMED FROM 2943 - 3220 M. asing
922,15_9_19,C:\Users\user\Downloads\eilink_ra_ds\eilink_ra_ds\data\raw_pdfs\15_9_19_BT2_1997_12_12.pdf,1997-12-12,04:30,2894.0,drilling,c,fail,5,state:fail(+5),"WHILE WASHING Ø 2894M, STARTED LOSING MUD AT SHAKERS BECAUSE OF LARGE AMOUNT OF CUTTINGS AT SURFACE. PU & REDUCE FLOW-RATE UNTIL SHAKERS C asing LEANED-UP. NOTE: CUTTINGS BACK FROM APPROX. 2800-2850M; SHAKERS WERE BLINDED-OVER BY FINE SOLIDS."
921,15_9_19,C:\Users\user\Downloads\eilink_ra_ds\eilink_ra_ds\data\raw_pdfs\15_9_19_BT2_1997_12_12.pdf,1997-12-12,02:30,2894.0,drilling,c,fail,5,state:fail(+5),"CONTINUED TO TIH FROM 2746 - 2894M - WASHING & REAMING WHEN NEEDED TO PASS SEVERAL SPOTS. PROBLEMS Ø: 2746M, 2768M, 2782M, 2783 - 2793M, 2846M, 28 asing 80M, 2882M - 2894M."
920,15_9_19,C:\Users\user\Downloads\eilink_ra_ds\eilink_ra_ds\data\raw_pdfs\15_9_19_BT2_1997_12_12.pdf,1997-12-12,01:00,2746.0,drilling,c,fail,5,state:fail(+5),CONTINUED TO RIH FROM 2159 - 2746M. WORKED PAST 2682M - WHERE 15 MT DRAG OCCURRED. asing
918,15_9_19,C:\Users\user\Downloads\eilink_ra_ds\eilink_ra_ds\data\raw_pdfs\15_9_19_BT2_1997_12_11.pdf,1997-12-11,22:30,2159.0,drilling,casing,fail,5,state:fail(+5),"CONTINUED TO RIH TO 2159 M - ABOVE 9 5/8"" WINDOW Ø 2178 M."
917,15_9_19,C:\Users\user\Downloads\eilink_ra_ds\eilink_ra_ds\data\raw_pdfs\15_9_19_BT2_1997_12_11.pdf,1997-12-11,17:30,1528.0,drilling,casing,fail,5,state:fail(+5),"LD 27 JTS. 5"" DP - 21 FROM STRING & 6 FROM DERRICK - TO ALLOW STANDING BACK ADDITIONAL HWDP IN DERRICK. PU & STOOD BACK 19 JTS. 5"" HWDP - FOR 7"" LINER JOB."
9812,15_9_F_14,C:\Users\user\Downloads\eilink_ra_ds\eilink_ra_ds\data\raw_pdfs\15_9_F_14_2016_08_08.pdf,2016-08-08,13:30,0.0,interruption,repair,ok,5,EQUIPMENT_FAILURE(+4)|REPAIR(+1),Repaired elevator leak. Replaced valve on same
952,15_9_19,C:\Users\user\Downloads\eilink_ra_ds\eilink_ra_ds\data\raw_pdfs\15_9_19_BT2_1997_12_15.pdf,1997-12-15,10:00,3006.0,interruption,,fail,5,state:fail(+5),LOST POWER TO DRAWWORKS. -- maintain
950,15_9_19,C:\Users\user\Downloads\eilink_ra_ds\eilink_ra_ds\data\raw_pdfs\15_9_19_BT2_1997_12_15.pdf,1997-12-15,03:30,2593.0,drilling,ca,fail,5,state:fail(+5),"CONTINUED RUNNING 7"" LINER FROM 2167 - 2593 M. NOTE: WILL RUN 285 M OF 5"" HWDP IN LANDING STRING. sing"
946,15_9_19,C:\Users\user\Downloads\eilink_ra_ds\eilink_ra_ds\data\raw_pdfs\15_9_19_BT2_1997_12_14.pdf,1997-12-14,17:30,1131.0,drilling,c,fail,5,state:fail(+5),"MU 1 STD. 5"" DP ONTO HANGER'S SETTING TOOL. CIRCULATED 1 LINER VOLUME; 600 LPM = 24 BAR. asing"
945,15_9_19,C:\Users\user\Downloads\eilink_ra_ds\eilink_ra_ds\data\raw_pdfs\15_9_19_BT2_1997_12_14.pdf,1997-12-14,16:30,1103.0,drilling,c,fail,5,state:fail(+5),"MU NODECO 7"" X 9 5/8"" LINER HANGER INTO 7"" LINER STRING. LINER WT.= 38,6MT; PU WT. = 81,7MT; SO WT. = 77,1 MT. asing"
915,15_9_19,C:\Users\user\Downloads\eilink_ra_ds\eilink_ra_ds\data\raw_pdfs\15_9_19_BT2_1997_12_11.pdf,1997-12-11,06:00,0.0,drilling,casing,fail,5,state:fail(+5),"CONTINUED TO POOH / LD 7"" LINER FROM 810 M - SURFACE. TOTAL OF 90 JTS. LD. STOOD BACK SHOE TRACK - THREAD-LOCKED TOGETHER."
914,15_9_19,C:\Users\user\Downloads\eilink_ra_ds\eilink_ra_ds\data\raw_pdfs\15_9_19_BT2_1997_12_11.pdf,1997-12-11,01:30,810.0,drilling,casing,fail,5,state:fail(+5),"RU WEATHERFORD TONG. LD NODECO HANGER & 7"" LINER. 25 JTS. OF LINER LD Ø REPORT TIME; 65 JTS. TO GO."
913,15_9_19,C:\Users\user\Downloads\eilink_ra_ds\eilink_ra_ds\data\raw_pdfs\15_9_19_BT2_1997_12_11.pdf,1997-12-11,00:00,1101.0,drilling,casing,fail,5,state:fail(+5),"CONTINUED TO POOH WITH 5"" DP X 7"" LINER FROM 1830 - 1101 M."
911,15_9_19,C:\Users\user\Downloads\eilink_ra_ds\eilink_ra_ds\data\raw_pdfs\15_9_19_BT2_1997_12_10.pdf,1997-12-10,17:00,2901.0,drilling --,,fail,5,state:fail(+5),"WORKED DOWN LINER-WITHOUT ROTATING-WHILE TRYING TO REGAIN CIRCULATION. HOLE PACKED-OFF AGAIN.ROTATED & WORKED DOWN-SLACKING OFF WEIGHT OF casing ENTIRE STRING-TO 2901 M. WHILE TRYING ESTABLISH CIRCULATION HELD 35/40 BAR BELOW 7"" SHOE. MAXIMUM TORQUE UTILIZED = 24,OOO NM;PU WT=145 MT. UNABL E TO PASS 2901 M."
910,15_9_19,C:\Users\user\Downloads\eilink_ra_ds\eilink_ra_ds\data\raw_pdfs\15_9_19_BT2_1997_12_10.pdf,1997-12-10,16:00,2878.0,drilling --,,fail,5,state:fail(+5),POOH TO 2829 M & ESTABLISHED CIRCULATION - 340 LPM Ø 38 BAR. ATTEMPTED AGAIN TO WASH LINER DOWN - HOLE PACKED-OFF AGAIN - WITH FLOAT SHOE Ø 2878 M. casing
892,15_9_19,C:\Users\user\Downloads\eilink_ra_ds\eilink_ra_ds\data\raw_pdfs\15_9_19_BT2_1997_12_08.pdf,1997-12-08,23:00,3220.0,interruption,well cont,fail,5,state:fail(+5),"FLOW-CHECKED; 0,50 M3 MUD BACK IN 30 MINUTES. HOLE DIDN'T STOP FLOWING. AGREED THAT HOLE MUST BE RETURNING MUD THAT WAS LOST rol VIA SEEPAGE."
889,15_9_19,C:\Users\user\Downloads\eilink_ra_ds\eilink_ra_ds\data\raw_pdfs\15_9_19_BT2_1997_12_08.pdf,1997-12-08,19:30,3220.0,interruption,well cont,fail,5,state:fail(+5),"FLOW-CHECKED HOLE IN PREPARATION TO POOH - 0,95 M3 MUD BACK TO TRIP TANK IN 30 MINUTES. HOLE DIDN'T STOP FLOWING. rol"
887,15_9_19,C:\Users\user\Downloads\eilink_ra_ds\eilink_ra_ds\data\raw_pdfs\15_9_19_BT2_1997_12_08.pdf,1997-12-08,10:00,3220.0,interruption,fish,fail,5,state:fail(+5),"DRILLED 8 1/2"" DIRECTIONAL HOLE FROM 3152 - 3220 M; 10 M INTO TY FORMATION. BOOSTED RISER CONSTANTLY Ø 100 SPM WHILE DRILLING. ROT ATED DRILLSTRING DURING ENTIRE INTERVAL."
886,15_9_19,C:\Users\user\Downloads\eilink_ra_ds\eilink_ra_ds\data\raw_pdfs\15_9_19_BT2_1997_12_08.pdf,1997-12-08,06:30,3152.0,interruption,fish,fail,5,state:fail(+5),WASHED/REAMED FROM 2687 - 3152 M/TD.
885,15_9_19,C:\Users\user\Downloads\eilink_ra_ds\eilink_ra_ds\data\raw_pdfs\15_9_19_BT2_1997_12_08.pdf,1997-12-08,06:00,2687.0,interruption,fish,fail,5,state:fail(+5),"CONTINUED TO RIH WITH NEW 8 1/2"" BIT TO 2687 M; TOOK 15MT WEIGHT."
884,15_9_19,C:\Users\user\Downloads\eilink_ra_ds\eilink_ra_ds\data\raw_pdfs\15_9_19_BT2_1997_12_08.pdf,1997-12-08,01:00,2400.0,interruption,fish,fail,5,state:fail(+5),"MU NEW 8 1/2"" BUTTON BIT & FUNCTION TESTED MOTOR & MWD. SERVICED TDS WHILE CHECKING MOTOR/MWD'S SCRIBE LINE. COMPLETED MU B HA & RIH TO DRILL AHEAD."
883,15_9_19,C:\Users\user\Downloads\eilink_ra_ds\eilink_ra_ds\data\raw_pdfs\15_9_19_BT2_1997_12_08.pdf,1997-12-08,00:00,0.0,interruption,fish,fail,5,state:fail(+5),FINISHED POOH. BREAK-OFF BIT. CHECKED MOTOR-OK;CHECKED MWD SCREEN-OK.
882,15_9_19,C:\Users\user\Downloads\eilink_ra_ds\eilink_ra_ds\data\raw_pdfs\15_9_19_BT2_1997_12_07.pdf,1997-12-07,19:00,60.0,interruption,fish,fail,5,state:fail(+5),POOH FOR BIT CHANGE. NOTE: EXCESSIVE DRAG FROM 2930 - 2825M;MAXIMUM DRAG = 30 MT/KOP=2911M.
9887,15_9_F_14,C:\Users\user\Downloads\eilink_ra_ds\eilink_ra_ds\data\raw_pdfs\15_9_F_14_2016_08_11.pdf,2016-08-11,03:15,0.0,plug abandon --,,ok,5,EQUIPMENT_FAILURE(+4)|REPAIR(+1),Performed drops inspection and service on TDS. Observed loss in TT of +/- .8m3/hour. mill Inspected and confirmed no leak on surface
9855,15_9_F_14,C:\Users\user\Downloads\eilink_ra_ds\eilink_ra_ds\data\raw_pdfs\15_9_F_14_2016_08_09.pdf,2016-08-09,23:00,0.0,plug abandon -,,ok,5,EQUIPMENT_FAILURE(+4)|REPAIR(+1),"M/U torque tool and RIH on 3x stands of 5,5in HWDP and 1x stand overtorqued 5,5in DP. M/U all connections to 67kNm - other Equipment Failure Information Start time Depth mMD Depth mTVD Sub Equip -- Syst Class Operation Downtime ((min)) Equipment Repaired Remark 00:00 0 pipe handling equ syst -- elevator 0 00:00 Repaired elevator leak. HYD. Replaced valve on same ."
933,15_9_19,C:\Users\user\Downloads\eilink_ra_ds\eilink_ra_ds\data\raw_pdfs\15_9_19_BT2_1997_12_13.pdf,1997-12-13,06:00,0.0,drilling,casi,fail,5,state:fail(+5),"FINISHED POOH WITH BHA. TOTAL MUD LOSS WHILE TOH = 2,1 M3. ng"
10311,15_9_F_15,C:\Users\user\Downloads\eilink_ra_ds\eilink_ra_ds\data\raw_pdfs\15_9_F_15_2007_12_31.pdf,2007-12-31,09:00,0.0,moving,skid,ok,5,EQUIPMENT_FAILURE(+4)|REPAIR(+1),"Installed well head hatches. Terminated operation on F-15 Equipment Failure Information Start Depth Sub Equip -- Syst Class Operation Downtime Equipment Remark time mMD mTVD ((min)) Repaired 00:00 1218 pipe handling equ syst -- ele 0 00:00 Unable to open/close 5½"" elevators. Trouble shooted elevator. Rigged down 5½"" elevator. Changed out H vator ydraulic filter."
10222,15_9_F_15,C:\Users\user\Downloads\eilink_ra_ds\eilink_ra_ds\data\raw_pdfs\15_9_F_15_2007_11_22.pdf,2007-11-22,08:45,0.0,drilling,ca,ok,5,EQUIPMENT_FAILURE(+4)|REPAIR(+1),Broke out X/O and racked back the CART tool in derrick. Laid out the aluminium inner string. Terminated drilling operation due to manning up for dedicated work in processing module. sing Equipment Failure Information Start time Depth mMD Depth mTVD Sub Equip -- Syst Class Operation Downtime ((min)) Equipment Repaired Remark 00:00 90 miscellaneous equ syst -- other 0 00:00 Problem due to transferring of main breakers between Inspirer and production module.
10145,15_9_F_14,C:\Users\user\Downloads\eilink_ra_ds\eilink_ra_ds\data\raw_pdfs\15_9_F_14_2016_09_15.pdf,2016-09-15,23:15,0.0,plug abandon,other,ok,5,EQUIPMENT_FAILURE(+4)|REPAIR(+1),Installed hatches in moonpool on well F-14. Installed master bushing. Equipment Failure Information Start time Depth mMD Depth mTVD Sub Equip -- Syst Class Operation Downtime ((min)) Equipment Repaired Remark 00:00 0 service equ -- cementing unit 0 00:00 Spring from bow-centralizer on EZSV RT lost in well.
881,15_9_19,C:\Users\user\Downloads\eilink_ra_ds\eilink_ra_ds\data\raw_pdfs\15_9_19_BT2_1997_12_07.pdf,1997-12-07,17:00,3152.0,interruption,fish,fail,5,state:fail(+5),CIRC. BOTTOMS UP & BOOSTED RISER IN PREPARATION FOR TOH.
880,15_9_19,C:\Users\user\Downloads\eilink_ra_ds\eilink_ra_ds\data\raw_pdfs\15_9_19_BT2_1997_12_07.pdf,1997-12-07,06:00,3152.0,interruption,fish,fail,5,state:fail(+5),"DRILLED 8 1/2"" HOLE FROM 3042 - 3152 M. BOOSTING RISER EVERY 3 HOURS WHILE DRILLING."
879,15_9_19,C:\Users\user\Downloads\eilink_ra_ds\eilink_ra_ds\data\raw_pdfs\15_9_19_BT2_1997_12_07.pdf,1997-12-07,03:30,3042.0,interruption,fish,fail,5,state:fail(+5),DRILLED FROM 3021 - 3042 M.
878,15_9_19,C:\Users\user\Downloads\eilink_ra_ds\eilink_ra_ds\data\raw_pdfs\15_9_19_BT2_1997_12_07.pdf,1997-12-07,00:00,3021.0,interruption,fish,fail,5,state:fail(+5),"CIRCULATED UNTIL SHAKERS CLEANED-UP; BOOSTED RISER CONSTANTLY FOR 2,5 HOURS. CAVINGS RETURNING TO SURFACE TOWARDS LAST PART OF CIRCULATION."
877,15_9_19,C:\Users\user\Downloads\eilink_ra_ds\eilink_ra_ds\data\raw_pdfs\15_9_19_BT2_1997_12_06.pdf,1997-12-06,15:00,3021.0,interruption,fish,fail,5,state:fail(+5),"KICKED-OFF/SIDETRACKED 8 1/2"" HOLE - DRILLED FROM 2911 - 3021 M. BOOSTING RISER CLEAN EVERY 3 HOURS WHILE DRILLING ."
646,15_9_19,C:\Users\user\Downloads\eilink_ra_ds\eilink_ra_ds\data\raw_pdfs\15_9_19_A_1997_11_08.pdf,1997-11-08,01:30,0.0,plug,,fail,5,state:fail(+5),MODEFIED SPRING LOADED TOOL BY REMOVING LATCH LUGS AND GRIND OFF 4 MM. REDRESSED SAME. abandon -- cut
645,15_9_19,C:\Users\user\Downloads\eilink_ra_ds\eilink_ra_ds\data\raw_pdfs\15_9_19_A_1997_11_08.pdf,1997-11-08,00:00,0.0,plug,,fail,5,state:fail(+5),"RIH AND ATTEMPT TO ENGAGE SEAL ASSY, NO GO. POOH. abandon -- cut"
644,15_9_19,C:\Users\user\Downloads\eilink_ra_ds\eilink_ra_ds\data\raw_pdfs\15_9_19_A_1997_11_07.pdf,1997-11-07,22:00,0.0,plug abando,,fail,5,state:fail(+5),MADE UP RUBBER NOSE JET SUB AND RIH TO SEAL ASSY AND WASH WELLHEAD WITH 1500 L/MIN AND 103 BAR. POOH. n -- cut
643,15_9_19,C:\Users\user\Downloads\eilink_ra_ds\eilink_ra_ds\data\raw_pdfs\15_9_19_A_1997_11_07.pdf,1997-11-07,18:00,0.0,plug abando,,fail,5,state:fail(+5),"MADE UP FMC SPRING LOADED TOOL AND ATTEMPTED TO RETRIEVE SEAL ASSY WITH 15 TON DOWN WT AND 2700 DNM TORQUE. FLOW CHECKED AND PUMPED BT n -- cut M UP OVER CHOKE. POOH, DID NOT RETRIEVE SEAL ASSY. RIH AND ATTEMPT TO RETRIEVE SEAL ASSY WITHOUT SUCCESS."
622,15_9_19,C:\Users\user\Downloads\eilink_ra_ds\eilink_ra_ds\data\raw_pdfs\15_9_19_A_1997_11_06.pdf,1997-11-06,00:00,3818.0,plug abandon --,,fail,5,state:fail(+5),FINISHED RE-BUILDING CEMENT SPACER IN PREPARATION FOR SQUEEZE JOB. HELD PRE-JOB SAFETY MEETING ON RIG FLOOR WHILE SPACER WAS BEING WEIGH squeeze ED UP. CLOSED UPPER ANNULAR & PRESSURED UP ON ANNULUS TO 60 BAR IN PREPARATION FOR SQUEEZE JOB.
621,15_9_19,C:\Users\user\Downloads\eilink_ra_ds\eilink_ra_ds\data\raw_pdfs\15_9_19_A_1997_11_05.pdf,1997-11-05,19:00,3818.0,plug abandon,,fail,5,state:fail(+5),"WHILE TRANSFERRING CEMENT SPACER TO CEMENT UNIT, 3,5 M3 OF SPACER WAS ACCIDENTALLY TRANSFERRED TO ACTIVE SYSTEM. THE AMOUNT OF SPACER NE -- squeeze EDED FOR SQUEEZE JOB NOW NOT AVAILABLE. REBUILT THE SPACER. NOTE:CIRCULATED MUD AT 450 LPM - 130 BAR - WHILE REBUILDING THE SPACER CIRCULATED TOTAL OF 1,2 X BTMS UP."
571,15_9_19,C:\Users\user\Downloads\eilink_ra_ds\eilink_ra_ds\data\raw_pdfs\15_9_19_A_1997_10_27.pdf,1997-10-27,12:30,3758.0,interruption,repair,fail,5,state:fail(+5),ST WOULDN'T RE-LATCH DURING FUNCTION TEST. LD ST & PU BACK-UP ST.
916,15_9_19,C:\Users\user\Downloads\eilink_ra_ds\eilink_ra_ds\data\raw_pdfs\15_9_19_BT2_1997_12_11.pdf,1997-12-11,14:00,1528.0,drilling,casing,fail,5,state:fail(+5),"MU 8 1/2"" WIPER TRIP/STEERABLE BHA - TESTED MOTOR & MWD. TIH TO 1528M."
470,15_9_19,C:\Users\user\Downloads\eilink_ra_ds\eilink_ra_ds\data\raw_pdfs\15_9_19_A_1997_10_13.pdf,1997-10-13,02:00,0.0,interruption,o,fail,5,state:fail(+5),WORKED ON ATLAS LOGGING EQUIPMENT. ther
446,15_9_19,C:\Users\user\Downloads\eilink_ra_ds\eilink_ra_ds\data\raw_pdfs\15_9_19_A_1997_10_09.pdf,1997-10-09,12:30,0.0,interruption,,fail,5,state:fail(+5),INSTALLED WTS TOOLS BELOW SBT TO ALLOW FOR MORE WEIGHT. -- other
551,15_9_19,C:\Users\user\Downloads\eilink_ra_ds\eilink_ra_ds\data\raw_pdfs\15_9_19_A_1997_10_24.pdf,1997-10-24,12:30,3940.0,plug abandon,other,fail,5,state:fail(+5),CROWN-MOUNTED-COMPENSATOR WOULDN'T UNLOCK - CMC HYDRAULIC VALVE WAS STUCK IN CLOSED POSITION. TROUBLESHOOTED SYSTEM UNTIL VALVE WAS FREED & CMC UNLOCKED.
535,15_9_19,C:\Users\user\Downloads\eilink_ra_ds\eilink_ra_ds\data\raw_pdfs\15_9_19_A_1997_10_22.pdf,1997-10-22,03:30,3937.0,interruption,other,fail,5,state:fail(+5),RIG HEAVE LESS THAN 2M. DISCONNECTED WIRELINE LUBRICATOR AND CHANGED OUT BOTTOM HOLE SAMPLING TOOLS.
504,15_9_19,C:\Users\user\Downloads\eilink_ra_ds\eilink_ra_ds\data\raw_pdfs\15_9_19_A_1997_10_18.pdf,1997-10-18,00:00,0.0,interruption,other,fail,5,state:fail(+5),L/D MDT TOOL.
503,15_9_19,C:\Users\user\Downloads\eilink_ra_ds\eilink_ra_ds\data\raw_pdfs\15_9_19_A_1997_10_17.pdf,1997-10-17,19:30,0.0,interruption,other,fail,5,state:fail(+5),SLUGGED PIPE AND POOH WITH MDT TOOL.
501,15_9_19,C:\Users\user\Downloads\eilink_ra_ds\eilink_ra_ds\data\raw_pdfs\15_9_19_A_1997_10_17.pdf,1997-10-17,10:30,3360.0,interruption,other,fail,5,state:fail(+5),PUMPED SLUG AND POOH TO 3360M.
500,15_9_19,C:\Users\user\Downloads\eilink_ra_ds\eilink_ra_ds\data\raw_pdfs\15_9_19_A_1997_10_17.pdf,1997-10-17,09:00,3604.0,interruption,other,fail,5,state:fail(+5),PULLED LOCOMOTIVE TO SURFACE. CHECKED OUT CABLE - OK.
496,15_9_19,C:\Users\user\Downloads\eilink_ra_ds\eilink_ra_ds\data\raw_pdfs\15_9_19_A_1997_10_17.pdf,1997-10-17,03:30,3604.0,interruption,other,fail,5,state:fail(+5),"LAUNCHED LOCOMOTIVE INSIDE 3-1/2"" DP, INSTALLED SIDE-ENTRY SUB. RAN/PUMPED LOCOMOTIVE INSIDE DP ON ATLAS CABLE. LAT CHED SAME ONTO MDT TOOL ASSY."
495,15_9_19,C:\Users\user\Downloads\eilink_ra_ds\eilink_ra_ds\data\raw_pdfs\15_9_19_A_1997_10_17.pdf,1997-10-17,00:00,3604.0,interruption,other,fail,5,state:fail(+5),"CONT. RIH W/SCHLUMB. MDT TOOL ASSY. ON 3-/2"" DP FROM 1960 M TO 3604 M."
493,15_9_19,C:\Users\user\Downloads\eilink_ra_ds\eilink_ra_ds\data\raw_pdfs\15_9_19_A_1997_10_16.pdf,1997-10-16,18:00,0.0,interruption -,,fail,5,state:fail(+5),P/U AND M/U MODIFIED MDT TOOL ASSY.; REDUCED ASSY. W/ 3 MODULES. TESTED SIGNALS; OK. - other
492,15_9_19,C:\Users\user\Downloads\eilink_ra_ds\eilink_ra_ds\data\raw_pdfs\15_9_19_A_1997_10_16.pdf,1997-10-16,11:00,0.0,interruption -,,fail,5,state:fail(+5),POOH W/SCHLUMB. MDT TOOL ASSY. FROM 3600 M. L/D MDT ASSY. - other
491,15_9_19,C:\Users\user\Downloads\eilink_ra_ds\eilink_ra_ds\data\raw_pdfs\15_9_19_A_1997_10_16.pdf,1997-10-16,06:00,3600.0,interruption -,,fail,5,state:fail(+5),PUMPED LOCOMOTIVE DOWN DP ON ATLAS CABLE. LATCHED SAME ONTO MDT TOOL STRING. ATTEMPTED TO GET GOOD TEST SIGNALS FROM MDT; NEG. UNLATC - other HED / LATCHED LOCOMOTIVE. NO IMPROVMENT. POOH W/ ATLAS CABLE. CHECKED CABLE SIGNALS AT SURFACE; OK.
10412,15_9_F_15,C:\Users\user\Downloads\eilink_ra_ds\eilink_ra_ds\data\raw_pdfs\15_9_F_15_2008_09_20.pdf,2008-09-20,23:30,1368.0,drilling --,,ok,5,EQUIPMENT_FAILURE(+4)|REPAIR(+1),Displaced out LCM pill with seawater at 3600 lpm. circulatin g conditioni ng Equipment Failure Information Start time Depth mMD Depth mTVD Sub Equip -- Syst Class Operation Downtime ((min)) Equipment Repaired Remark 00:00 854 pipe handling equ syst -- vertical pipe handling equ syst 0 00:00 Problems with racking syste m
10388,15_9_F_15,C:\Users\user\Downloads\eilink_ra_ds\eilink_ra_ds\data\raw_pdfs\15_9_F_15_2008_09_11.pdf,2008-09-11,16:00,695.0,drilling,drill,ok,5,EQUIPMENT_FAILURE(+4)|REPAIR(+1),"Continued RIH with 17½"" drilling BHA on 5½"" DP from 127m to 695m. The top 5½"" DP jnt was bent when hit by TDS. Area was barried off. No droppe d object. ***Operations transferred to F-99*** Equipment Failure Information Start time Depth mMD Depth mTVD Sub Equip -- Syst Class Operation Downtime ((min)) Equipment Repaired Remark 00:00 127 pipe handling equ syst -- other 0 00:00 Functioned auto slips and found hydraulic leak. Repaired leak in auto slips ."
10387,15_9_F_15,C:\Users\user\Downloads\eilink_ra_ds\eilink_ra_ds\data\raw_pdfs\15_9_F_15_2008_09_11.pdf,2008-09-11,15:00,127.0,interruption,maintain,ok,5,EQUIPMENT_FAILURE(+4)|REPAIR(+1),Repaired hydraulic leak in auto slips.
10777,15_9_F_15,C:\Users\user\Downloads\eilink_ra_ds\eilink_ra_ds\data\raw_pdfs\15_9_F_15_2008_11_26.pdf,2008-11-26,23:15,3660.0,drilling,circulating co,ok,5,EQUIPMENT_FAILURE(+4)|REPAIR(+1),"2315-0000 nditioning Staged up pumps 1100 - 1300 lpm at RPM 30, for drilling parameters. Observed loss rate. LCM pill still coming over shakers. ECD at 1300 lpm: 1.38 sg EMW. Time Actual loss m³ Loss m³/hour 23,15-23,30 1,5 6 23,30-23,45 0,25 1 23,45-00,00 0,24 0,96 Equipment Failure Information Start time Depth mMD Depth mTVD Sub Equip -- Syst Class Operation Downtime ((min)) Equipment Repaired Remark 00:00 2534 miscellaneous equ syst -- other 0 00:00 Poor plan and excess time used on changing wash pipe."
10756,15_9_F_15,C:\Users\user\Downloads\eilink_ra_ds\eilink_ra_ds\data\raw_pdfs\15_9_F_15_2008_11_24.pdf,2008-11-24,23:30,3632.0,drilling,circulating con,ok,5,EQUIPMENT_FAILURE(+4)|REPAIR(+1),"Started to establish loss free pump rate. ditioning Equipment Failure Information Start Depth Sub Equip -- Syst Operation Equipment Remark time mMD mTVD Class Downtime ((min)) Repaired 00:00 0 pipe handling equ syst - 0 00:00 BX elevator not operating probably. Changed out BX elevators due to latching problem, back up set will not work, install original - elevator elevators & investigated problem with latch."
10648,15_9_F_15,C:\Users\user\Downloads\eilink_ra_ds\eilink_ra_ds\data\raw_pdfs\15_9_F_15_2008_11_14.pdf,2008-11-14,23:45,2440.0,formation evaluation,,ok,5,EQUIPMENT_FAILURE(+4)|REPAIR(+1),"Took FIT equivalent to 1.60 SG, using 1.35 SG OBM. Pumped 70 lpm and applied 60 bars to the string and annulus. Shut down the pump. -- rft/fit Equipment Failure Information Start time Depth mMD Depth mTVD Sub Equip -- Syst Class Operation Downtime ((min)) Equipment Repaired Remark 00:00 581 pipe handling equ syst -- elevator 0 00:00 BX-elevator not able to close properly due to slack spring in closing mechanisme."
10613,15_9_F_15,C:\Users\user\Downloads\eilink_ra_ds\eilink_ra_ds\data\raw_pdfs\15_9_F_15_2008_11_12.pdf,2008-11-12,06:00,0.0,interruption --,,ok,5,EQUIPMENT_FAILURE(+4)|WAIT(+1),WOW for derrick inspection. waiting on weat her Meanwhile changed out bumper bar on aft PRS using parts from fwd PRS. Fixed broken electrical connection on aft PRS. Removed scaffolding from rig floor. Injected slop into F-14. Performed remaining pressure test on kill and choke manifolds. Modified hooks for lifting bridle. Changed o-rings on leaking coomey unit. Installed flush joint elevator on PRS and fun ction tested same.
10552,15_9_F_15,C:\Users\user\Downloads\eilink_ra_ds\eilink_ra_ds\data\raw_pdfs\15_9_F_15_2008_10_02.pdf,2008-10-02,00:00,1774.0,drilling,casi,ok,5,text:emergency(+5),Cleared drillfloor and cantilever off personnel and barried off exposed area if PRS was to fall further. Re-started TDS after emergency stop had been activated. ng
10486,15_9_F_15,C:\Users\user\Downloads\eilink_ra_ds\eilink_ra_ds\data\raw_pdfs\15_9_F_15_2008_09_24.pdf,2008-09-24,18:00,0.0,interruption,other,ok,5,EQUIPMENT_FAILURE(+4)|REPAIR(+1),Repaired hydraulic leak on Iron Roughneck
10447,15_9_F_15,C:\Users\user\Downloads\eilink_ra_ds\eilink_ra_ds\data\raw_pdfs\15_9_F_15_2008_09_22.pdf,2008-09-22,05:15,1117.0,drilling,drill,ok,5,text:overpull(+3)|text:swabbing(+2),"POOH with 17 1/2"" BHA on 5 1/2"" DP from 1257 m to 1117 m MD. No swabbing or excessive overpull observed."
10441,15_9_F_15,C:\Users\user\Downloads\eilink_ra_ds\eilink_ra_ds\data\raw_pdfs\15_9_F_15_2008_09_21.pdf,2008-09-21,22:30,1297.0,drilling --,,ok,5,EQUIPMENT_FAILURE(+4)|REPAIR(+1),"Broke circulation and stepped up rate to 2500 lpm / SPP 82 bar. Observed sudden drop in pump pressure of 8 bar after pumping for 10 mins. Increased pump rate to 3500 lpm / SPP 131 ba circulating r. Observed steady flow of LCM, clays and rubber over shakers. Also found a few small chunks of cement. Meanwhile troubleshot ZMS / VICIS / control system. conditioni ng Equipment Failure Information Start time Depth mMD Depth mTVD Sub Equip -- Syst Class Operation Downtime ((min)) Equipment Repaired Remark 00:00 1355 drill floor -- drilling control 0 00:00 Black out on VICIS system. Problems with drilling controls ."
490,15_9_19,C:\Users\user\Downloads\eilink_ra_ds\eilink_ra_ds\data\raw_pdfs\15_9_19_A_1997_10_16.pdf,1997-10-16,05:00,3600.0,interruption -,,fail,5,state:fail(+5),"LAUNCHED LOCOMOTIVE INTO DP, INSTALLED SIDE-ENTRY SUB. RAN/PUMPED LOCOMOTIVE INSIDE 3-/2"" DP ON ATLAS CABLE. - other"
489,15_9_19,C:\Users\user\Downloads\eilink_ra_ds\eilink_ra_ds\data\raw_pdfs\15_9_19_A_1997_10_16.pdf,1997-10-16,00:00,3600.0,interruption -,,fail,5,state:fail(+5),"CONT. RIH W/SCHLUMB. MDT TOOL ASSY. ON 3-1/2"" DP FROM 1800 M TO 3600 M. - other"
488,15_9_19,C:\Users\user\Downloads\eilink_ra_ds\eilink_ra_ds\data\raw_pdfs\15_9_19_A_1997_10_15.pdf,1997-10-15,21:30,1800.0,interruption -,,fail,5,state:fail(+5),"CONT. RIH W/SCHLUMB. MDT TOOL ASSY. ON 3-1/2"" DP FROM 860 M TO 1800 M. - other"
485,15_9_19,C:\Users\user\Downloads\eilink_ra_ds\eilink_ra_ds\data\raw_pdfs\15_9_19_A_1997_10_15.pdf,1997-10-15,14:00,0.0,interruption -,,fail,5,state:fail(+5),WORKED TO LOCATE PROBLEM IN SCHLUMB. MDT TOOL ASSY. LOCATED FAULT IN FLUID ANALYZER. CHANGED OUT SAME. TESTED OUT TOOL STRING. - other
484,15_9_19,C:\Users\user\Downloads\eilink_ra_ds\eilink_ra_ds\data\raw_pdfs\15_9_19_A_1997_10_15.pdf,1997-10-15,07:30,0.0,interruption -,,fail,5,state:fail(+5),POOH W/ SCHLUMB. MDT TOOL ASSY. FROM 3602 M. - other
483,15_9_19,C:\Users\user\Downloads\eilink_ra_ds\eilink_ra_ds\data\raw_pdfs\15_9_19_A_1997_10_15.pdf,1997-10-15,06:00,0.0,interruption -,,fail,5,state:fail(+5),POOH W/ ATLAS CABLE. CHECKED SINGNALS AT SURFACE; CABLE OK. - other
472,15_9_19,C:\Users\user\Downloads\eilink_ra_ds\eilink_ra_ds\data\raw_pdfs\15_9_19_A_1997_10_13.pdf,1997-10-13,06:00,3963.0,interruption,o,fail,5,state:fail(+5),"RIH W/ ATLAS PERF. GUN ASSY. NOT ABLE TO PASS 3505 M. POOH. ADDED WEIGHTS. RIH. FIRED LEVEL 5 AND 6 INSIDE 7"" CSG. SKIPPED LEVEL 7, DUE TO NO ther T ABLE TO CORRELATE. POOH. OOH 2145 HRS. R/D LOGGING TOOLS."
471,15_9_19,C:\Users\user\Downloads\eilink_ra_ds\eilink_ra_ds\data\raw_pdfs\15_9_19_A_1997_10_13.pdf,1997-10-13,04:30,0.0,interruption,o,fail,5,state:fail(+5),M/U AND RIH W/ ATLAS PERFORATING GUN. IH: 0450 HRS. ther
11021,15_9_F_15,C:\Users\user\Downloads\eilink_ra_ds\eilink_ra_ds\data\raw_pdfs\15_9_F_15_2008_12_08.pdf,2008-12-08,21:00,707.0,plug aba,,ok,5,EQUIPMENT_FAILURE(+4)|REPAIR(+1),"POOH with 9 5/8"" 53,5# C95 casing from 1121 m to 707 m MD. Breakout torque in 30 000 ft lbs range. Pulling speed 11 jts/hr. ndon -- c ut Equipment Failure Information Start time Depth mMD Depth mTVD Sub Equip -- Syst Class Operation Downtime ((min)) Equipment Repaired Remark 00:00 1121 pipe handling equ syst -- other 0 00:00 Got problems with hydraulic system and tailing arm 00:00 1420 pipe handling equ syst -- vertical pipe handling equ syst 0 00:00 Problems with PRS flush joint elevator."
15,15_9_19,C:\Users\user\Downloads\eilink_ra_ds\eilink_ra_ds\data\raw_pdfs\15_9_19_A_1997_07_27.pdf,1997-07-27,10:00,800.0,interruption,,fail,5,state:fail(+5),ATTEMPTED TO PERFORM WEEKLY BOP FUNCTION TEST USING YELLOW POD. NO FUNCTION OF EITHER ANNULAR POSSIBLE. -- maintain
17,15_9_19,C:\Users\user\Downloads\eilink_ra_ds\eilink_ra_ds\data\raw_pdfs\15_9_19_A_1997_07_27.pdf,1997-07-27,13:00,2193.0,interruption,,fail,5,state:fail(+5),FOUND CRIMPED PILOT LINE IN POD HOSE. CHANGED PILOT LINE FOR ANNULARS' REGULATOR. RERAN YELLOW POD & LATCHED-UP. -- maintain
20,15_9_19,C:\Users\user\Downloads\eilink_ra_ds\eilink_ra_ds\data\raw_pdfs\15_9_19_A_1997_07_27.pdf,1997-07-27,18:30,2202.0,drilling,dril,fail,5,state:fail(+5),"ATTEMPTED SEVERAL TIMES TO PASS THROUGH WINDOW - UNABLE TO GO BELOW 2202 M - TOP OF WINDOW IN 9 5/8"" CASING. l"
10992,15_9_F_15,C:\Users\user\Downloads\eilink_ra_ds\eilink_ra_ds\data\raw_pdfs\15_9_F_15_2008_12_07.pdf,2008-12-07,22:00,1250.0,plug abandon,c,ok,5,EQUIPMENT_FAILURE(+4)|REPAIR(+1),"RIH with 9 5/8"" casing cutter on 5 1/2 DP from surface to 1250 m MD. Filled pipe with 1,44 OBM every 500 m. Tripping speed 625 m/hrs. ut Equipment Failure Information Start time Depth mMD Depth mTVD Sub Equip -- Syst Class Operation Downtime ((min)) Equipment Repaired Remark 00:00 112 pipe handling equ syst -- vertical pipe handling equ syst 0 00:00 Had to change dies in PRS gripper head due to slippage. 00:00 0 pipe handling equ syst -- vertical pipe handling equ syst 0 00:00 Repaired hydraulic leakage"
10987,15_9_F_15,C:\Users\user\Downloads\eilink_ra_ds\eilink_ra_ds\data\raw_pdfs\15_9_F_15_2008_12_07.pdf,2008-12-07,17:45,0.0,interruption,oth,ok,5,EQUIPMENT_FAILURE(+4)|REPAIR(+1),Repaired hydraulic leakage on PRS hose fitting. er
10911,15_9_F_15,C:\Users\user\Downloads\eilink_ra_ds\eilink_ra_ds\data\raw_pdfs\15_9_F_15_2008_12_04.pdf,2008-12-04,22:45,2631.0,plug abandon,circulating condit,ok,5,EQUIPMENT_FAILURE(+4)|REPAIR(+1),Mixed and prepared 6m³ 1.34 SG WBM Hi-vis pill. ioning Equipment Failure Information Start time Depth mMD Depth mTVD Sub Equip -- Syst Class Operation Downtime ((min)) Equipment Repaired Remark 00:00 125 pipe handling equ syst -- elevator 0 00:00 Hold tool box talk and racked back/laid out BHA. Problem with BX elevator. Bit Record Run Bit IADC Manufacturer Hrs Start End Hole Made ((last Hours Drilled ((last Form Total Hole Total Hrs No.. Size Type Code Drilled mMD 2244HH)) 2244HH)) ROP Made Drilled 9 8.25 in N.A. Unknown
10898,15_9_F_15,C:\Users\user\Downloads\eilink_ra_ds\eilink_ra_ds\data\raw_pdfs\15_9_F_15_2008_12_04.pdf,2008-12-04,09:30,125.0,interruption,maintain,ok,5,EQUIPMENT_FAILURE(+4)|REPAIR(+1),Investigated leak on BX elevators and repaired same.
10883,15_9_F_15,C:\Users\user\Downloads\eilink_ra_ds\eilink_ra_ds\data\raw_pdfs\15_9_F_15_2008_12_03.pdf,2008-12-03,22:00,2621.0,plug abandon,circul,ok,5,EQUIPMENT_FAILURE(+4)|REPAIR(+1),"Circulated hole with 2500 lpm 80 rpm and reciprocated the string. Size of the cutting in return: Cement Ø1"" and formation chips 2"" x ½"" x 1/8"". Circulated 3 bottoms up. After ating conditioning 2nd bottoms up 90 % formations cuttings back. No gain/losses during clean out. Decided to pump out to 9 5/8"" casing shoe. Equipment Failure Information Start time Depth mMD Depth mTVD Sub Equip -- Syst Class Operation Downtime ((min)) Equipment Repaired Remark 00:00 241 miscellaneous equ syst -- other 0 00:00 Mærsk synergi # 330445 - 3,5"" DP coming off end of hydraulic rollers. Mærsk gradering green 3 3,5"" DP coming off end of hydraulic rollers. Unable to stop rollers by various means."
10867,15_9_F_15,C:\Users\user\Downloads\eilink_ra_ds\eilink_ra_ds\data\raw_pdfs\15_9_F_15_2008_12_02.pdf,2008-12-02,22:30,241.0,interruption,maintai,ok,5,EQUIPMENT_FAILURE(+4)|REPAIR(+1),Maintenance team investigated the causes. n Equipment Failure Information Start Depth Sub Equip -- Syst Operation Downtime Equipment Remark time mMD mTVD Class ((min)) Repaired 00:00 4086 hoisting equ -- top drive 0 00:00 Attempted to pressure test line from cmt unit to standpipe on rig floor. No go due to minor cmt pump issue and w ash pipe failure.
276,15_9_19,C:\Users\user\Downloads\eilink_ra_ds\eilink_ra_ds\data\raw_pdfs\15_9_19_A_1997_08_26.pdf,1997-08-26,21:30,0.0,interruption,rep,fail,5,state:fail(+5),AWS THREADED WIRELINE THROUGH SIDE ENTRY SUB AND RE-HEADED WIRE. air
259,15_9_19,C:\Users\user\Downloads\eilink_ra_ds\eilink_ra_ds\data\raw_pdfs\15_9_19_A_1997_08_23.pdf,1997-08-23,06:00,0.0,interruption,ot,fail,5,state:fail(+5),FINISHED LOGGING RUN #1: HDIL-MAC-DGR-CHT. R/D LOGGING TOOLS. her
258,15_9_19,C:\Users\user\Downloads\eilink_ra_ds\eilink_ra_ds\data\raw_pdfs\15_9_19_A_1997_08_23.pdf,1997-08-23,00:00,0.0,interruption,ot,fail,5,state:fail(+5),FINISHED R/U ATLAS. RIH WITH FIRST LOG RUN: HDIL-MAC-DGR-CHT. LOGGING TOOL STOOD UP AT 2755M. ATTEMPTED TO WORK PAST W/O SUCCESS - TOOL S her TOOD UP AT SAME PLACE AND PICKED UP CLEANLY EACH TIME. LOGGED OUT FROM 2755M.
246,15_9_19,C:\Users\user\Downloads\eilink_ra_ds\eilink_ra_ds\data\raw_pdfs\15_9_19_A_1997_08_21.pdf,1997-08-21,00:00,0.0,interruption,repair,fail,5,state:fail(+5),CONTINUED TO ASSEMBLE AND ADJUST LEVER FOR UIBOP ACTUATOR.
245,15_9_19,C:\Users\user\Downloads\eilink_ra_ds\eilink_ra_ds\data\raw_pdfs\15_9_19_A_1997_08_20.pdf,1997-08-20,18:00,0.0,interruption,repair,fail,5,state:fail(+5),"CHANGED OUT UIBOP ON TDS. RENEWED SAVER SUB AND NEW PIPEHANDLER HANGER UIBOP ACTUATOR, CRANK LEVER, ACTUATOR ROLLERS."
242,15_9_19,C:\Users\user\Downloads\eilink_ra_ds\eilink_ra_ds\data\raw_pdfs\15_9_19_A_1997_08_20.pdf,1997-08-20,14:00,107.0,drilling,bop/wellhead,fail,5,state:fail(+5),"ATTEMPTED TO TEST UIBOP, VALVE LEAKED. RIGGED DOWN TEST LINE. equipment"
3039,15_9_F_10,C:\Users\user\Downloads\eilink_ra_ds\eilink_ra_ds\data\raw_pdfs\15_9_F_10_2009_04_20.pdf,2009-04-20,22:00,0.0,drilling,bop/w,ok,5,EQUIPMENT_FAILURE(+4)|REPAIR(+1),"Installed centralizers, plastic and brass bushings in Centralizer deck. Meanwhile released BOP NT-2 connector from stump. ellhead equipm ent Equipment Failure Information Start time Depth mMD Depth mTVD Sub Equip -- Syst Class Operation Downtime ((min)) Equipment Repaired Remark 00:00 497 pipe handling equ syst -- elevator 0 00:00 Loose link tilt clamps, needed tightening."
3566,15_9_F_10,C:\Users\user\Downloads\eilink_ra_ds\eilink_ra_ds\data\raw_pdfs\15_9_F_10_2009_05_27.pdf,2009-05-27,19:00,4523.0,drilling --,,ok,5,EQUIPMENT_FAILURE(+4)|REPAIR(+1),"Got problems with DCI system not processing cuttings properly. Picked off bottom and shut down pumps. Discussed situation and decided to continue drilling routing cuttings to skips. Route drill d cuttings to skips on deck. Continued drilling 8 1/2"" hole section from 4482 m to 4523 m MD with reduced penetration rate. Drilling parameters : Flow 2800 lpm / SPP 255-260 bar / 200 RP M / WOB ~7 MT / Torque 18-22 kNm / ROP 10 m/hrs. Performed MWD survey on connection. Meanwhile changed impellers on DCI pumps. Equipment Failure Information Start Depth Sub Equip -- Syst Operation Downtime Equipment Remark time mMD mTVD Class ((min)) Repaired 00:00 3863 hoisting equ -- top drive 0 00:00 Temporary fix on air blower hose on TDS. The hose was buckled which may cause unsufficient cooling on T DS motors."
3559,15_9_F_10,C:\Users\user\Downloads\eilink_ra_ds\eilink_ra_ds\data\raw_pdfs\15_9_F_10_2009_05_26.pdf,2009-05-26,23:15,4168.0,drilling --,,ok,5,EQUIPMENT_FAILURE(+4)|REPAIR(+1),"As recommended by support centre, sent 3 consecutive downlinks to Powerdrive : 1.Reset / 2.Hold / 3.60% right. drill Equipment Failure Information Start time Depth mMD Depth mTVD Sub Equip -- Syst Class Operation Downtime ((min)) Equipment Repaired Remark 00:00 2369 drill floor -- draw works 0 00:00 Hard trip on drawwork."
3530,15_9_F_10,C:\Users\user\Downloads\eilink_ra_ds\eilink_ra_ds\data\raw_pdfs\15_9_F_10_2009_05_24.pdf,2009-05-24,23:00,8.0,drilling,trip,ok,5,EQUIPMENT_FAILURE(+4)|REPAIR(+1),"Held toolbox talk for using manual tongs. Picked up back-up 8 1/2"" Powerdrive exceed. Installed bit and bit breaker in RT. Made up 8 1/2"" bit to Powerdrive exceed using manual tongs. Picked up and made up Telescope/MWD. Equipment Failure Information Start Depth Sub Equip -- Syst Class Operation Equipment Remark time mMD mTVD Downtime ((min)) Repaired 00:00 3422 pipe handling equ syst -- drill floor 0 00:00 An oil leakage was observed on the aft IR (iron roughneck) during drilling. The operation was halted and the leakage was r tube handl syst epaired by the hydraulic mechanic. Downtime 0,75 hrs. Bit Record Run Bit Type IADC Manufacturer Hrs Start End Hole Made ((last Hours Drilled ((last Form Total Hole Total Hrs No.. Size Code Drilled mMD 2244HH)) 2244HH)) ROP Made Drilled 9 8.5 in RSR716D-C M422 Reed-Hycalog 75.7 3442 3442 3.3 3.3 253.5 75.7 8"
3521,15_9_F_10,C:\Users\user\Downloads\eilink_ra_ds\eilink_ra_ds\data\raw_pdfs\15_9_F_10_2009_05_24.pdf,2009-05-24,13:45,3422.0,interruption --,,ok,5,EQUIPMENT_FAILURE(+4)|REPAIR(+1),Repaired hydraulic leak on aft IR. other
3510,15_9_F_10,C:\Users\user\Downloads\eilink_ra_ds\eilink_ra_ds\data\raw_pdfs\15_9_F_10_2009_05_21.pdf,2009-05-21,19:30,3522.0,drilling,drill,ok,5,EQUIPMENT_FAILURE(+4)|REPAIR(+1),"Drilled 8 1/2"" hole from 3506 m to 3522 m. Parameters: 2366 lpm/ 186-190 bar, 140 RPM/ 14-17 kNm, WOB: 5-6 ton. ROP: 4-6 m/hr. ECD: 1,371 sg. Varied drilling parameters to optimise ROP. At 3510 m lost the PNG funtionality from Ecoscope tool. Equipment Failure Information Start time Depth mMD Depth mTVD Sub Equip -- Syst Class Operation Downtime ((min)) Equipment Repaired Remark 00:00 84 service equ -- special service equ 0 00:00 Powerdrive"
3449,15_9_F_10,C:\Users\user\Downloads\eilink_ra_ds\eilink_ra_ds\data\raw_pdfs\15_9_F_10_2009_05_18.pdf,2009-05-18,02:00,0.0,drilling,casin,ok,5,EQUIPMENT_FAILURE(+4)|WAIT(+1),Continued WOC for testing of liner. Meanwhile changed washpipe and saversub on TDS. Leak tested washpipe to 200 bar. g
3410,15_9_F_10,C:\Users\user\Downloads\eilink_ra_ds\eilink_ra_ds\data\raw_pdfs\15_9_F_10_2009_05_16.pdf,2009-05-16,08:45,2595.0,interruption --,,ok,5,EQUIPMENT_FAILURE(+4)|REPAIR(+1),Repaired hydraulic leak on aft iron roughneck. Meanwhile continued circulated with 1500 lpm/ 31 bar. Total pumped in shoe: 88 m3. other
3401,15_9_F_10,C:\Users\user\Downloads\eilink_ra_ds\eilink_ra_ds\data\raw_pdfs\15_9_F_10_2009_05_15.pdf,2009-05-15,23:00,923.0,drilling,casing,ok,5,EQUIPMENT_FAILURE(+4)|REPAIR(+1),"P/U 9 5/8"" hanger assy. Run MX ball seat assy into 9 5/8"" liner. Land off on C plate. M/U MX assy to running tool. Equipment Failure Information Start time Depth mMD Depth mTVD Sub Equip -- Syst Class Operation Downtime ((min)) Equipment Repaired Remark 00:00 178 miscellaneous equ syst -- other 0 00:00 Stuck Drill collar in fingerboard. 00:00 3437 mud and bulk syst -- mud supply 0 00:00 Troubleshot on mudpumps #1 and 2. Repaird liner spray. 1,5 hour operational downtime. Bit Record Run Bit IADC Manufacturer Hrs Start End Hole Made ((last Hours Drilled ((last Form Total Hole Total Hrs No.. Size Type Code Drilled mMD 2244HH)) 2244HH)) ROP Made Drilled 7 12.25 in RSX819S S422 HYCALOG 18.7 3319 3319 6.6 6.6 123 18.7"
3360,15_9_F_10,C:\Users\user\Downloads\eilink_ra_ds\eilink_ra_ds\data\raw_pdfs\15_9_F_10_2009_05_12.pdf,2009-05-12,16:30,2995.0,drilling,rea,ok,5,EQUIPMENT_FAILURE(+4)|REPAIR(+1),"Washed and reamed in hole from 2900 m to 2995 m. Parameters: 3500 lpm/ 224 bar. 30-60 RPM/ 20-25 kNm. Max torque 40 kNm. Staged pumps up slowly after each connection. Had m several areas through claystone stringers with packing off tendency. Max standpipe pressure observed 230 bar. Claystone stringer from 2932 m to 2936 m, 2971 m to 2973 m. Equipment Failure Information Start time Depth mMD Depth mTVD Sub Equip -- Syst Class Operation Downtime ((min)) Equipment Repaired Remark 00:00 192 drill floor -- draw works 0 00:00 Changed encoder on DW motor #2 Bit Record Run Bit IADC Manufacturer Hrs Start End Hole Made ((last Hours Drilled ((last Form Total Hole Total Hrs No.. Size Type Code Drilled mMD 2244HH)) 2244HH)) ROP Made Drilled 6 12.25 in MDI716 M323 Smith Internation 49.2 2825 2825 10 10 494 49.2 al"
3325,15_9_F_10,C:\Users\user\Downloads\eilink_ra_ds\eilink_ra_ds\data\raw_pdfs\15_9_F_10_2009_05_09.pdf,2009-05-09,06:00,3212.0,drilling,drill,ok,5,EQUIPMENT_FAILURE(+4)|REPAIR(+1),"Drilled 12 1/4"" hole from 2902 to 3212 m; 3500 lpm, 225 - 230 bar, WOB 5 - 8 tons, 170 rpm, 18 - 25 kNm, ECD 1.34 - 1.36 sg. ROP 20-40 m/hr Note: Hard stringers from 3013 m to 3022 m, 3153 m to 3156 m. Used different RPM and WOB parameters while drilling stringers. ROP in stringers: 2-5 m/hrs Equipment Failure Information Start Depth Sub Equip -- Operation Equipment Remark time mMD mTVD Syst Class Downtime Repaired ((min)) 00:00 2825 service equ -- spe 0 00:00 Schlumberger Xceed tool failed while drilling 12 1/4"" hole. The tool was set in a HIA mode (Hold Inc, Az.) from 2626 - 2773 m. Suspicions were arouse cial service equ d when a slight build tendency was seen and the Xceed did not counteract. The Xceed was then set into a 10% 00:00 2758 drill floor -- drilling 0 00:00 Shut down on mudpumps. Troubleshot on mudpump. 1/2 hour operational downtime. control 00:00 2595 drill floor -- draw w 0 00:00 Troubleshoot on draw-work motor # 4. orks"
3233,15_9_F_10,C:\Users\user\Downloads\eilink_ra_ds\eilink_ra_ds\data\raw_pdfs\15_9_F_10_2009_05_03.pdf,2009-05-03,23:15,2357.0,drilling,casin,ok,5,EQUIPMENT_FAILURE(+4)|REPAIR(+1),"Broke circulation and gradually increased pump rate. Washed 13 3/8"" casing down from 2354 - 2357 m; 2500 lpm, 23 bar. g Equipment Failure Information Start time Depth mMD Depth mTVD Sub Equip -- Syst Class Operation Downtime ((min)) Equipment Repaired Remark 00:00 2385 mud and bulk syst -- mud supply 0 00:00 Wash out in mud pump piston and lost suctoin. 00:00 1382 pipe handling equ syst -- vertical pipe handling equ syst 0 00:00 Fikk ikke operert øvre / nedre arm på fremre PRS"
11136,15_9_F_15,C:\Users\user\Downloads\eilink_ra_ds\eilink_ra_ds\data\raw_pdfs\15_9_F_15_A_2008_12_18.pdf,2008-12-18,22:45,1035.0,drilling,casi,ok,5,EQUIPMENT_FAILURE(+4)|REPAIR(+1),Halted operations due to incident on pipedeck. A wooden beam came flying over the HTS and landed accross the gangway on the oposite side of the HTS (i.e. starboard side). Took ng time out for investigation and debrief / safety brief. Equipment Failure Information Start time Depth mMD Depth mTVD Sub Equip -- Syst Class Operation Downtime ((min)) Equipment Repaired Remark 00:00 2447 pipe handling equ syst -- vertical pipe handling equ syst 0 00:00 Repaired leakage on hose bundle in top of PRS. 00:00 0 miscellaneous equ syst -- other 0 00:00 Not able to function FMS after hook-up.
11089,15_9_F_15,C:\Users\user\Downloads\eilink_ra_ds\eilink_ra_ds\data\raw_pdfs\15_9_F_15_A_2008_12_16.pdf,2008-12-16,00:00,2447.0,drilling,drill,ok,5,EQUIPMENT_FAILURE(+4)|REPAIR(+1),"Drilled and oriented 17 1/2"" hole from 2401 m to 2447 m MD. Drilling parameters : 4000-4500 lpm / SPP 222-276 bar / 7-9 MT WOB / 125-140 RPM / torque 18-22 kNm / ECD 1,45-1,46. Controlled ROP to 20 m/hrs due to cuttings handling. Performed MWD survey on connections. Downlinked powerdrive according to DD instructions. Prepared manriding operation for inspecting and repairing hydraulic leak on PRS."
11088,15_9_F_15,C:\Users\user\Downloads\eilink_ra_ds\eilink_ra_ds\data\raw_pdfs\15_9_F_15_A_2008_12_15.pdf,2008-12-15,18:15,2401.0,drilling --,,ok,5,EQUIPMENT_FAILURE(+4)|REPAIR(+1),"Drilled and oriented 17 1/2"" hole from 2318 m to 2401 m MD. Drilling parameters : 4500 lpm / SPP 275 bar / 5-7 MT WOB / 125 RPM / torque 16-20 kNm / ECD 1,45-1,46. Controlled ROP to drill 20 m/hrs due to cuttings handling. Performed MWD survey on connections. Downlinked powerdrive according to DD instructions. Equipment Failure Information Start time Depth mMD Depth mTVD Sub Equip -- Syst Class Operation Downtime ((min)) Equipment Repaired Remark 00:00 2084 pipe handling equ syst -- vertical pipe handling equ syst 0 00:00 Retracted PRS arm with unsufficient/wron grip."
11082,15_9_F_15,C:\Users\user\Downloads\eilink_ra_ds\eilink_ra_ds\data\raw_pdfs\15_9_F_15_A_2008_12_14.pdf,2008-12-14,11:15,2047.0,drilling,drill,ok,5,EQUIPMENT_FAILURE(+4)|REPAIR(+1),"Drilled and oriented 17 1/2"" hole from 1841 m to 2047 m MD. Drilling parameters : 4500 lpm / SPP 252-258 bar / 2-6 MT WOB / 140 RPM / torque 11-14 kNm / ECD 1,44-1,46. Contr olled ROP to 20-22 m/hrs due to cuttings handling. Performed MWD survey on connections. Downlinked powerdrive according to DD instructions. Equipment Failure Information Start time Depth mMD Depth mTVD Sub Equip -- Syst Class Operation Downtime ((min)) Equipment Repaired Remark 00:00 1801 pipe handling equ syst -- vertical pipe handling equ syst 0 00:00 Problems with spooling for PRS."
